time,true_position,true_velocity,S1,S2,S3,fault_S1,fault_S2,fault_S3,truebias_S1,truevar_S1,clean_S1,truebias_S2,truevar_S2,clean_S2,truebias_S3,truevar_S3,clean_S3
0,-0.01564338573,0.9621510561,0.1899078575,0.03870293893,0.07019501944,0,0,0,0,0.01,-0.01564338573,0,0.0225,-0.01564338573,0,0.04,-0.01564338573
0.01,-0.006093009945,0.9541283651,-0.1775270871,0.03966666521,0.2543266555,0,0,0,0,0.01,-0.006093009945,0,0.0225,-0.006093009945,0,0.04,-0.006093009945
0.02,0.003293016969,0.9371907459,0.1113240705,-0.1208245019,-0.09173728541,0,0,0,0,0.01,0.003293016969,0,0.0225,0.003293016969,0,0.04,0.003293016969
0.03,0.01278527829,0.9704677995,-0.1380547931,-0.1857004378,-0.09415751506,0,0,0,0,0.01,0.01278527829,0,0.0225,0.01278527829,0,0.04,0.01278527829
0.04,0.02262253113,0.9809244397,-0.02981392132,-0.02224391745,0.3407122807,0,0,0,0,0.01,0.02262253113,0,0.0225,0.02262253113,0,0.04,0.02262253113
0.05,0.03233384399,0.9636510709,0.03710714491,0.1999441773,-0.01985788176,0,0,0,0,0.01,0.03233384399,0,0.0225,0.03233384399,0,0.04,0.03233384399
0.06,0.0419078956,0.9652974632,0.07764488293,0.2963845974,0.1746452131,0,0,0,0,0.01,0.0419078956,0,0.0225,0.0419078956,0,0.04,0.0419078956
0.07,0.0515246273,0.9607719046,-0.08479341876,0.07193001499,-0.3532904541,0,0,0,0,0.01,0.0515246273,0,0.0225,0.0515246273,0,0.04,0.0515246273
0.08,0.0611574632,0.960161454,0.03094495812,0.3503218896,-0.05273078016,0,0,0,0,0.01,0.0611574632,0,0.0225,0.0611574632,0,0.04,0.0611574632
0.09,0.07058609655,0.9454337342,0.1705691767,-0.04370314366,-0.08360696539,0,0,0,0,0.01,0.07058609655,0,0.0225,0.07058609655,0,0.04,0.07058609655
0.1,0.08007265054,0.9599810688,0.05488344364,0.2013868452,0.1174635469,0,0,0,0,0.01,0.08007265054,0,0.0225,0.08007265054,0,0.04,0.08007265054
0.11,0.08955913727,0.9474862811,0.04713827345,-0.1066392599,0.03832483042,0,0,0,0,0.01,0.08955913727,0,0.0225,0.08955913727,0,0.04,0.08955913727
0.12,0.09908709684,0.9622333228,0.04958413894,0.1576710954,0.1488224073,0,0,0,0,0.01,0.09908709684,0,0.0225,0.09908709684,0,0.04,0.09908709684
0.13,0.1087357782,0.968514689,0.1416295123,0.1945803398,-0.0960800738,0,0,0,0,0.01,0.1087357782,0,0.0225,0.1087357782,0,0.04,0.1087357782
0.14,0.1184007901,0.9708850804,0.2554369448,0.1470612281,0.100674315,0,0,0,0,0.01,0.1184007901,0,0.0225,0.1184007901,0,0.04,0.1184007901
0.15,0.1284716062,1.021256389,0.05671211247,0.1893451798,0.2239770164,0,0,0,0,0.01,0.1284716062,0,0.0225,0.1284716062,0,0.04,0.1284716062
0.16,0.1387469007,1.035618075,0.2139514198,0.04774731415,0.2682425851,0,0,0,0,0.01,0.1387469007,0,0.0225,0.1387469007,0,0.04,0.1387469007
0.17,0.1491611598,1.053515379,-0.0551609018,0.1927954968,0.2586901588,0,0,0,0,0.01,0.1491611598,0,0.0225,0.1491611598,0,0.04,0.1491611598
0.18,0.1596744149,1.057315242,0.2570173694,0.09895046688,-0.10660532,0,0,0,0,0.01,0.1596744149,0,0.0225,0.1596744149,0,0.04,0.1596744149
0.19,0.1702842736,1.039577946,0.08019040017,-0.08368752606,0.08141063496,0,0,0,0,0.01,0.1702842736,0,0.0225,0.1702842736,0,0.04,0.1702842736
0.2,0.180909583,1.067567939,0.1325518103,0.2374297159,0.3386590305,0,0,0,0,0.01,0.180909583,0,0.0225,0.180909583,0,0.04,0.180909583
0.21,0.1915833859,1.068347094,0.2790357501,0.2542694025,0.1640326651,0,0,0,0,0.01,0.1915833859,0,0.0225,0.1915833859,0,0.04,0.1915833859
0.22,0.2024424936,1.085599276,0.1300534387,0.285493454,0.04018837346,0,0,0,0,0.01,0.2024424936,0,0.0225,0.2024424936,0,0.04,0.2024424936
0.23,0.2133228363,1.08367618,0.3849484626,0.4546040551,0.3794499497,0,0,0,0,0.01,0.2133228363,0,0.0225,0.2133228363,0,0.04,0.2133228363
0.24,0.2244516199,1.146820503,0.1741333541,0.1494895511,0.4588943624,0,0,0,0,0.01,0.2244516199,0,0.0225,0.2244516199,0,0.04,0.2244516199
0.25,0.2361708862,1.172017901,0.2612618353,0.381163996,0.3533257012,0,0,0,0,0.01,0.2361708862,0,0.0225,0.2361708862,0,0.04,0.2361708862
0.26,0.2477667882,1.156835901,0.2709189969,0.277354709,0.2361196351,0,0,0,0,0.01,0.2477667882,0,0.0225,0.2477667882,0,0.04,0.2477667882
0.27,0.2592758052,1.152202947,0.02991568945,0.1511880211,0.2363548288,0,0,0,0,0.01,0.2592758052,0,0.0225,0.2592758052,0,0.04,0.2592758052
0.28,0.2709705602,1.192124769,0.2780086922,0.3246426609,0.4384563026,0,0,0,0,0.01,0.2709705602,0,0.0225,0.2709705602,0,0.04,0.2709705602
0.29,0.283071493,1.217344307,0.261611932,0.1043955687,0.2038588515,0,0,0,0,0.01,0.283071493,0,0.0225,0.283071493,0,0.04,0.283071493
0.3,0.2951988696,1.210724845,-0.0009252995353,0.08803955792,0.3032954379,0,0,0,0,0.01,0.2951988696,0,0.0225,0.2951988696,0,0.04,0.2951988696
0.31,0.3072806374,1.220413771,0.3752162738,0.143162528,0.4878873032,0,0,0,0,0.01,0.3072806374,0,0.0225,0.3072806374,0,0.04,0.3072806374
0.32,0.319295403,1.185848871,0.2862697049,0.2629859922,0.2642696409,0,0,0,0,0.01,0.319295403,0,0.0225,0.319295403,0,0.04,0.319295403
0.33,0.3310454514,1.162035974,0.162636652,0.3715853301,0.2566891961,0,0,0,0,0.01,0.3310454514,0,0.0225,0.3310454514,0,0.04,0.3310454514
0.34,0.3426482902,1.164826457,0.3226870014,0.3957120388,0.4079443225,0,0,0,0,0.01,0.3426482902,0,0.0225,0.3426482902,0,0.04,0.3426482902
0.35,0.3542927916,1.140953433,0.3405772112,0.4144326437,0.3885199437,0,0,0,0,0.01,0.3542927916,0,0.0225,0.3542927916,0,0.04,0.3542927916
0.36,0.3657738551,1.151383684,0.3517891562,0.2950131355,0.2772825338,0,0,0,0,0.01,0.3657738551,0,0.0225,0.3657738551,0,0.04,0.3657738551
0.37,0.3771961087,1.119572391,0.3788676251,0.3922698392,0.3876902265,0,0,0,0,0.01,0.3771961087,0,0.0225,0.3771961087,0,0.04,0.3771961087
0.38,0.3882210488,1.10530191,0.3382673417,-0.0381687435,0.2084839038,0,0,0,0,0.01,0.3882210488,0,0.0225,0.3882210488,0,0.04,0.3882210488
0.39,0.3994475573,1.124286265,0.6035255193,0.3109357579,0.712061867,0,0,0,0,0.01,0.3994475573,0,0.0225,0.3994475573,0,0.04,0.3994475573
0.4,0.4110683959,1.178556849,0.3194537179,0.8463241871,0.1546108727,0,0,0,0,0.01,0.4110683959,0,0.0225,0.4110683959,0,0.04,0.4110683959
0.41,0.4228177729,1.17115584,0.2817499768,0.2505066564,0.5675264814,0,0,0,0,0.01,0.4228177729,0,0.0225,0.4228177729,0,0.04,0.4228177729
0.42,0.4347257965,1.211579044,0.3555686194,0.568049551,0.3044274371,0,0,0,0,0.01,0.4347257965,0,0.0225,0.4347257965,0,0.04,0.4347257965
0.43,0.4466230403,1.183753771,0.4581567188,0.4572738822,0.7778122641,0,0,0,0,0.01,0.4466230403,0,0.0225,0.4466230403,0,0.04,0.4466230403
0.44,0.4583810044,1.167669441,0.3854827698,0.295041152,0.5462840302,0,0,0,0,0.01,0.4583810044,0,0.0225,0.4583810044,0,0.04,0.4583810044
0.45,0.4700938647,1.176606516,0.2875701973,0.3950773679,0.4792745374,0,0,0,0,0.01,0.4700938647,0,0.0225,0.4700938647,0,0.04,0.4700938647
0.46,0.4818994548,1.193219639,0.4165250958,0.4877217206,0.6281083519,0,0,0,0,0.01,0.4818994548,0,0.0225,0.4818994548,0,0.04,0.4818994548
0.47,0.4935828171,1.164255206,0.4481002351,0.6972065135,0.4079205222,0,0,0,0,0.01,0.4935828171,0,0.0225,0.4935828171,0,0.04,0.4935828171
0.48,0.5053246613,1.180390337,0.4761852269,0.4952426181,0.5290157949,0,0,0,0,0.01,0.5053246613,0,0.0225,0.5053246613,0,0.04,0.5053246613
0.49,0.5170644808,1.179299594,0.4047408976,0.6571000118,0.5377978911,0,0,0,0,0.01,0.5170644808,0,0.0225,0.5170644808,0,0.04,0.5170644808
0.5,0.5287813451,1.174580133,0.4998161619,0.2101845683,0.04698909983,0,0,0,0,0.01,0.5287813451,0,0.0225,0.5287813451,0,0.04,0.5287813451
0.51,0.5403935011,1.139867662,0.472365013,0.5728138165,0.4366692548,0,0,0,0,0.01,0.5403935011,0,0.0225,0.5403935011,0,0.04,0.5403935011
0.52,0.5517784788,1.148092481,0.5373628215,0.5519045005,0.08102765139,0,0,0,0,0.01,0.5517784788,0,0.0225,0.5517784788,0,0.04,0.5517784788
0.53,0.5633634716,1.158894716,0.4604582848,0.3945433332,0.9580141647,0,0,0,0,0.01,0.5633634716,0,0.0225,0.5633634716,0,0.04,0.5633634716
0.54,0.5747908368,1.141762735,0.3539722867,0.6061412292,0.7056968185,0,0,0,0,0.01,0.5747908368,0,0.0225,0.5747908368,0,0.04,0.5747908368
0.55,0.5862229715,1.147784312,0.6799969516,0.585679405,0.8025348778,0,0,0,0,0.01,0.5862229715,0,0.0225,0.5862229715,0,0.04,0.5862229715
0.56,0.5975548027,1.111577412,0.5795907451,0.3606329621,0.6190605752,0,0,0,0,0.01,0.5975548027,0,0.0225,0.5975548027,0,0.04,0.5975548027
0.57,0.6085633504,1.074989162,0.7345406401,0.4556657478,0.6215287763,0,0,0,0,0.01,0.6085633504,0,0.0225,0.6085633504,0,0.04,0.6085633504
0.58,0.6192237648,1.063700617,0.51026379,0.7232165372,1.004835776,0,0,0,0,0.01,0.6192237648,0,0.0225,0.6192237648,0,0.04,0.6192237648
0.59,0.6297098212,1.041364593,0.6888727822,0.3617625216,0.7055604919,0,0,0,0,0.01,0.6297098212,0,0.0225,0.6297098212,0,0.04,0.6297098212
0.6,0.6400212942,1.012237143,0.5914110451,0.9931856161,0.3721576324,0,0,0,0,0.01,0.6400212942,0,0.0225,0.6400212942,0,0.04,0.6400212942
0.61,0.6501083548,1.00858777,0.9025162858,0.7784541536,0.9085926066,0,0,0,0,0.01,0.6501083548,0,0.0225,0.6501083548,0,0.04,0.6501083548
0.62,0.6602871736,1.00060839,0.7093227135,1.083546884,0.5467402252,0,0,0,0,0.01,0.6602871736,0,0.0225,0.6602871736,0,0.04,0.6602871736
0.63,0.6702336749,0.9844619368,0.8420661188,0.9941910534,0.6627115299,0,0,0,0,0.01,0.6702336749,0,0.0225,0.6702336749,0,0.04,0.6702336749
0.64,0.6800543392,0.9764412778,0.7172886928,0.9143641737,0.810434261,0,0,0,0,0.01,0.6800543392,0,0.0225,0.6800543392,0,0.04,0.6800543392
0.65,0.689774629,0.9477662111,0.7603345337,0.6119977879,0.4303880774,0,0,0,0,0.01,0.689774629,0,0.0225,0.689774629,0,0.04,0.689774629
0.66,0.6994451111,0.979777973,0.860236073,0.5917281389,0.6863685903,0,0,0,0,0.01,0.6994451111,0,0.0225,0.6994451111,0,0.04,0.6994451111
0.67,0.7091705679,0.9876432608,0.755111405,0.8293109895,0.6744870458,0,0,0,0,0.01,0.7091705679,0,0.0225,0.7091705679,0,0.04,0.7091705679
0.68,0.7187807647,0.9526373179,0.8681408744,0.549205269,0.4396869896,0,0,0,0,0.01,0.7187807647,0,0.0225,0.7187807647,0,0.04,0.7187807647
0.69,0.7283441538,0.9550000533,0.6661893287,0.8587732705,0.338802497,0,0,0,0,0.01,0.7283441538,0,0.0225,0.7283441538,0,0.04,0.7283441538
0.7,0.7378099143,0.9345171991,0.7158416962,0.8722038546,0.9830160079,0,0,0,0,0.01,0.7378099143,0,0.0225,0.7378099143,0,0.04,0.7378099143
0.71,0.7470277393,0.9112360857,0.8475492838,0.7905757781,0.7641230513,0,0,0,0,0.01,0.7470277393,0,0.0225,0.7470277393,0,0.04,0.7470277393
0.72,0.7561848335,0.9084597303,0.832161485,0.609624773,0.7877319979,0,0,0,0,0.01,0.7561848335,0,0.0225,0.7561848335,0,0.04,0.7561848335
0.73,0.7652153616,0.8770815935,0.8363191402,0.5950947685,0.7057919721,0,0,0,0,0.01,0.7652153616,0,0.0225,0.7652153616,0,0.04,0.7652153616
0.74,0.7739516245,0.8919471854,0.8643676579,0.6293000761,0.9111548943,0,0,0,0,0.01,0.7739516245,0,0.0225,0.7739516245,0,0.04,0.7739516245
0.75,0.7829428893,0.9237350962,0.7586973974,0.6619809183,0.8036350868,0,0,0,0,0.01,0.7829428893,0,0.0225,0.7829428893,0,0.04,0.7829428893
0.76,0.7919668339,0.8940667641,0.6279936821,0.7917921073,0.8597168665,0,0,0,0,0.01,0.7919668339,0,0.0225,0.7919668339,0,0.04,0.7919668339
0.77,0.8007367609,0.8758141807,0.8077166879,0.9494124158,0.9819980046,0,0,0,0,0.01,0.8007367609,0,0.0225,0.8007367609,0,0.04,0.8007367609
0.78,0.8096353125,0.8963209679,0.8729879606,0.609516372,0.7553140457,0,0,0,0,0.01,0.8096353125,0,0.0225,0.8096353125,0,0.04,0.8096353125
0.79,0.8187019389,0.9026331907,0.875180018,1.019147111,0.6472442427,0,0,0,0,0.01,0.8187019389,0,0.0225,0.8187019389,0,0.04,0.8187019389
0.8,0.8275008298,0.8842496074,0.8230239543,0.860943705,1.089179597,0,0,0,0,0.01,0.8275008298,0,0.0225,0.8275008298,0,0.04,0.8275008298
0.81,0.8361876443,0.8773387092,0.8677765148,0.9275725499,0.8420845886,0,0,0,0,0.01,0.8361876443,0,0.0225,0.8361876443,0,0.04,0.8361876443
0.82,0.8449834346,0.8968932343,0.8654231751,0.4887854736,0.6459304581,0,0,0,0,0.01,0.8449834346,0,0.0225,0.8449834346,0,0.04,0.8449834346
0.83,0.853999349,0.9063680589,0.9075295863,0.9034165921,0.7055297304,0,0,0,0,0.01,0.853999349,0,0.0225,0.853999349,0,0.04,0.853999349
0.84,0.862935762,0.9052730307,0.7890869657,0.9187804215,0.7229001101,0,0,0,0,0.01,0.862935762,0,0.0225,0.862935762,0,0.04,0.862935762
0.85,0.871774856,0.8807063818,0.7778869074,0.633202354,0.8279718542,0,0,0,0,0.01,0.871774856,0,0.0225,0.871774856,0,0.04,0.871774856
0.86,0.8805943544,0.8734047639,0.8744185609,0.8693581396,1.045740804,0,0,0,0,0.01,0.8805943544,0,0.0225,0.8805943544,0,0.04,0.8805943544
0.87,0.8892600993,0.8963113765,0.7949395912,1.18816223,0.7997320639,0,0,0,0,0.01,0.8892600993,0,0.0225,0.8892600993,0,0.04,0.8892600993
0.88,0.8982304378,0.8997615125,0.9524399882,0.7367226124,0.6993193502,0,0,0,0,0.01,0.8982304378,0,0.0225,0.8982304378,0,0.04,0.8982304378
0.89,0.9075324282,0.9523435969,0.7949370826,0.9844684746,1.016082439,0,0,0,0,0.01,0.9075324282,0,0.0225,0.9075324282,0,0.04,0.9075324282
0.9,0.9171629894,0.9413012005,0.9563323585,0.9122764539,0.7580379134,0,0,0,0,0.01,0.9171629894,0,0.0225,0.9171629894,0,0.04,0.9171629894
0.91,0.9263912307,0.9039045064,1.035109183,0.8580843415,0.7118627845,0,0,0,0,0.01,0.9263912307,0,0.0225,0.9263912307,0,0.04,0.9263912307
0.92,0.9356816362,0.9353578382,0.7389664082,0.7993484825,0.8440383303,0,0,0,0,0.01,0.9356816362,0,0.0225,0.9356816362,0,0.04,0.9356816362
0.93,0.9447923346,0.9039821491,1.066586977,0.915510157,0.9245519959,0,0,0,0,0.01,0.9447923346,0,0.0225,0.9447923346,0,0.04,0.9447923346
0.94,0.9540180854,0.9301924853,1.065014905,1.09302079,0.8131224541,0,0,0,0,0.01,0.9540180854,0,0.0225,0.9540180854,0,0.04,0.9540180854
0.95,0.9630738962,0.8967526694,1.002057173,1.148987862,1.035531698,0,0,0,0,0.01,0.9630738962,0,0.0225,0.9630738962,0,0.04,0.9630738962
0.96,0.9719033832,0.8820119176,1.054927288,0.8793133605,1.143122423,0,0,0,0,0.01,0.9719033832,0,0.0225,0.9719033832,0,0.04,0.9719033832
0.97,0.9808272145,0.8864410754,1.052058694,1.143450145,1.008200713,0,0,0,0,0.01,0.9808272145,0,0.0225,0.9808272145,0,0.04,0.9808272145
0.98,0.9895140785,0.8521499852,1.031101508,0.883719648,0.8152238543,0,0,0,0,0.01,0.9895140785,0,0.0225,0.9895140785,0,0.04,0.9895140785
0.99,0.9980331232,0.8410534425,1.00083783,0.8373101499,0.8478411195,0,0,0,0,0.01,0.9980331232,0,0.0225,0.9980331232,0,0.04,0.9980331232
1,1.006591631,0.8552505514,1.004422173,0.7970151047,0.8424244235,0,0,0,0,0.01,1.006591631,0,0.0225,1.006591631,0,0.04,1.006591631
1.01,1.015318593,0.9008455135,1.023412334,0.8624132785,1.03810706,0,0,0,0,0.01,1.015318593,0,0.0225,1.015318593,0,0.04,1.015318593
1.02,1.024386545,0.9102861777,1.165080727,1.224932998,0.815574685,0,0,0,0,0.01,1.024386545,0,0.0225,1.024386545,0,0.04,1.024386545
1.03,1.033578351,0.9218219423,0.9971146843,1.022769152,1.002698313,0,0,0,0,0.01,1.033578351,0,0.0225,1.033578351,0,0.04,1.033578351
1.04,1.043009291,0.9547349138,1.103644715,1.037385524,0.8779388354,0,0,0,0,0.01,1.043009291,0,0.0225,1.043009291,0,0.04,1.043009291
1.05,1.052555993,0.9517099164,0.986854535,1.062195673,0.8029083593,0,0,0,0,0.01,1.052555993,0,0.0225,1.052555993,0,0.04,1.052555993
1.06,1.062105014,0.9742643551,0.9336642304,0.7394300327,0.9628045722,0,0,0,0,0.01,1.062105014,0,0.0225,1.062105014,0,0.04,1.062105014
1.07,1.071857047,0.9811764706,1.160429407,1.278297977,0.8928641794,0,0,0,0,0.01,1.071857047,0,0.0225,1.071857047,0,0.04,1.071857047
1.08,1.08162955,0.9818014325,1.144412391,1.180031237,0.9522595889,0,0,0,0,0.01,1.08162955,0,0.0225,1.08162955,0,0.04,1.08162955
1.09,1.091597053,0.9972290326,0.9873442813,1.165080193,1.258275896,0,0,0,0,0.01,1.091597053,0,0.0225,1.091597053,0,0.04,1.091597053
1.1,1.10149554,0.977345252,1.05970511,1.46027933,0.940034773,0,0,0,0,0.01,1.10149554,0,0.0225,1.10149554,0,0.04,1.10149554
1.11,1.111240665,0.9768398964,1.144392008,0.9491403057,1.15304272,0,0,0,0,0.01,1.111240665,0,0.0225,1.111240665,0,0.04,1.111240665
1.12,1.120862588,0.9464555786,1.03925347,1.12140068,1.017774682,0,0,0,0,0.01,1.120862588,0,0.0225,1.120862588,0,0.04,1.120862588
1.13,1.13015168,0.893073871,1.27224043,1.159972686,0.9846594165,0,0,0,0,0.01,1.13015168,0,0.0225,1.13015168,0,0.04,1.13015168
1.14,1.139114077,0.9152236726,0.9720322067,1.190779307,1.100706161,0,0,0,0,0.01,1.139114077,0,0.0225,1.139114077,0,0.04,1.139114077
1.15,1.148195376,0.891472011,1.1772933,1.169042473,1.254066593,0,0,0,0,0.01,1.148195376,0,0.0225,1.148195376,0,0.04,1.148195376
1.16,1.157146092,0.9134702407,1.178256169,1.039924737,0.8346516138,0,0,0,0,0.01,1.157146092,0,0.0225,1.157146092,0,0.04,1.157146092
1.17,1.16632667,0.9192876902,1.02370848,1.083402795,0.9563756074,0,0,0,0,0.01,1.16632667,0,0.0225,1.16632667,0,0.04,1.16632667
1.18,1.175541964,0.9092672445,1.049598488,1.291342659,1.362870024,0,0,0,0,0.01,1.175541964,0,0.0225,1.175541964,0,0.04,1.175541964
1.19,1.184586592,0.8939910794,1.181136043,1.178151468,1.075710135,0,0,0,0,0.01,1.184586592,0,0.0225,1.184586592,0,0.04,1.184586592
1.2,1.193486789,0.8940919229,1.150673905,1.113748651,1.747672697,0,0,0,0,0.01,1.193486789,0,0.0225,1.193486789,0,0.04,1.193486789
1.21,1.202518796,0.8987381448,1.266521324,1.457466828,1.395778671,0,0,0,0,0.01,1.202518796,0,0.0225,1.202518796,0,0.04,1.202518796
1.22,1.211383351,0.8838706841,1.251527155,1.275878558,1.271806642,0,0,0,0,0.01,1.211383351,0,0.0225,1.211383351,0,0.04,1.211383351
1.23,1.220117997,0.8569192533,1.020694222,1.22415932,1.031427008,0,0,0,0,0.01,1.220117997,0,0.0225,1.220117997,0,0.04,1.220117997
1.24,1.228985835,0.9071040154,1.125089134,1.121398241,1.39982474,0,0,0,0,0.01,1.228985835,0,0.0225,1.228985835,0,0.04,1.228985835
1.25,1.238027264,0.9177033492,1.085800776,1.106249348,1.327504119,0,0,0,0,0.01,1.238027264,0,0.0225,1.238027264,0,0.04,1.238027264
1.26,1.247123767,0.9070471065,1.1845282,1.35213373,1.068961375,0,0,0,0,0.01,1.247123767,0,0.0225,1.247123767,0,0.04,1.247123767
1.27,1.256163858,0.9176855699,1.204391764,1.316410079,1.085230137,0,0,0,0,0.01,1.256163858,0,0.0225,1.256163858,0,0.04,1.256163858
1.28,1.265389078,0.9325249073,1.364918807,1.360113669,1.220871107,0,0,0,0,0.01,1.265389078,0,0.0225,1.265389078,0,0.04,1.265389078
1.29,1.274602993,0.9158142543,1.288562675,1.436459001,1.115191296,0,0,0,0,0.01,1.274602993,0,0.0225,1.274602993,0,0.04,1.274602993
1.3,1.283821855,0.9338036717,1.058518566,1.239563608,1.334602824,0,0,0,0,0.01,1.283821855,0,0.0225,1.283821855,0,0.04,1.283821855
1.31,1.293207037,0.9409084933,1.190786088,1.344214457,1.253930215,0,0,0,0,0.01,1.293207037,0,0.0225,1.293207037,0,0.04,1.293207037
1.32,1.302638566,0.9299853831,1.388826902,1.274890018,1.314198956,0,0,0,0,0.01,1.302638566,0,0.0225,1.302638566,0,0.04,1.302638566
1.33,1.311862827,0.9316535092,1.388359524,1.219919805,1.374204276,0,0,0,0,0.01,1.311862827,0,0.0225,1.311862827,0,0.04,1.311862827
1.34,1.321025392,0.9058574156,1.227101673,1.387555596,1.128461928,0,0,0,0,0.01,1.321025392,0,0.0225,1.321025392,0,0.04,1.321025392
1.35,1.329820455,0.8786164993,1.310112043,1.240823626,1.339494823,0,0,0,0,0.01,1.329820455,0,0.0225,1.329820455,0,0.04,1.329820455
1.36,1.338568915,0.8726666295,1.416022324,1.307937347,1.438806258,0,0,0,0,0.01,1.338568915,0,0.0225,1.338568915,0,0.04,1.338568915
1.37,1.347207846,0.8526955135,1.248475346,1.480779401,1.63670154,0,0,0,0,0.01,1.347207846,0,0.0225,1.347207846,0,0.04,1.347207846
1.38,1.355770318,0.8656556927,1.35554953,1.26024474,1.125216855,0,0,0,0,0.01,1.355770318,0,0.0225,1.355770318,0,0.04,1.355770318
1.39,1.364368542,0.8686598961,1.574791286,1.249310157,0.7423563296,0,0,0,0,0.01,1.364368542,0,0.0225,1.364368542,0,0.04,1.364368542
1.4,1.373084096,0.8752011646,1.402651776,1.286890043,1.372363019,0,0,0,0,0.01,1.373084096,0,0.0225,1.373084096,0,0.04,1.373084096
1.41,1.382087032,0.9098677887,1.292621833,1.577600817,1.404403093,0,0,0,0,0.01,1.382087032,0,0.0225,1.382087032,0,0.04,1.382087032
1.42,1.391115505,0.8934567173,1.286246167,1.289679859,1.452574424,0,0,0,0,0.01,1.391115505,0,0.0225,1.391115505,0,0.04,1.391115505
1.43,1.400007234,0.9038800591,1.396966727,1.082900247,1.283246806,0,0,0,0,0.01,1.400007234,0,0.0225,1.400007234,0,0.04,1.400007234
1.44,1.4089463,0.8732158804,1.391202217,1.520677732,1.539891241,0,0,0,0,0.01,1.4089463,0,0.0225,1.4089463,0,0.04,1.4089463
1.45,1.417624392,0.8651447481,1.471248807,1.638595034,1.516500364,0,0,0,0,0.01,1.417624392,0,0.0225,1.417624392,0,0.04,1.417624392
1.46,1.426494878,0.8859008141,1.375895477,1.384574836,1.719589665,0,0,0,0,0.01,1.426494878,0,0.0225,1.426494878,0,0.04,1.426494878
1.47,1.435360034,0.9079979059,1.378635148,1.617705572,1.672228955,0,0,0,0,0.01,1.435360034,0,0.0225,1.435360034,0,0.04,1.435360034
1.48,1.444263771,0.8972953361,1.473606566,1.785269628,1.811347338,0,0,0,0,0.01,1.444263771,0,0.0225,1.444263771,0,0.04,1.444263771
1.49,1.453178126,0.8854586165,1.375402441,1.479170185,1.521568185,0,0,0,0,0.01,1.453178126,0,0.0225,1.453178126,0,0.04,1.453178126
1.5,1.462037251,0.8996795137,1.461186043,1.59144693,1.412304369,0,0,0,0,0.01,1.462037251,0,0.0225,1.462037251,0,0.04,1.462037251
1.51,1.470980569,0.8852042647,1.541708727,1.509590562,1.248660289,0,0,0,0,0.01,1.470980569,0,0.0225,1.470980569,0,0.04,1.470980569
1.52,1.479836818,0.8753862273,1.361918011,1.547482454,1.235426167,0,0,0,0,0.01,1.479836818,0,0.0225,1.479836818,0,0.04,1.479836818
1.53,1.488943131,0.9284952121,1.467962893,1.383660165,1.496882958,0,0,0,0,0.01,1.488943131,0,0.0225,1.488943131,0,0.04,1.488943131
1.54,1.498413503,0.9504237237,1.36052657,1.623823572,1.352226251,0,0,0,0,0.01,1.498413503,0,0.0225,1.498413503,0,0.04,1.498413503
1.55,1.507836927,0.9349239345,1.508523279,1.265843061,1.767938437,0,0,0,0,0.01,1.507836927,0,0.0225,1.507836927,0,0.04,1.507836927
1.56,1.51716677,0.9474533675,1.424961851,1.568388465,1.564651385,0,0,0,0,0.01,1.51716677,0,0.0225,1.51716677,0,0.04,1.51716677
1.57,1.526571943,0.9433203121,1.41644082,1.595702108,1.537879678,0,0,0,0,0.01,1.526571943,0,0.0225,1.526571943,0,0.04,1.526571943
1.58,1.535860384,0.9331689486,1.560268147,1.619139187,1.238296209,0,0,0,0,0.01,1.535860384,0,0.0225,1.535860384,0,0.04,1.535860384
1.59,1.545370099,0.9701538569,1.475172169,1.592764762,2.022420575,0,0,0,0,0.01,1.545370099,0,0.0225,1.545370099,0,0.04,1.545370099
1.6,1.5550721,0.9714607509,1.596645719,1.643401199,1.298824172,0,0,0,0,0.01,1.5550721,0,0.0225,1.5550721,0,0.04,1.5550721
1.61,1.56484026,0.9947189402,1.649018854,1.215507118,1.640668463,0,0,0,0,0.01,1.56484026,0,0.0225,1.56484026,0,0.04,1.56484026
1.62,1.574885896,1.017453858,1.509679719,1.76432355,1.12493075,0,0,0,0,0.01,1.574885896,0,0.0225,1.574885896,0,0.04,1.574885896
1.63,1.585002913,1.015073453,1.325406017,1.635465301,1.764632525,0,0,0,0,0.01,1.585002913,0,0.0225,1.585002913,0,0.04,1.585002913
1.64,1.595178963,1.009121017,1.420363932,1.524992407,1.809711297,0,0,0,0,0.01,1.595178963,0,0.0225,1.595178963,0,0.04,1.595178963
1.65,1.605206571,0.9891206562,1.571360067,1.656516644,1.902868068,0,0,0,0,0.01,1.605206571,0,0.0225,1.605206571,0,0.04,1.605206571
1.66,1.615141898,1.01032892,1.716750167,1.35156546,1.966001279,0,0,0,0,0.01,1.615141898,0,0.0225,1.615141898,0,0.04,1.615141898
1.67,1.625327553,1.013851876,1.866619203,1.642973739,1.472059808,0,0,0,0,0.01,1.625327553,0,0.0225,1.625327553,0,0.04,1.625327553
1.68,1.635435685,0.9933558969,1.4570653,1.828077539,1.609761934,0,0,0,0,0.01,1.635435685,0,0.0225,1.635435685,0,0.04,1.635435685
1.69,1.645491008,1.023527292,1.673933906,1.807280014,1.829105228,0,0,0,0,0.01,1.645491008,0,0.0225,1.645491008,0,0.04,1.645491008
1.7,1.65553758,0.9702401502,1.776033644,1.781512095,1.429881826,0,0,0,0,0.01,1.65553758,0,0.0225,1.65553758,0,0.04,1.65553758
1.71,1.665044291,0.9249192099,1.721092075,1.718560544,1.499797458,0,0,0,0,0.01,1.665044291,0,0.0225,1.665044291,0,0.04,1.665044291
1.72,1.674293771,0.9191916918,1.856766801,1.666225463,1.453883509,0,0,0,0,0.01,1.674293771,0,0.0225,1.674293771,0,0.04,1.674293771
1.73,1.68358332,0.9333784879,1.794241695,1.750040497,1.662238084,0,0,0,0,0.01,1.68358332,0,0.0225,1.68358332,0,0.04,1.68358332
1.74,1.692977557,0.926856558,1.65766112,1.701699703,1.670239266,0,0,0,0,0.01,1.692977557,0,0.0225,1.692977557,0,0.04,1.692977557
1.75,1.701983244,0.883071695,1.75703728,1.677915153,1.940815129,0,0,0,0,0.01,1.701983244,0,0.0225,1.701983244,0,0.04,1.701983244
1.76,1.710938157,0.9058462979,1.867915771,1.621668255,1.634632317,0,0,0,0,0.01,1.710938157,0,0.0225,1.710938157,0,0.04,1.710938157
1.77,1.720137412,0.9225071824,1.565603658,1.812335237,1.962232343,0,0,0,0,0.01,1.720137412,0,0.0225,1.720137412,0,0.04,1.720137412
1.78,1.729202735,0.8961228435,1.694889553,1.587808391,1.709867925,0,0,0,0,0.01,1.729202735,0,0.0225,1.729202735,0,0.04,1.729202735
1.79,1.738386912,0.9323086829,1.644196565,1.60376719,1.872747119,0,0,0,0,0.01,1.738386912,0,0.0225,1.738386912,0,0.04,1.738386912
1.8,1.747650073,0.9329316153,1.585057084,1.719950146,1.808482216,0,0,0,0,0.01,1.747650073,0,0.0225,1.747650073,0,0.04,1.747650073
1.81,1.757132379,0.9393263296,1.582465747,1.849032459,2.100541232,0,0,0,0,0.01,1.757132379,0,0.0225,1.757132379,0,0.04,1.757132379
1.82,1.766448296,0.9526707926,1.717268084,1.638535864,1.663858264,0,0,0,0,0.01,1.766448296,0,0.0225,1.766448296,0,0.04,1.766448296
1.83,1.776035271,0.9545582357,1.808797829,1.918873658,2.114644499,0,0,0,0,0.01,1.776035271,0,0.0225,1.776035271,0,0.04,1.776035271
1.84,1.785637065,0.9641708782,1.800629213,1.804815114,1.845503559,0,0,0,0,0.01,1.785637065,0,0.0225,1.785637065,0,0.04,1.785637065
1.85,1.795507786,1.008290523,1.877009079,1.797163599,1.763602471,0,0,0,0,0.01,1.795507786,0,0.0225,1.795507786,0,0.04,1.795507786
1.86,1.805457559,0.9984132483,1.962512508,1.814484283,1.734314005,0,0,0,0,0.01,1.805457559,0,0.0225,1.805457559,0,0.04,1.805457559
1.87,1.815155406,0.9416220666,1.869628445,1.903600888,1.89656282,0,0,0,0,0.01,1.815155406,0,0.0225,1.815155406,0,0.04,1.815155406
1.88,1.824580746,0.9353102349,1.916596919,1.985804625,1.945610848,0,0,0,0,0.01,1.824580746,0,0.0225,1.824580746,0,0.04,1.824580746
1.89,1.833971317,0.9277385274,1.743257914,2.029398152,1.88541968,0,0,0,0,0.01,1.833971317,0,0.0225,1.833971317,0,0.04,1.833971317
1.9,1.843257853,0.9219786381,1.855426125,1.749123147,1.733097478,0,0,0,0,0.01,1.843257853,0,0.0225,1.843257853,0,0.04,1.843257853
1.91,1.852580732,0.9348160265,1.910491056,1.507032909,2.015042217,0,0,0,0,0.01,1.852580732,0,0.0225,1.852580732,0,0.04,1.852580732
1.92,1.862035236,0.9686081374,1.899737438,1.986350432,1.883275639,0,0,0,0,0.01,1.862035236,0,0.0225,1.862035236,0,0.04,1.862035236
1.93,1.871571728,0.9374471863,1.790018369,2.19898796,1.551397147,0,0,0,0,0.01,1.871571728,0,0.0225,1.871571728,0,0.04,1.871571728
1.94,1.881018266,0.9641779587,1.905701588,2.138828151,2.29967828,0,0,0,0,0.01,1.881018266,0,0.0225,1.881018266,0,0.04,1.881018266
1.95,1.890668613,0.9524293532,1.99183957,1.758434609,1.852970422,0,0,0,0,0.01,1.890668613,0,0.0225,1.890668613,0,0.04,1.890668613
1.96,1.900069394,0.9391975,1.97185675,1.926690582,1.637210276,0,0,0,0,0.01,1.900069394,0,0.0225,1.900069394,0,0.04,1.900069394
1.97,1.909405905,0.9223153649,1.845704296,1.949521622,1.449203695,0,0,0,0,0.01,1.909405905,0,0.0225,1.909405905,0,0.04,1.909405905
1.98,1.918683146,0.9344314494,1.922634351,2.070269723,2.203917578,0,0,0,0,0.01,1.918683146,0,0.0225,1.918683146,0,0.04,1.918683146
1.99,1.927984292,0.91351915,2.044868067,2.011151765,1.904310466,0,0,0,0,0.01,1.927984292,0,0.0225,1.927984292,0,0.04,1.927984292
2,1.937129283,0.9345995924,2.029223568,1.925591234,2.054843591,0,0,0,0,0.01,1.937129283,0,0.0225,1.937129283,0,0.04,1.937129283
2.01,1.946420759,0.9376668172,1.914379182,2.076035492,1.858487539,0,0,0,0,0.01,1.946420759,0,0.0225,1.946420759,0,0.04,1.946420759
2.02,1.955800972,0.9140979197,2.063403178,1.983362231,1.851624338,0,0,0,0,0.01,1.955800972,0,0.0225,1.955800972,0,0.04,1.955800972
2.03,1.964794004,0.8963986191,1.848564511,1.695987767,1.81806549,0,0,0,0,0.01,1.964794004,0,0.0225,1.964794004,0,0.04,1.964794004
2.04,1.973737432,0.898380513,1.888332909,1.733925329,1.922767696,0,0,0,0,0.01,1.973737432,0,0.0225,1.973737432,0,0.04,1.973737432
2.05,1.982675217,0.8997576441,1.978707747,1.915986547,1.644292681,0,0,0,0,0.01,1.982675217,0,0.0225,1.982675217,0,0.04,1.982675217
2.06,1.991511107,0.8533579254,1.898338085,1.967646373,2.128302994,0,0,0,0,0.01,1.991511107,0,0.0225,1.991511107,0,0.04,1.991511107
2.07,1.999857726,0.8262393768,1.899859892,1.960568727,1.827849614,0,0,0,0,0.01,1.999857726,0,0.0225,1.999857726,0,0.04,1.999857726
2.08,2.007786101,0.7799213474,1.831027682,2.296341455,1.873061021,0,0,0,0,0.01,2.007786101,0,0.0225,2.007786101,0,0.04,2.007786101
2.09,2.015734363,0.8093268371,2.068988721,2.193059202,1.735565526,0,0,0,0,0.01,2.015734363,0,0.0225,2.015734363,0,0.04,2.015734363
2.1,2.023959659,0.8314143459,2.158247241,2.072514712,2.046890118,0,0,0,0,0.01,2.023959659,0,0.0225,2.023959659,0,0.04,2.023959659
2.11,2.032671558,0.8848177317,2.026304505,1.846056298,1.727603584,0,0,0,0,0.01,2.032671558,0,0.0225,2.032671558,0,0.04,2.032671558
2.12,2.041185323,0.8549223962,1.918144359,1.886866094,2.258140843,0,0,0,0,0.01,2.041185323,0,0.0225,2.041185323,0,0.04,2.041185323
2.13,2.049716507,0.8493155427,2.082003804,2.04149206,2.420920866,0,0,0,0,0.01,2.049716507,0,0.0225,2.049716507,0,0.04,2.049716507
2.14,2.058081382,0.8233783484,2.096696559,2.103432717,1.947986994,0,0,0,0,0.01,2.058081382,0,0.0225,2.058081382,0,0.04,2.058081382
2.15,2.066327443,0.8485444596,1.978446458,1.904936142,1.788415508,0,0,0,0,0.01,2.066327443,0,0.0225,2.066327443,0,0.04,2.066327443
2.16,2.074703898,0.8282028397,2.313359026,1.917539039,2.202168232,0,0,0,0,0.01,2.074703898,0,0.0225,2.074703898,0,0.04,2.074703898
2.17,2.083071471,0.8604040748,2.044296643,2.28696263,1.894906119,0,0,0,0,0.01,2.083071471,0,0.0225,2.083071471,0,0.04,2.083071471
2.18,2.091620145,0.8589169531,2.196884659,2.005592448,2.359555366,0,0,0,0,0.01,2.091620145,0,0.0225,2.091620145,0,0.04,2.091620145
2.19,2.100044668,0.8243311713,2.22019451,1.961248195,2.311552799,0,0,0,0,0.01,2.100044668,0,0.0225,2.100044668,0,0.04,2.100044668
2.2,2.108296537,0.8244615252,1.894744687,2.235026886,2.024031051,0,0,0,0,0.01,2.108296537,0,0.0225,2.108296537,0,0.04,2.108296537
2.21,2.116351669,0.8074622983,2.192767423,1.870743923,2.317789678,0,0,0,0,0.01,2.116351669,0,0.0225,2.116351669,0,0.04,2.116351669
2.22,2.124440526,0.8288035092,2.026760806,2.091675696,2.235961979,0,0,0,0,0.01,2.124440526,0,0.0225,2.124440526,0,0.04,2.124440526
2.23,2.132806312,0.838480314,1.954952597,2.151977082,2.177073786,0,0,0,0,0.01,2.132806312,0,0.0225,2.132806312,0,0.04,2.132806312
2.24,2.141219194,0.8334235795,2.118613373,2.205608179,1.972253327,0,0,0,0,0.01,2.141219194,0,0.0225,2.141219194,0,0.04,2.141219194
2.25,2.1496476,0.84407671,2.299442468,1.924474527,2.074166346,0,0,0,0,0.01,2.1496476,0,0.0225,2.1496476,0,0.04,2.1496476
2.26,2.158156468,0.8509443278,2.155606276,2.253018574,2.287595721,0,0,0,0,0.01,2.158156468,0,0.0225,2.158156468,0,0.04,2.158156468
2.27,2.166777574,0.8568050666,2.282460587,1.937439509,2.367642795,0,0,0,0,0.01,2.166777574,0,0.0225,2.166777574,0,0.04,2.166777574
2.28,2.175559816,0.8752545164,2.121031489,1.956864563,1.932494373,0,0,0,0,0.01,2.175559816,0,0.0225,2.175559816,0,0.04,2.175559816
2.29,2.184169655,0.8572785203,2.290575527,2.097566066,2.588199511,0,0,0,0,0.01,2.184169655,0,0.0225,2.184169655,0,0.04,2.184169655
2.3,2.192832634,0.8724416798,2.206740965,1.943992227,2.383037122,0,0,0,0,0.01,2.192832634,0,0.0225,2.192832634,0,0.04,2.192832634
2.31,2.201636593,0.8859495184,2.246060522,2.459248285,2.284475588,0,0,0,0,0.01,2.201636593,0,0.0225,2.201636593,0,0.04,2.201636593
2.32,2.210508956,0.8840937704,2.239917934,2.337916203,2.225152413,0,0,0,0,0.01,2.210508956,0,0.0225,2.210508956,0,0.04,2.210508956
2.33,2.219295842,0.886840525,2.269648295,2.156752722,2.515176547,0,0,0,0,0.01,2.219295842,0,0.0225,2.219295842,0,0.04,2.219295842
2.34,2.228144586,0.8825444091,2.356074082,2.118193006,2.25318026,0,0,0,0,0.01,2.228144586,0,0.0225,2.228144586,0,0.04,2.228144586
2.35,2.236848586,0.8759924018,2.056130763,2.458770377,2.053560184,0,0,0,0,0.01,2.236848586,0,0.0225,2.236848586,0,0.04,2.236848586
2.36,2.245417908,0.8426584874,2.251436002,2.027888416,2.003160043,0,0,0,0,0.01,2.245417908,0,0.0225,2.245417908,0,0.04,2.245417908
2.37,2.253647703,0.8008526122,2.358150654,2.274101156,2.181819386,0,0,0,0,0.01,2.253647703,0,0.0225,2.253647703,0,0.04,2.253647703
2.38,2.261666134,0.805658055,2.42490276,2.307431935,2.372072159,0,0,0,0,0.01,2.261666134,0,0.0225,2.261666134,0,0.04,2.261666134
2.39,2.269847926,0.8152249101,2.335876779,2.105258574,2.002087432,0,0,0,0,0.01,2.269847926,0,0.0225,2.269847926,0,0.04,2.269847926
2.4,2.277870794,0.8020991737,2.128008715,2.152065044,2.090394773,0,0,0,0,0.01,2.277870794,0,0.0225,2.277870794,0,0.04,2.277870794
2.41,2.285764363,0.7882670265,2.353419581,2.203589265,2.388795376,0,0,0,0,0.01,2.285764363,0,0.0225,2.285764363,0,0.04,2.285764363
2.42,2.293744979,0.7899417108,2.401784824,2.361583963,2.353179451,0,0,0,0,0.01,2.293744979,0,0.0225,2.293744979,0,0.04,2.293744979
2.43,2.301716055,0.8008672511,2.483275181,2.108568617,2.377285042,0,0,0,0,0.01,2.301716055,0,0.0225,2.301716055,0,0.04,2.301716055
2.44,2.309595628,0.7845715132,2.479996183,2.082550063,2.537439997,0,0,0,0,0.01,2.309595628,0,0.0225,2.309595628,0,0.04,2.309595628
2.45,2.31734155,0.7757360454,2.396392142,2.294423345,2.20008622,0,0,0,0,0.01,2.31734155,0,0.0225,2.31734155,0,0.04,2.31734155
2.46,2.325140916,0.7631091934,2.314186936,2.257093162,2.52828378,0,0,0,0,0.01,2.325140916,0,0.0225,2.325140916,0,0.04,2.325140916
2.47,2.332973046,0.7941213674,2.225094777,2.450174666,2.161700113,0,0,0,0,0.01,2.332973046,0,0.0225,2.332973046,0,0.04,2.332973046
2.48,2.341048443,0.8317688604,2.349102783,2.419614842,2.329065098,0,0,0,0,0.01,2.341048443,0,0.0225,2.341048443,0,0.04,2.341048443
2.49,2.349278553,0.8190555748,2.165142575,2.618064592,2.377272693,0,0,0,0,0.01,2.349278553,0,0.0225,2.349278553,0,0.04,2.349278553
2.5,2.35751613,0.846779562,2.540496292,2.362625735,2.398389474,0,0,0,0,0.01,2.35751613,0,0.0225,2.35751613,0,0.04,2.35751613
2.51,2.365989281,0.8573801567,2.409351138,2.629347232,2.548054516,0,0,0,0,0.01,2.365989281,0,0.0225,2.365989281,0,0.04,2.365989281
2.52,2.374625561,0.8501845282,2.29033058,2.49458067,2.570089428,0,0,0,0,0.01,2.374625561,0,0.0225,2.374625561,0,0.04,2.374625561
2.53,2.383041296,0.8427704862,2.454533808,2.605830632,2.480998897,0,0,0,0,0.01,2.383041296,0,0.0225,2.383041296,0,0.04,2.383041296
2.54,2.391607782,0.8837788426,2.351936273,2.369781841,2.410265009,0,0,0,0,0.01,2.391607782,0,0.0225,2.391607782,0,0.04,2.391607782
2.55,2.400378778,0.8950557981,2.419924481,2.524058307,2.549560667,0,0,0,0,0.01,2.400378778,0,0.0225,2.400378778,0,0.04,2.400378778
2.56,2.409377525,0.895100592,2.444524309,2.271906199,2.253971392,0,0,0,0,0.01,2.409377525,0,0.0225,2.409377525,0,0.04,2.409377525
2.57,2.418554359,0.9242185343,2.493332848,2.451903402,2.455002205,0,0,0,0,0.01,2.418554359,0,0.0225,2.418554359,0,0.04,2.418554359
2.58,2.427851061,0.9449158697,2.309828702,2.314834759,2.409123386,0,0,0,0,0.01,2.427851061,0,0.0225,2.427851061,0,0.04,2.427851061
2.59,2.437187708,0.9357151656,2.457002304,2.32687653,2.474269121,0,0,0,0,0.01,2.437187708,0,0.0225,2.437187708,0,0.04,2.437187708
2.6,2.446429702,0.9020136423,2.424606268,2.608449202,2.477574721,0,0,0,0,0.01,2.446429702,0,0.0225,2.446429702,0,0.04,2.446429702
2.61,2.455573214,0.9371026669,2.574766933,2.23044772,2.618477214,0,0,0,0,0.01,2.455573214,0,0.0225,2.455573214,0,0.04,2.455573214
2.62,2.465076754,0.9590113047,2.464670744,2.45225056,2.233109029,0,0,0,0,0.01,2.465076754,0,0.0225,2.465076754,0,0.04,2.465076754
2.63,2.474581222,0.9557809607,2.496106574,2.563509644,2.29055931,0,0,0,0,0.01,2.474581222,0,0.0225,2.474581222,0,0.04,2.474581222
2.64,2.48418516,0.9423346236,2.408012096,2.456118896,2.52828876,0,0,0,0,0.01,2.48418516,0,0.0225,2.48418516,0,0.04,2.48418516
2.65,2.493719796,0.9443675174,2.699616813,2.691705233,3.075439468,0,0,0,0,0.01,2.493719796,0,0.0225,2.493719796,0,0.04,2.493719796
2.66,2.503235849,0.9596671931,2.527546943,2.389366854,2.588622684,0,0,0,0,0.01,2.503235849,0,0.0225,2.503235849,0,0.04,2.503235849
2.67,2.512842154,0.9636556844,2.639289492,2.471251299,2.304773754,0,0,0,0,0.01,2.512842154,0,0.0225,2.512842154,0,0.04,2.512842154
2.68,2.522576658,0.9824766858,2.574966826,2.469049559,2.743545722,0,0,0,0,0.01,2.522576658,0,0.0225,2.522576658,0,0.04,2.522576658
2.69,2.532386723,0.9914508597,2.367305767,2.572102618,2.62549713,0,0,0,0,0.01,2.532386723,0,0.0225,2.532386723,0,0.04,2.532386723
2.7,2.54241844,1.011874303,2.519015233,2.460139494,2.754667524,0,0,0,0,0.01,2.54241844,0,0.0225,2.54241844,0,0.04,2.54241844
2.71,2.552795237,1.031854923,2.488231991,2.468884907,2.410901349,0,0,0,0,0.01,2.552795237,0,0.0225,2.552795237,0,0.04,2.552795237
2.72,2.563219409,1.025718435,2.672665643,2.697984029,2.688808114,0,0,0,0,0.01,2.563219409,0,0.0225,2.563219409,0,0.04,2.563219409
2.73,2.573662117,1.035690008,2.436549006,2.627779696,2.715243775,0,0,0,0,0.01,2.573662117,0,0.0225,2.573662117,0,0.04,2.573662117
2.74,2.584208625,1.055836377,2.787303042,2.525364903,2.379320805,0,0,0,0,0.01,2.584208625,0,0.0225,2.584208625,0,0.04,2.584208625
2.75,2.594727256,1.02899406,2.599164645,2.502188524,2.609799989,0,0,0,0,0.01,2.594727256,0,0.0225,2.594727256,0,0.04,2.594727256
2.76,2.605240738,1.072413434,2.549665213,2.746251264,2.50562785,0,0,0,0,0.01,2.605240738,0,0.0225,2.605240738,0,0.04,2.605240738
2.77,2.615923779,1.072438479,2.677138975,2.773628868,2.437409619,0,0,0,0,0.01,2.615923779,0,0.0225,2.615923779,0,0.04,2.615923779
2.78,2.626742928,1.094243949,2.627759186,2.655777583,2.683716454,0,0,0,0,0.01,2.626742928,0,0.0225,2.626742928,0,0.04,2.626742928
2.79,2.637728128,1.090386905,2.394260069,2.924649702,2.70569699,0,0,0,0,0.01,2.637728128,0,0.0225,2.637728128,0,0.04,2.637728128
2.8,2.64860325,1.087531445,2.710331875,2.711986484,3.084832775,0,0,0,0,0.01,2.64860325,0,0.0225,2.64860325,0,0.04,2.64860325
2.81,2.659473869,1.08318873,2.766803903,2.349935892,2.688483672,0,0,0,0,0.01,2.659473869,0,0.0225,2.659473869,0,0.04,2.659473869
2.82,2.670558766,1.139917495,2.783639363,2.731342868,2.86598102,0,0,0,0,0.01,2.670558766,0,0.0225,2.670558766,0,0.04,2.670558766
2.83,2.682026566,1.163604619,2.535881652,2.906873238,2.82904942,0,0,0,0,0.01,2.682026566,0,0.0225,2.682026566,0,0.04,2.682026566
2.84,2.693897288,1.197739093,2.702702012,2.795555845,2.50164409,0,0,0,0,0.01,2.693897288,0,0.0225,2.693897288,0,0.04,2.693897288
2.85,2.705828875,1.188774645,2.637139033,2.762745616,2.352044798,0,0,0,0,0.01,2.705828875,0,0.0225,2.705828875,0,0.04,2.705828875
2.86,2.717757744,1.202944281,2.67285363,2.772318786,3.004044644,0,0,0,0,0.01,2.717757744,0,0.0225,2.717757744,0,0.04,2.717757744
2.87,2.729836427,1.197673577,2.714238557,2.741537497,2.655600697,0,0,0,0,0.01,2.729836427,0,0.0225,2.729836427,0,0.04,2.729836427
2.88,2.741891059,1.216624278,2.826897584,2.617785508,2.725977823,0,0,0,0,0.01,2.741891059,0,0.0225,2.741891059,0,0.04,2.741891059
2.89,2.753957306,1.21749132,2.783947304,2.573826308,2.614136595,0,0,0,0,0.01,2.753957306,0,0.0225,2.753957306,0,0.04,2.753957306
2.9,2.766194085,1.221028142,2.536304894,2.693513271,2.828634933,0,0,0,0,0.01,2.766194085,0,0.0225,2.766194085,0,0.04,2.766194085
2.91,2.778471374,1.242277361,2.757650654,2.933497787,2.861718608,0,0,0,0,0.01,2.778471374,0,0.0225,2.778471374,0,0.04,2.778471374
2.92,2.790853158,1.236725431,2.802142703,2.778982713,2.692398444,0,0,0,0,0.01,2.790853158,0,0.0225,2.790853158,0,0.04,2.790853158
2.93,2.803364646,1.249394598,2.795472005,2.836631776,2.990015139,0,0,0,0,0.01,2.803364646,0,0.0225,2.803364646,0,0.04,2.803364646
2.94,2.815885976,1.262246612,2.762658779,2.767895586,2.983126162,0,0,0,0,0.01,2.815885976,0,0.0225,2.815885976,0,0.04,2.815885976
2.95,2.828368199,1.225112214,2.799826443,2.470703599,2.808515858,0,0,0,0,0.01,2.828368199,0,0.0225,2.828368199,0,0.04,2.828368199
2.96,2.840609461,1.209647417,2.861377223,2.973297382,2.971132074,0,0,0,0,0.01,2.840609461,0,0.0225,2.840609461,0,0.04,2.840609461
2.97,2.852808937,1.211169602,2.935917862,2.799655722,2.906238493,0,0,0,0,0.01,2.852808937,0,0.0225,2.852808937,0,0.04,2.852808937
2.98,2.865015776,1.220472,2.861214496,2.825170626,3.156669684,0,0,0,0,0.01,2.865015776,0,0.0225,2.865015776,0,0.04,2.865015776
2.99,2.877163698,1.217705734,2.722291794,2.847765492,2.797368284,0,0,0,0,0.01,2.877163698,0,0.0225,2.877163698,0,0.04,2.877163698
3,2.889347998,1.21258959,3.003890578,2.89639607,3.08267672,0,0,0,0,0.01,2.889347998,0,0.0225,2.889347998,0,0.04,2.889347998
3.01,2.901444017,1.208764065,2.944033801,2.932640882,3.042870166,0,0,0,0,0.01,2.901444017,0,0.0225,2.901444017,0,0.04,2.901444017
3.02,2.913456375,1.189384666,2.916902423,2.785350918,3.130044039,0,0,0,0,0.01,2.913456375,0,0.0225,2.913456375,0,0.04,2.913456375
3.03,2.925285014,1.187623846,2.772539054,3.138289723,2.869095351,0,0,0,0,0.01,2.925285014,0,0.0225,2.925285014,0,0.04,2.925285014
3.04,2.937301859,1.203708725,2.945267767,3.423165649,2.880919167,0,0,0,0,0.01,2.937301859,0,0.0225,2.937301859,0,0.04,2.937301859
3.05,2.949361727,1.192077237,2.987609821,3.164284547,2.79590858,0,0,0,0,0.01,2.949361727,0,0.0225,2.949361727,0,0.04,2.949361727
3.06,2.961451601,1.219939681,2.935041444,2.852568946,3.290922559,0,0,0,0,0.01,2.961451601,0,0.0225,2.961451601,0,0.04,2.961451601
3.07,2.973522494,1.204054807,2.777765704,2.754945402,2.851304315,0,0,0,0,0.01,2.973522494,0,0.0225,2.973522494,0,0.04,2.973522494
3.08,2.985475449,1.192434123,2.894155758,2.901730143,3.089198218,0,0,0,0,0.01,2.985475449,0,0.0225,2.985475449,0,0.04,2.985475449
3.09,2.997449168,1.201906039,3.18459666,3.26694394,2.932068278,0,0,0,0,0.01,2.997449168,0,0.0225,2.997449168,0,0.04,2.997449168
3.1,3.009378455,1.171979423,2.980505611,2.79260072,2.829704941,0,0,0,0,0.01,3.009378455,0,0.0225,3.009378455,0,0.04,3.009378455
3.11,3.021166397,1.175084835,2.822545485,3.157012718,2.571045387,0,0,0,0,0.01,3.021166397,0,0.0225,3.021166397,0,0.04,3.021166397
3.12,3.032966297,1.187940925,2.991653094,2.959769845,3.215653379,0,0,0,0,0.01,3.032966297,0,0.0225,3.032966297,0,0.04,3.032966297
3.13,3.044790793,1.182316876,3.016275377,2.935789997,2.877427412,0,0,0,0,0.01,3.044790793,0,0.0225,3.044790793,0,0.04,3.044790793
3.14,3.056518415,1.165569142,3.167244544,2.827774833,3.172612388,0,0,0,0,0.01,3.056518415,0,0.0225,3.056518415,0,0.04,3.056518415
3.15,3.068209591,1.181652263,3.217263542,3.311349665,3.338138905,0,0,0,0,0.01,3.068209591,0,0.0225,3.068209591,0,0.04,3.068209591
3.16,3.080092729,1.19291284,2.980345476,3.332628986,2.949439565,0,0,0,0,0.01,3.080092729,0,0.0225,3.080092729,0,0.04,3.080092729
3.17,3.091936792,1.175528044,3.078782732,3.278278994,3.12204169,0,0,0,0,0.01,3.091936792,0,0.0225,3.091936792,0,0.04,3.091936792
3.18,3.103954945,1.209252696,2.961921911,2.9411627,3.175485195,0,0,0,0,0.01,3.103954945,0,0.0225,3.103954945,0,0.04,3.103954945
3.19,3.116142202,1.237664843,3.127502192,2.958796514,3.028065237,0,0,0,0,0.01,3.116142202,0,0.0225,3.116142202,0,0.04,3.116142202
3.2,3.128688857,1.272065387,3.25159243,3.126759433,2.897194414,0,0,0,0,0.01,3.128688857,0,0.0225,3.128688857,0,0.04,3.128688857
3.21,3.141338023,1.255646597,3.057686588,3.214658689,3.040359961,0,0,0,0,0.01,3.141338023,0,0.0225,3.141338023,0,0.04,3.141338023
3.22,3.154014802,1.252706798,3.226803775,3.245668947,3.63217861,0,0,0,0,0.01,3.154014802,0,0.0225,3.154014802,0,0.04,3.154014802
3.23,3.166538652,1.251600064,3.270599672,3.232920238,3.251548183,0,0,0,0,0.01,3.166538652,0,0.0225,3.166538652,0,0.04,3.166538652
3.24,3.179005454,1.236717399,3.35782748,3.250539886,3.370713017,0,0,0,0,0.01,3.179005454,0,0.0225,3.179005454,0,0.04,3.179005454
3.25,3.191411748,1.243045092,3.252107654,3.285967821,3.514065883,0,0,0,0,0.01,3.191411748,0,0.0225,3.191411748,0,0.04,3.191411748
3.26,3.203881045,1.261897724,3.372420028,3.075525857,2.957105842,0,0,0,0,0.01,3.203881045,0,0.0225,3.203881045,0,0.04,3.203881045
3.27,3.216696182,1.297863652,3.2112071,3.447493748,3.106389816,0,0,0,0,0.01,3.216696182,0,0.0225,3.216696182,0,0.04,3.216696182
3.28,3.229698601,1.318215117,3.265388815,3.395781963,3.3796635,0,0,0,0,0.01,3.229698601,0,0.0225,3.229698601,0,0.04,3.229698601
3.29,3.242594858,1.268929505,3.26673892,3.320071191,3.358094723,0,0,0,0,0.01,3.242594858,0,0.0225,3.242594858,0,0.04,3.242594858
3.3,3.255277419,1.250682471,3.293829897,3.067148365,3.404110597,0,0,0,0,0.01,3.255277419,0,0.0225,3.255277419,0,0.04,3.255277419
3.31,3.267703925,1.233182658,3.382294325,3.399541606,3.032400586,0,0,0,0,0.01,3.267703925,0,0.0225,3.267703925,0,0.04,3.267703925
3.32,3.279840554,1.203353838,3.192099102,3.487396756,3.0525543,0,0,0,0,0.01,3.279840554,0,0.0225,3.279840554,0,0.04,3.279840554
3.33,3.291708768,1.161227856,3.267004702,3.484606629,3.371381151,0,0,0,0,0.01,3.291708768,0,0.0225,3.291708768,0,0.04,3.291708768
3.34,3.303337884,1.168510402,3.324778758,3.413487358,3.719700178,0,0,0,0,0.01,3.303337884,0,0.0225,3.303337884,0,0.04,3.303337884
3.35,3.315045745,1.195146018,3.172722802,3.347917563,3.242863728,0,0,0,0,0.01,3.315045745,0,0.0225,3.315045745,0,0.04,3.315045745
3.36,3.327037063,1.21038669,3.343248666,3.277547029,3.487074524,0,0,0,0,0.01,3.327037063,0,0.0225,3.327037063,0,0.04,3.327037063
3.37,3.339075915,1.209534662,3.336221114,3.354734958,3.475929057,0,0,0,0,0.01,3.339075915,0,0.0225,3.339075915,0,0.04,3.339075915
3.38,3.351062071,1.18045615,3.493642113,3.452365408,2.901642196,0,0,0,0,0.01,3.351062071,0,0.0225,3.351062071,0,0.04,3.351062071
3.39,3.362628334,1.156092567,3.163516542,3.320247342,3.256499373,0,0,0,0,0.01,3.362628334,0,0.0225,3.362628334,0,0.04,3.362628334
3.4,3.374259986,1.151925465,3.349085432,3.208748575,3.401009225,0,0,0,0,0.01,3.374259986,0,0.0225,3.374259986,0,0.04,3.374259986
3.41,3.385590688,1.116654428,3.175168184,3.622187535,3.805160638,0,0,0,0,0.01,3.385590688,0,0.0225,3.385590688,0,0.04,3.385590688
3.42,3.396702362,1.112766763,3.430576305,3.226011949,3.323531381,0,0,0,0,0.01,3.396702362,0,0.0225,3.396702362,0,0.04,3.396702362
3.43,3.407863534,1.115399558,3.407957982,3.18828492,3.599513023,0,0,0,0,0.01,3.407863534,0,0.0225,3.407863534,0,0.04,3.407863534
3.44,3.419144374,1.150573647,3.509476165,3.45253184,3.335541992,0,0,0,0,0.01,3.419144374,0,0.0225,3.419144374,0,0.04,3.419144374
3.45,3.430739678,1.16877377,3.487184526,3.417306668,3.396192441,0,0,0,0,0.01,3.430739678,0,0.0225,3.430739678,0,0.04,3.430739678
3.46,3.442189516,1.128924974,3.545751351,3.483200275,3.123069045,0,0,0,0,0.01,3.442189516,0,0.0225,3.442189516,0,0.04,3.442189516
3.47,3.453523852,1.145952603,3.530938542,3.368584135,3.068491407,0,0,0,0,0.01,3.453523852,0,0.0225,3.453523852,0,0.04,3.453523852
3.48,3.464854441,1.113282122,3.586305327,3.363613861,3.325196246,0,0,0,0,0.01,3.464854441,0,0.0225,3.464854441,0,0.04,3.464854441
3.49,3.476065361,1.13313421,3.413305376,3.801299348,3.195472949,0,0,0,0,0.01,3.476065361,0,0.0225,3.476065361,0,0.04,3.476065361
3.5,3.487388716,1.114388511,3.312604364,3.337094308,3.387897097,0,0,0,0,0.01,3.487388716,0,0.0225,3.487388716,0,0.04,3.487388716
3.51,3.498588196,1.128633727,3.495932977,3.580375364,3.427691453,0,0,0,0,0.01,3.498588196,0,0.0225,3.498588196,0,0.04,3.498588196
3.52,3.509800422,1.096082587,3.484273965,3.48551108,3.241566281,0,0,0,0,0.01,3.509800422,0,0.0225,3.509800422,0,0.04,3.509800422
3.53,3.520705752,1.082442538,3.625663631,3.365565117,3.512646995,0,0,0,0,0.01,3.520705752,0,0.0225,3.520705752,0,0.04,3.520705752
3.54,3.531530645,1.075997496,3.427036987,3.444080615,3.669500619,0,0,0,0,0.01,3.531530645,0,0.0225,3.531530645,0,0.04,3.531530645
3.55,3.542301314,1.091537839,3.580408437,3.534751373,3.401489315,0,0,0,0,0.01,3.542301314,0,0.0225,3.542301314,0,0.04,3.542301314
3.56,3.553141483,1.07391138,3.5193948,3.547347012,3.710314353,0,0,0,0,0.01,3.553141483,0,0.0225,3.553141483,0,0.04,3.553141483
3.57,3.563892867,1.060636205,3.471911213,3.591734464,3.475934878,0,0,0,0,0.01,3.563892867,0,0.0225,3.563892867,0,0.04,3.563892867
3.58,3.574368376,1.043696346,3.66556524,3.394920907,3.449182191,0,0,0,0,0.01,3.574368376,0,0.0225,3.574368376,0,0.04,3.574368376
3.59,3.584895902,1.064515051,3.641116244,3.881445188,3.904983643,0,0,0,0,0.01,3.584895902,0,0.0225,3.584895902,0,0.04,3.584895902
3.6,3.595578735,1.078504561,3.4366421,3.512443276,3.723011035,0,0,0,0,0.01,3.595578735,0,0.0225,3.595578735,0,0.04,3.595578735
3.61,3.606188366,1.061756786,3.655113407,3.672939087,3.387820659,0,0,0,0,0.01,3.606188366,0,0.0225,3.606188366,0,0.04,3.606188366
3.62,3.616805732,1.076000768,3.62338103,3.360916613,3.95910769,0,0,0,0,0.01,3.616805732,0,0.0225,3.616805732,0,0.04,3.616805732
3.63,3.627431404,1.054187493,3.873536023,3.870401957,3.712589014,0,0,0,0,0.01,3.627431404,0,0.0225,3.627431404,0,0.04,3.627431404
3.64,3.63803381,1.078581781,3.543208137,3.619199518,3.436520105,0,0,0,0,0.01,3.63803381,0,0.0225,3.63803381,0,0.04,3.63803381
3.65,3.648805123,1.094706708,3.769306523,3.705779395,3.678051351,0,0,0,0,0.01,3.648805123,0,0.0225,3.648805123,0,0.04,3.648805123
3.66,3.659696829,1.084275838,3.597463784,3.543158228,3.371820256,0,0,0,0,0.01,3.659696829,0,0.0225,3.659696829,0,0.04,3.659696829
3.67,3.670655847,1.110918836,3.720505915,3.485650194,3.562607398,0,0,0,0,0.01,3.670655847,0,0.0225,3.670655847,0,0.04,3.670655847
3.68,3.681651171,1.094156284,3.602802595,3.548339792,3.488006855,0,0,0,0,0.01,3.681651171,0,0.0225,3.681651171,0,0.04,3.681651171
3.69,3.692545852,1.093739082,3.814398158,3.806531513,3.574073418,0,0,0,0,0.01,3.692545852,0,0.0225,3.692545852,0,0.04,3.692545852
3.7,3.703505707,1.099232422,3.765847913,3.73994364,3.848542831,0,0,0,0,0.01,3.703505707,0,0.0225,3.703505707,0,0.04,3.703505707
3.71,3.714484216,1.10054855,3.722087872,3.577154268,3.577941348,0,0,0,0,0.01,3.714484216,0,0.0225,3.714484216,0,0.04,3.714484216
3.72,3.72536931,1.057685558,3.724302338,3.459210888,3.4787766,0,0,0,0,0.01,3.72536931,0,0.0225,3.72536931,0,0.04,3.72536931
3.73,3.735857473,1.035338528,3.990077525,3.465627726,3.870511041,0,0,0,0,0.01,3.735857473,0,0.0225,3.735857473,0,0.04,3.735857473
3.74,3.746136659,1.032633451,3.682359286,3.847650657,3.701391113,0,0,0,0,0.01,3.746136659,0,0.0225,3.746136659,0,0.04,3.746136659
3.75,3.756587441,1.053819535,3.678377653,3.711313655,3.327887488,0,0,0,0,0.01,3.756587441,0,0.0225,3.756587441,0,0.04,3.756587441
3.76,3.767211297,1.052935508,3.651820626,3.800493993,3.773399583,0,0,0,0,0.01,3.767211297,0,0.0225,3.767211297,0,0.04,3.767211297
3.77,3.777660122,1.050402296,3.82971856,3.773301494,4.182952495,0,0,0,0,0.01,3.777660122,0,0.0225,3.777660122,0,0.04,3.777660122
3.78,3.788166814,1.03321461,3.800265866,3.7564745,3.813311342,0,0,0,0,0.01,3.788166814,0,0.0225,3.788166814,0,0.04,3.788166814
3.79,3.798384706,1.027820431,3.66198673,3.58645303,3.971722966,0,0,0,0,0.01,3.798384706,0,0.0225,3.798384706,0,0.04,3.798384706
3.8,3.808630719,1.030993189,3.925483297,3.474015518,4.000212034,0,0,0,0,0.01,3.808630719,0,0.0225,3.808630719,0,0.04,3.808630719
3.81,3.818873352,1.011863087,3.896331912,3.996942306,4.009319625,0,0,0,0,0.01,3.818873352,0,0.0225,3.818873352,0,0.04,3.818873352
3.82,3.828979589,0.9950976266,3.753926459,3.914621878,3.602976462,0,0,0,0,0.01,3.828979589,0,0.0225,3.828979589,0,0.04,3.828979589
3.83,3.839041345,1.049270309,3.894521203,3.910067917,3.903235975,0,0,0,0,0.01,3.839041345,0,0.0225,3.839041345,0,0.04,3.839041345
3.84,3.849707264,1.075695201,3.739056907,3.747337929,3.645093577,0,0,0,0,0.01,3.849707264,0,0.0225,3.849707264,0,0.04,3.849707264
3.85,3.860547233,1.087147015,3.913338703,3.903236109,3.650705675,0,0,0,0,0.01,3.860547233,0,0.0225,3.860547233,0,0.04,3.860547233
3.86,3.871460567,1.083885869,3.890563173,3.746040532,3.929657937,0,0,0,0,0.01,3.871460567,0,0.0225,3.871460567,0,0.04,3.871460567
3.87,3.882444122,1.10103949,3.841076646,3.943470877,3.774615923,0,0,0,0,0.01,3.882444122,0,0.0225,3.882444122,0,0.04,3.882444122
3.88,3.893432199,1.105152334,3.894897898,3.908251441,3.677513661,0,0,0,0,0.01,3.893432199,0,0.0225,3.893432199,0,0.04,3.893432199
3.89,3.904520546,1.116236399,3.951602996,3.979837272,3.798457914,0,0,0,0,0.01,3.904520546,0,0.0225,3.904520546,0,0.04,3.904520546
3.9,3.915646504,1.106765765,3.930516863,4.260213557,4.21307606,0,0,0,0,0.01,3.915646504,0,0.0225,3.915646504,0,0.04,3.915646504
3.91,3.92677507,1.10835824,4.009661375,4.018688285,3.681375098,0,0,0,0,0.01,3.92677507,0,0.0225,3.92677507,0,0.04,3.92677507
3.92,3.937806434,1.086330665,4.043841449,3.785566146,3.982124355,0,0,0,0,0.01,3.937806434,0,0.0225,3.937806434,0,0.04,3.937806434
3.93,3.948629131,1.057950737,3.998547649,4.337767409,3.802323876,0,0,0,0,0.01,3.948629131,0,0.0225,3.948629131,0,0.04,3.948629131
3.94,3.959203079,1.063683811,3.885761974,3.781363146,4.19288718,0,0,0,0,0.01,3.959203079,0,0.0225,3.959203079,0,0.04,3.959203079
3.95,3.970252387,1.117760695,3.881120999,3.930466817,4.05620316,0,0,0,0,0.01,3.970252387,0,0.0225,3.970252387,0,0.04,3.970252387
3.96,3.981478243,1.134382704,4.131372333,4.082959886,4.099062105,0,0,0,0,0.01,3.981478243,0,0.0225,3.981478243,0,0.04,3.981478243
3.97,3.992810488,1.139025398,3.986277867,4.108903826,4.009793754,0,0,0,0,0.01,3.992810488,0,0.0225,3.992810488,0,0.04,3.992810488
3.98,4.004207728,1.16073772,3.985456507,3.848332315,4.051018468,0,0,0,0,0.01,4.004207728,0,0.0225,4.004207728,0,0.04,4.004207728
3.99,4.015737063,1.157155922,4.018521967,3.958251528,3.791812046,0,0,0,0,0.01,4.015737063,0,0.0225,4.015737063,0,0.04,4.015737063
4,4.027411402,1.166384436,3.989139715,3.971338698,4.004555349,0,0,0,0,0.01,4.027411402,0,0.0225,4.027411402,0,0.04,4.027411402
4.01,4.038913488,1.15326477,4.223746664,3.945765402,3.996632647,0,0,0,0,0.01,4.038913488,0,0.0225,4.038913488,0,0.04,4.038913488
4.02,4.050201473,1.118754759,4.142748123,4.14701504,4.444095248,0,0,0,0,0.01,4.050201473,0,0.0225,4.050201473,0,0.04,4.050201473
4.03,4.061479957,1.108869155,4.192076252,4.063258808,4.182032754,0,0,0,0,0.01,4.061479957,0,0.0225,4.061479957,0,0.04,4.061479957
4.04,4.072732658,1.120850484,4.198964066,4.341154338,4.231853092,0,0,0,0,0.01,4.072732658,0,0.0225,4.072732658,0,0.04,4.072732658
4.05,4.084110803,1.125575183,4.081299281,4.024988009,3.764130513,0,0,0,0,0.01,4.084110803,0,0.0225,4.084110803,0,0.04,4.084110803
4.06,4.095535924,1.149618729,4.202310533,4.265692301,3.715962339,0,0,0,0,0.01,4.095535924,0,0.0225,4.095535924,0,0.04,4.095535924
4.07,4.107089451,1.156536817,3.999211144,4.101827824,4.070661255,0,0,0,0,0.01,4.107089451,0,0.0225,4.107089451,0,0.04,4.107089451
4.08,4.118444398,1.120755364,4.063469769,4.142501731,4.087189783,0,0,0,0,0.01,4.118444398,0,0.0225,4.118444398,0,0.04,4.118444398
4.09,4.129714979,1.120595936,4.371824156,4.384964355,4.123302394,0,0,0,0,0.01,4.129714979,0,0.0225,4.129714979,0,0.04,4.129714979
4.1,4.141005452,1.126579102,4.197341871,4.148083949,4.14230841,0,0,0,0,0.01,4.141005452,0,0.0225,4.141005452,0,0.04,4.141005452
4.11,4.152368711,1.147360202,4.133198232,4.240748155,4.246646076,0,0,0,0,0.01,4.152368711,0,0.0225,4.152368711,0,0.04,4.152368711
4.12,4.164035682,1.170869557,4.105451928,4.128685196,4.139381762,0,0,0,0,0.01,4.164035682,0,0.0225,4.164035682,0,0.04,4.164035682
4.13,4.175610133,1.154348051,4.107723166,4.055796818,4.491869466,0,0,0,0,0.01,4.175610133,0,0.0225,4.175610133,0,0.04,4.175610133
4.14,4.187219478,1.158646534,4.072936567,4.107378951,4.129661175,0,0,0,0,0.01,4.187219478,0,0.0225,4.187219478,0,0.04,4.187219478
4.15,4.198694502,1.15550439,4.351324958,3.947665992,4.531795453,0,0,0,0,0.01,4.198694502,0,0.0225,4.198694502,0,0.04,4.198694502
4.16,4.21020722,1.141644274,4.07268614,3.966450398,4.444153363,0,0,0,0,0.01,4.21020722,0,0.0225,4.21020722,0,0.04,4.21020722
4.17,4.221628368,1.14429112,4.124604672,4.165052913,4.3135101,0,0,0,0,0.01,4.221628368,0,0.0225,4.221628368,0,0.04,4.221628368
4.18,4.233005198,1.123216606,4.188806471,4.392405431,4.406931862,0,0,0,0,0.01,4.233005198,0,0.0225,4.233005198,0,0.04,4.233005198
4.19,4.244400954,1.149735755,4.285231578,4.310552235,4.129067398,0,0,0,0,0.01,4.244400954,0,0.0225,4.244400954,0,0.04,4.244400954
4.2,4.255953571,1.159620598,4.19641264,3.986025282,4.33434583,0,0,0,0,0.01,4.255953571,0,0.0225,4.255953571,0,0.04,4.255953571
4.21,4.267730306,1.198742564,4.363927829,4.270696565,4.142700916,0,0,0,0,0.01,4.267730306,0,0.0225,4.267730306,0,0.04,4.267730306
4.22,4.279743562,1.196238638,4.376272843,4.251484786,4.321961098,0,0,0,0,0.01,4.279743562,0,0.0225,4.279743562,0,0.04,4.279743562
4.23,4.29195138,1.227776664,4.100604741,4.223471714,4.424823495,0,0,0,0,0.01,4.29195138,0,0.0225,4.29195138,0,0.04,4.29195138
4.24,4.304352225,1.242839449,4.335884933,4.358480189,4.838853955,0,0,0,0,0.01,4.304352225,0,0.0225,4.304352225,0,0.04,4.304352225
4.25,4.316648848,1.22025943,4.363259522,4.189750742,4.019805964,0,0,0,0,0.01,4.316648848,0,0.0225,4.316648848,0,0.04,4.316648848
4.26,4.328969852,1.244875216,4.450463468,4.231587293,4.202022396,0,0,0,0,0.01,4.328969852,0,0.0225,4.328969852,0,0.04,4.328969852
4.27,4.341460924,1.268434691,4.315044248,4.429671807,4.381360625,0,0,0,0,0.01,4.341460924,0,0.0225,4.341460924,0,0.04,4.341460924
4.28,4.354264772,1.282529211,4.429267599,4.441947104,4.313253456,0,0,0,0,0.01,4.354264772,0,0.0225,4.354264772,0,0.04,4.354264772
4.29,4.367250112,1.329340074,4.238288697,4.524635438,4.224661048,0,0,0,0,0.01,4.367250112,0,0.0225,4.367250112,0,0.04,4.367250112
4.3,4.380659211,1.344483919,4.299164469,4.451664582,4.435002482,0,0,0,0,0.01,4.380659211,0,0.0225,4.380659211,0,0.04,4.380659211
4.31,4.394062646,1.342255284,4.50429847,4.254478565,4.296200341,0,0,0,0,0.01,4.394062646,0,0.0225,4.394062646,0,0.04,4.394062646
4.32,4.407542654,1.354963498,4.203475517,4.306408328,4.291872014,0,0,0,0,0.01,4.407542654,0,0.0225,4.407542654,0,0.04,4.407542654
4.33,4.42099339,1.354556351,4.391166582,4.365959957,4.264470439,0,0,0,0,0.01,4.42099339,0,0.0225,4.42099339,0,0.04,4.42099339
4.34,4.434638424,1.364640038,4.379362104,4.576589911,4.314377583,0,0,0,0,0.01,4.434638424,0,0.0225,4.434638424,0,0.04,4.434638424
4.35,4.44847079,1.397354811,4.391555831,4.321614026,4.58654053,0,0,0,0,0.01,4.44847079,0,0.0225,4.44847079,0,0.04,4.44847079
4.36,4.462396073,1.379679814,4.612911729,4.537696952,4.546973463,0,0,0,0,0.01,4.462396073,0,0.0225,4.462396073,0,0.04,4.462396073
4.37,4.476206887,1.374048616,4.594869634,4.383715299,4.625822516,0,0,0,0,0.01,4.476206887,0,0.0225,4.476206887,0,0.04,4.476206887
4.38,4.489834,1.340711521,4.653504822,4.517629438,4.518065693,0,0,0,0,0.01,4.489834,0,0.0225,4.489834,0,0.04,4.489834
4.39,4.503134886,1.345933444,4.550888449,4.30744031,4.309205202,0,0,0,0,0.01,4.503134886,0,0.0225,4.503134886,0,0.04,4.503134886
4.4,4.516620784,1.38292977,4.652756964,4.659274531,4.432902298,0,0,0,0,0.01,4.516620784,0,0.0225,4.516620784,0,0.04,4.516620784
4.41,4.530479263,1.38316035,4.586545061,4.529681228,4.382161588,0,0,0,0,0.01,4.530479263,0,0.0225,4.530479263,0,0.04,4.530479263
4.42,4.544260056,1.36827654,4.59499003,4.854149086,4.622111863,0,0,0,0,0.01,4.544260056,0,0.0225,4.544260056,0,0.04,4.544260056
4.43,4.55815491,1.391614062,4.336817812,4.817925945,4.485606566,0,0,0,0,0.01,4.55815491,0,0.0225,4.55815491,0,0.04,4.55815491
4.44,4.571816071,1.337939701,4.380254981,4.697825312,4.310432914,0,0,0,0,0.01,4.571816071,0,0.0225,4.571816071,0,0.04,4.571816071
4.45,4.585109246,1.313888667,4.650016177,4.75419011,4.06752185,0,0,0,0,0.01,4.585109246,0,0.0225,4.585109246,0,0.04,4.585109246
4.46,4.598149582,1.306323696,4.754207385,4.666444144,4.653369736,0,0,0,0,0.01,4.598149582,0,0.0225,4.598149582,0,0.04,4.598149582
4.47,4.611166652,1.298303429,4.588096525,4.647304288,4.244800909,0,0,0,0,0.01,4.611166652,0,0.0225,4.611166652,0,0.04,4.611166652
4.48,4.624358493,1.339647916,4.596545475,4.638241115,4.829965253,0,0,0,0,0.01,4.624358493,0,0.0225,4.624358493,0,0.04,4.624358493
4.49,4.637827593,1.353793994,4.634933577,4.612538171,4.731126709,0,0,0,0,0.01,4.637827593,0,0.0225,4.637827593,0,0.04,4.637827593
4.5,4.651495733,1.371961627,4.655133338,4.522297272,4.537099854,0,0,0,0,0.01,4.651495733,0,0.0225,4.651495733,0,0.04,4.651495733
4.51,4.665132107,1.361449405,4.789163996,4.709956766,4.628228307,0,0,0,0,0.01,4.665132107,0,0.0225,4.665132107,0,0.04,4.665132107
4.52,4.678630569,1.348514656,4.441388919,4.654809525,4.927786648,0,0,0,0,0.01,4.678630569,0,0.0225,4.678630569,0,0.04,4.678630569
4.53,4.692171645,1.342636954,4.786192326,4.870664536,4.715079081,0,0,0,0,0.01,4.692171645,0,0.0225,4.692171645,0,0.04,4.692171645
4.54,4.705478567,1.343754028,4.658406263,4.702485365,4.823484365,0,0,0,0,0.01,4.705478567,0,0.0225,4.705478567,0,0.04,4.705478567
4.55,4.719059285,1.376160752,4.717633947,4.703036268,4.700708676,0,0,0,0,0.01,4.719059285,0,0.0225,4.719059285,0,0.04,4.719059285
4.56,4.732678127,1.362976441,4.609020317,4.564537229,4.607108846,0,0,0,0,0.01,4.732678127,0,0.0225,4.732678127,0,0.04,4.732678127
4.57,4.746402415,1.380602055,4.947533013,4.679110822,4.598050714,0,0,0,0,0.01,4.746402415,0,0.0225,4.746402415,0,0.04,4.746402415
4.58,4.760064798,1.35603596,4.734052305,4.86803842,5.023028197,0,0,0,0,0.01,4.760064798,0,0.0225,4.760064798,0,0.04,4.760064798
4.59,4.773603274,1.342200473,4.941390072,4.735303633,4.821466599,0,0,0,0,0.01,4.773603274,0,0.0225,4.773603274,0,0.04,4.773603274
4.6,4.78717788,1.365366344,4.839370095,4.740599415,4.709656153,0,0,0,0,0.01,4.78717788,0,0.0225,4.78717788,0,0.04,4.78717788
4.61,4.800819841,1.355862164,4.97758168,4.881086533,4.628406274,0,0,0,0,0.01,4.800819841,0,0.0225,4.800819841,0,0.04,4.800819841
4.62,4.814238809,1.333176644,4.979990424,4.934868102,4.5879565,0,0,0,0,0.01,4.814238809,0,0.0225,4.814238809,0,0.04,4.814238809
4.63,4.82769623,1.365184631,4.858738224,4.920228469,4.964866662,0,0,0,0,0.01,4.82769623,0,0.0225,4.82769623,0,0.04,4.82769623
4.64,4.841390285,1.355331494,4.86301993,5.151686035,4.83450071,0,0,0,0,0.01,4.841390285,0,0.0225,4.841390285,0,0.04,4.841390285
4.65,4.854825149,1.340844156,4.847510298,5.0134884,4.436640793,0,0,0,0,0.01,4.854825149,0,0.0225,4.854825149,0,0.04,4.854825149
4.66,4.8681686,1.335431889,5.009135182,4.558457191,4.823534119,0,0,0,0,0.01,4.8681686,0,0.0225,4.8681686,0,0.04,4.8681686
4.67,4.881885443,1.403053614,4.877656317,4.850960898,4.815845054,0,0,0,0,0.01,4.881885443,0,0.0225,4.881885443,0,0.04,4.881885443
4.68,4.895988436,1.422988667,5.026651768,4.934466957,5.095003133,0,0,0,0,0.01,4.895988436,0,0.0225,4.895988436,0,0.04,4.895988436
4.69,4.910053126,1.406877672,4.940130277,4.926781264,4.971081489,0,0,0,0,0.01,4.910053126,0,0.0225,4.910053126,0,0.04,4.910053126
4.7,4.924201716,1.407534536,4.961451168,4.954722928,5.031169089,0,0,0,0,0.01,4.924201716,0,0.0225,4.924201716,0,0.04,4.924201716
4.71,4.938408761,1.43489293,4.960030198,5.09811427,4.976445893,0,0,0,0,0.01,4.938408761,0,0.0225,4.938408761,0,0.04,4.938408761
4.72,4.952590647,1.407308066,4.713153686,4.880885099,4.737816263,0,0,0,0,0.01,4.952590647,0,0.0225,4.952590647,0,0.04,4.952590647
4.73,4.966748247,1.420381355,5.080735554,4.900517893,4.56624219,0,0,0,0,0.01,4.966748247,0,0.0225,4.966748247,0,0.04,4.966748247
4.74,4.981086113,1.444968707,5.153642859,5.204731204,4.72218877,0,0,0,0,0.01,4.981086113,0,0.0225,4.981086113,0,0.04,4.981086113
4.75,4.995607579,1.438848573,4.968461956,5.150218086,5.122123446,0,0,0,0,0.01,4.995607579,0,0.0225,4.995607579,0,0.04,4.995607579
4.76,5.009948103,1.433333479,4.996254921,5.026329537,4.921316203,0,0,0,0,0.01,5.009948103,0,0.0225,5.009948103,0,0.04,5.009948103
4.77,5.024245952,1.416444133,4.935311831,5.137238032,4.892773611,0,0,0,0,0.01,5.024245952,0,0.0225,5.024245952,0,0.04,5.024245952
4.78,5.038064676,1.354349781,4.924811963,4.914679329,5.374293226,0,0,0,0,0.01,5.038064676,0,0.0225,5.038064676,0,0.04,5.038064676
4.79,5.051456365,1.353628976,4.933090996,5.174324049,4.846749103,0,0,0,0,0.01,5.051456365,0,0.0225,5.051456365,0,0.04,5.051456365
4.8,5.064922003,1.341470643,4.958748994,4.953680505,5.157312709,0,0,0,0,0.01,5.064922003,0,0.0225,5.064922003,0,0.04,5.064922003
4.81,5.078330222,1.34165672,5.031929232,5.178626594,4.690643445,0,0,0,0,0.01,5.078330222,0,0.0225,5.078330222,0,0.04,5.078330222
4.82,5.091970551,1.382611859,5.07643019,5.1063719,5.114951539,0,0,0,0,0.01,5.091970551,0,0.0225,5.091970551,0,0.04,5.091970551
4.83,5.105685302,1.357498775,5.109197653,5.200001079,4.861566948,0,0,0,0,0.01,5.105685302,0,0.0225,5.105685302,0,0.04,5.105685302
4.84,5.119311049,1.364062147,5.266231616,4.935963501,5.186026517,0,0,0,0,0.01,5.119311049,0,0.0225,5.119311049,0,0.04,5.119311049
4.85,5.132849169,1.365155198,5.276612382,5.066202122,5.181045883,0,0,0,0,0.01,5.132849169,0,0.0225,5.132849169,0,0.04,5.132849169
4.86,5.146567588,1.387532149,5.359654737,4.960202713,5.158342275,0,0,0,0,0.01,5.146567588,0,0.0225,5.146567588,0,0.04,5.146567588
4.87,5.160206299,1.347265495,5.140976595,5.312163932,4.913413728,0,0,0,0,0.01,5.160206299,0,0.0225,5.160206299,0,0.04,5.160206299
4.88,5.173620538,1.344922998,5.016381893,4.891007268,5.604193499,0,0,0,0,0.01,5.173620538,0,0.0225,5.173620538,0,0.04,5.173620538
4.89,5.186790178,1.309525455,5.263708349,5.00096678,4.995491352,0,0,0,0,0.01,5.186790178,0,0.0225,5.186790178,0,0.04,5.186790178
4.9,5.200011336,1.330343159,5.233812891,5.047696471,5.291202471,0,0,0,0,0.01,5.200011336,0,0.0225,5.200011336,0,0.04,5.200011336
4.91,5.213412579,1.366935181,5.277389493,5.264131715,5.280948993,0,0,0,0,0.01,5.213412579,0,0.0225,5.213412579,0,0.04,5.213412579
4.92,5.227108831,1.376545933,5.112792603,5.005476064,5.493960847,0,0,0,0,0.01,5.227108831,0,0.0225,5.227108831,0,0.04,5.227108831
4.93,5.240957745,1.391542092,5.436913712,5.362254702,4.840435293,0,0,0,0,0.01,5.240957745,0,0.0225,5.240957745,0,0.04,5.240957745
4.94,5.254779571,1.379574192,5.232794864,5.179662033,5.045210524,0,0,0,0,0.01,5.254779571,0,0.0225,5.254779571,0,0.04,5.254779571
4.95,5.268558896,1.381214423,5.152164981,5.24995163,5.226074977,0,0,0,0,0.01,5.268558896,0,0.0225,5.268558896,0,0.04,5.268558896
4.96,5.282437355,1.406875458,5.439109667,5.276667984,5.330060685,0,0,0,0,0.01,5.282437355,0,0.0225,5.282437355,0,0.04,5.282437355
4.97,5.296509265,1.393161009,5.244691677,5.034641216,5.21676767,0,0,0,0,0.01,5.296509265,0,0.0225,5.296509265,0,0.04,5.296509265
4.98,5.310167233,1.346713565,5.385144411,5.45817006,5.246592667,0,0,0,0,0.01,5.310167233,0,0.0225,5.310167233,0,0.04,5.310167233
4.99,5.323769778,1.367057494,5.404531367,5.096935622,5.509385117,0,0,0,0,0.01,5.323769778,0,0.0225,5.323769778,0,0.04,5.323769778
5,5.337434382,1.356393723,5.563845627,5.443974024,5.324864341,0,0,0,0,0.01,5.337434382,0,0.0225,5.337434382,0,0.04,5.337434382
5.01,5.350927159,1.350166651,5.343238692,5.660526316,5.425763328,0,0,0,0,0.01,5.350927159,0,0.0225,5.350927159,0,0.04,5.350927159
5.02,5.364416515,1.350350025,5.260752394,5.24034384,5.203232027,0,0,0,0,0.01,5.364416515,0,0.0225,5.364416515,0,0.04,5.364416515
5.03,5.378046176,1.388552718,5.367897877,5.245824078,5.315120728,0,0,0,0,0.01,5.378046176,0,0.0225,5.378046176,0,0.04,5.378046176
5.04,5.392035312,1.399654346,5.427993533,5.506668802,5.407507972,0,0,0,0,0.01,5.392035312,0,0.0225,5.392035312,0,0.04,5.392035312
5.05,5.406121521,1.414644585,5.331384287,5.410802542,5.301699493,0,0,0,0,0.01,5.406121521,0,0.0225,5.406121521,0,0.04,5.406121521
5.06,5.420017816,1.378795257,5.594550382,5.678745768,5.429922783,0,0,0,0,0.01,5.420017816,0,0.0225,5.420017816,0,0.04,5.420017816
5.07,5.433648762,1.34032421,5.383382249,5.168700362,5.469996902,0,0,0,0,0.01,5.433648762,0,0.0225,5.433648762,0,0.04,5.433648762
5.08,5.447054709,1.321630126,5.517567859,5.585150157,5.742246854,0,0,0,0,0.01,5.447054709,0,0.0225,5.447054709,0,0.04,5.447054709
5.09,5.460378516,1.333674177,5.46693678,5.561127983,5.332817427,0,0,0,0,0.01,5.460378516,0,0.0225,5.460378516,0,0.04,5.460378516
5.1,5.47349861,1.305110961,5.387293164,5.474696973,5.599885166,0,0,0,0,0.01,5.47349861,0,0.0225,5.47349861,0,0.04,5.47349861
5.11,5.486422383,1.263793819,5.399411758,5.557735544,5.395005351,0,0,0,0,0.01,5.486422383,0,0.0225,5.486422383,0,0.04,5.486422383
5.12,5.499078624,1.268145798,5.585856843,5.189204735,5.499214246,0,0,0,0,0.01,5.499078624,0,0.0225,5.499078624,0,0.04,5.499078624
5.13,5.511819527,1.315070709,5.536837912,5.39971435,5.200153661,0,0,0,0,0.01,5.511819527,0,0.0225,5.511819527,0,0.04,5.511819527
5.14,5.524851705,1.297326123,5.529295406,5.707473304,5.125225751,0,0,0,0,0.01,5.524851705,0,0.0225,5.524851705,0,0.04,5.524851705
5.15,5.537996889,1.323645169,5.395444696,5.465723624,5.567751734,0,0,0,0,0.01,5.537996889,0,0.0225,5.537996889,0,0.04,5.537996889
5.16,5.551220877,1.32631274,5.713838962,5.433813755,5.640812697,0,0,0,0,0.01,5.551220877,0,0.0225,5.551220877,0,0.04,5.551220877
5.17,5.564411823,1.309894417,5.664388004,5.622543308,5.516659857,0,0,0,0,0.01,5.564411823,0,0.0225,5.564411823,0,0.04,5.564411823
5.18,5.577437165,1.308426184,5.601836713,5.405965768,5.798738314,0,0,0,0,0.01,5.577437165,0,0.0225,5.577437165,0,0.04,5.577437165
5.19,5.590852036,1.348659094,5.542855712,5.683311212,5.446292803,0,0,0,0,0.01,5.590852036,0,0.0225,5.590852036,0,0.04,5.590852036
5.2,5.604309355,1.342472674,5.701263552,5.571479574,5.478568397,0,0,0,0,0.01,5.604309355,0,0.0225,5.604309355,0,0.04,5.604309355
5.21,5.617789858,1.334867637,5.589760821,5.64535329,5.568441567,0,0,0,0,0.01,5.617789858,0,0.0225,5.617789858,0,0.04,5.617789858
5.22,5.631128006,1.338813181,5.596074133,5.47476135,5.287835019,0,0,0,0,0.01,5.631128006,0,0.0225,5.631128006,0,0.04,5.631128006
5.23,5.644753232,1.363039601,5.660615248,5.607859935,5.752498001,0,0,0,0,0.01,5.644753232,0,0.0225,5.644753232,0,0.04,5.644753232
5.24,5.658363884,1.378741345,5.66809003,5.692651008,5.834478125,0,0,0,0,0.01,5.658363884,0,0.0225,5.658363884,0,0.04,5.658363884
5.25,5.6719264,1.348938511,5.781774113,5.908570103,5.482365343,0,0,0,0,0.01,5.6719264,0,0.0225,5.6719264,0,0.04,5.6719264
5.26,5.685298275,1.341525025,5.808082153,5.717290147,5.780919143,0,0,0,0,0.01,5.685298275,0,0.0225,5.685298275,0,0.04,5.685298275
5.27,5.698748755,1.354308442,5.695955239,5.554558959,5.635416894,0,0,0,0,0.01,5.698748755,0,0.0225,5.698748755,0,0.04,5.698748755
5.28,5.712353795,1.368474428,5.501592748,5.991650024,5.888651499,0,0,0,0,0.01,5.712353795,0,0.0225,5.712353795,0,0.04,5.712353795
5.29,5.72607784,1.379637291,5.54352482,5.490683768,5.965967724,0,0,0,0,0.01,5.72607784,0,0.0225,5.72607784,0,0.04,5.72607784
5.3,5.739843007,1.390540955,5.760868674,5.958472625,5.882911208,0,0,0,0,0.01,5.739843007,0,0.0225,5.739843007,0,0.04,5.739843007
5.31,5.753513862,1.371519734,5.782567409,5.623941048,5.342493449,0,0,0,0,0.01,5.753513862,0,0.0225,5.753513862,0,0.04,5.753513862
5.32,5.767208677,1.400971612,5.600612222,5.72818808,5.798038492,0,0,0,0,0.01,5.767208677,0,0.0225,5.767208677,0,0.04,5.767208677
5.33,5.781272331,1.418322324,5.711068219,5.873935203,5.885775229,0,0,0,0,0.01,5.781272331,0,0.0225,5.781272331,0,0.04,5.781272331
5.34,5.79544087,1.411921655,5.921290424,6.084512638,5.78625676,0,0,0,0,0.01,5.79544087,0,0.0225,5.79544087,0,0.04,5.79544087
5.35,5.809710842,1.444509779,5.724027726,5.780960282,5.982930987,0,0,0,0,0.01,5.809710842,0,0.0225,5.809710842,0,0.04,5.809710842
5.36,5.824229285,1.438459867,5.683909023,5.98710665,6.115375185,0,0,0,0,0.01,5.824229285,0,0.0225,5.824229285,0,0.04,5.824229285
5.37,5.838570587,1.429158539,5.747835749,6.10591696,5.379908529,0,0,0,0,0.01,5.838570587,0,0.0225,5.838570587,0,0.04,5.838570587
5.38,5.852904745,1.440228835,5.798858493,6.063890222,5.679275315,0,0,0,0,0.01,5.852904745,0,0.0225,5.852904745,0,0.04,5.852904745
5.39,5.867316965,1.428978272,5.913920072,5.771823483,6.217725566,0,0,0,0,0.01,5.867316965,0,0.0225,5.867316965,0,0.04,5.867316965
5.4,5.881662007,1.445096747,5.983377366,6.132434163,5.941605967,0,0,0,0,0.01,5.881662007,0,0.0225,5.881662007,0,0.04,5.881662007
5.41,5.896377173,1.495664591,5.860631911,5.778155464,6.389213305,0,0,0,0,0.01,5.896377173,0,0.0225,5.896377173,0,0.04,5.896377173
5.42,5.911256185,1.494254879,6.14098971,5.824148544,5.568938432,0,0,0,0,0.01,5.911256185,0,0.0225,5.911256185,0,0.04,5.911256185
5.43,5.926291695,1.496050061,5.964538596,5.673724327,5.936229212,0,0,0,0,0.01,5.926291695,0,0.0225,5.926291695,0,0.04,5.926291695
5.44,5.941432848,1.514375165,5.908719284,5.737511661,5.588335542,0,0,0,0,0.01,5.941432848,0,0.0225,5.941432848,0,0.04,5.941432848
5.45,5.956579057,1.505023162,5.941777625,5.906777388,5.525682617,0,0,0,0,0.01,5.956579057,0,0.0225,5.956579057,0,0.04,5.956579057
5.46,5.97160843,1.484366164,5.945494561,6.00277161,6.058080066,0,0,0,0,0.01,5.97160843,0,0.0225,5.97160843,0,0.04,5.97160843
5.47,5.986622854,1.508100714,6.070733031,6.235219651,6.042933487,0,0,0,0,0.01,5.986622854,0,0.0225,5.986622854,0,0.04,5.986622854
5.48,6.001882953,1.544924846,5.847749851,6.289025585,5.968482356,0,0,0,0,0.01,6.001882953,0,0.0225,6.001882953,0,0.04,6.001882953
5.49,6.017243042,1.542591503,6.127595306,5.890963954,5.782771991,0,0,0,0,0.01,6.017243042,0,0.0225,6.017243042,0,0.04,6.017243042
5.5,6.032699081,1.541449189,6.157190038,5.952691157,6.080791262,0,0,0,0,0.01,6.032699081,0,0.0225,6.032699081,0,0.04,6.032699081
5.51,6.04822771,1.53501331,6.023523499,5.85141694,5.835090856,0,0,0,0,0.01,6.04822771,0,0.0225,6.04822771,0,0.04,6.04822771
5.52,6.063516333,1.525759492,6.003289201,6.11307619,6.090011749,0,0,0,0,0.01,6.063516333,0,0.0225,6.063516333,0,0.04,6.063516333
5.53,6.078783827,1.51795228,6.007979988,6.220997495,5.82094679,0,0,0,0,0.01,6.078783827,0,0.0225,6.078783827,0,0.04,6.078783827
5.54,6.094065537,1.526920657,6.276903312,5.87625123,6.038995387,0,0,0,0,0.01,6.094065537,0,0.0225,6.094065537,0,0.04,6.094065537
5.55,6.109426953,1.539300606,6.235240225,5.797071813,6.286950367,0,0,0,0,0.01,6.109426953,0,0.0225,6.109426953,0,0.04,6.109426953
5.56,6.12493627,1.54218286,6.012806275,6.096215852,6.409933761,0,0,0,0,0.01,6.12493627,0,0.0225,6.12493627,0,0.04,6.12493627
5.57,6.140362468,1.537228222,6.090379134,6.106828387,6.31477802,0,0,0,0,0.01,6.140362468,0,0.0225,6.140362468,0,0.04,6.140362468
5.58,6.15607436,1.578658728,6.257364984,6.400244554,6.230736787,0,0,0,0,0.01,6.15607436,0,0.0225,6.15607436,0,0.04,6.15607436
5.59,6.171656112,1.531616802,6.099672359,6.380215355,6.068047452,0,0,0,0,0.01,6.171656112,0,0.0225,6.171656112,0,0.04,6.171656112
5.6,6.186970369,1.52718351,6.021649781,6.234194303,5.922258994,0,0,0,0,0.01,6.186970369,0,0.0225,6.186970369,0,0.04,6.186970369
5.61,6.20252586,1.569027107,6.10089396,6.070629779,6.135672566,0,0,0,0,0.01,6.20252586,0,0.0225,6.20252586,0,0.04,6.20252586
5.62,6.218213005,1.56202189,6.170386664,6.420782329,5.967366766,0,0,0,0,0.01,6.218213005,0,0.0225,6.218213005,0,0.04,6.218213005
5.63,6.233819604,1.553340884,6.358416027,6.178901464,6.095571754,0,0,0,0,0.01,6.233819604,0,0.0225,6.233819604,0,0.04,6.233819604
5.64,6.24935341,1.568524996,6.340289432,6.21260519,6.374367739,0,0,0,0,0.01,6.24935341,0,0.0225,6.24935341,0,0.04,6.24935341
5.65,6.264971066,1.562165386,6.053553364,6.114839552,6.079514674,0,0,0,0,0.01,6.264971066,0,0.0225,6.264971066,0,0.04,6.264971066
5.66,6.280820593,1.598600308,6.305103564,6.335922372,5.944916497,0,0,0,0,0.01,6.280820593,0,0.0225,6.280820593,0,0.04,6.280820593
5.67,6.296921154,1.630512743,6.284446369,6.444258678,6.05296545,0,0,0,0,0.01,6.296921154,0,0.0225,6.296921154,0,0.04,6.296921154
5.68,6.313295478,1.669870317,6.315520991,6.362934088,6.222307615,0,0,0,0,0.01,6.313295478,0,0.0225,6.313295478,0,0.04,6.313295478
5.69,6.329806075,1.661975571,6.302876217,6.384032025,6.575961366,0,0,0,0,0.01,6.329806075,0,0.0225,6.329806075,0,0.04,6.329806075
5.7,6.346484283,1.660090213,6.399458641,6.400149763,6.270529993,0,0,0,0,0.01,6.346484283,0,0.0225,6.346484283,0,0.04,6.346484283
5.71,6.363109906,1.664924444,6.392575127,6.170566395,6.186470126,0,0,0,0,0.01,6.363109906,0,0.0225,6.363109906,0,0.04,6.363109906
5.72,6.379853262,1.696383303,6.387308758,6.275161597,6.575415055,0,0,0,0,0.01,6.379853262,0,0.0225,6.379853262,0,0.04,6.379853262
5.73,6.396728254,1.675911145,6.437534985,6.267690358,6.420592488,0,0,0,0,0.01,6.396728254,0,0.0225,6.396728254,0,0.04,6.396728254
5.74,6.413603057,1.691696957,6.13260972,6.491524975,6.045226945,0,0,0,0,0.01,6.413603057,0,0.0225,6.413603057,0,0.04,6.413603057
5.75,6.430395295,1.680933991,6.390958839,6.281708668,6.280620241,0,0,0,0,0.01,6.430395295,0,0.0225,6.430395295,0,0.04,6.430395295
5.76,6.447050152,1.656960246,6.452509486,6.455889331,6.787072803,0,0,0,0,0.01,6.447050152,0,0.0225,6.447050152,0,0.04,6.447050152
5.77,6.463519832,1.646311852,6.488502746,6.388570824,6.529760187,0,0,0,0,0.01,6.463519832,0,0.0225,6.463519832,0,0.04,6.463519832
5.78,6.480102765,1.671901703,6.498397225,6.415865257,6.593747344,0,0,0,0,0.01,6.480102765,0,0.0225,6.480102765,0,0.04,6.480102765
5.79,6.497080419,1.698844019,6.557383572,6.630343714,6.634970547,0,0,0,0,0.01,6.497080419,0,0.0225,6.497080419,0,0.04,6.497080419
5.8,6.514029905,1.693084892,6.620392142,6.256151345,5.96167264,0,0,0,0,0.01,6.514029905,0,0.0225,6.514029905,0,0.04,6.514029905
5.81,6.531048628,1.715351083,6.415131126,6.516348191,6.400783441,0,0,0,0,0.01,6.531048628,0,0.0225,6.531048628,0,0.04,6.531048628
5.82,6.548500485,1.754816616,6.496252056,6.522725004,6.427580092,0,0,0,0,0.01,6.548500485,0,0.0225,6.548500485,0,0.04,6.548500485
5.83,6.566068373,1.747266577,6.556565211,6.334949202,6.715766257,0,0,0,0,0.01,6.566068373,0,0.0225,6.566068373,0,0.04,6.566068373
5.84,6.583510442,1.753648752,6.452989959,6.413525482,6.74065943,0,0,0,0,0.01,6.583510442,0,0.0225,6.583510442,0,0.04,6.583510442
5.85,6.601172883,1.767819267,6.741777225,6.330171896,6.492227388,0,0,0,0,0.01,6.601172883,0,0.0225,6.601172883,0,0.04,6.601172883
5.86,6.61890609,1.763862184,6.562364777,6.586933415,6.610617456,0,0,0,0,0.01,6.61890609,0,0.0225,6.61890609,0,0.04,6.61890609
5.87,6.636546693,1.747468614,6.623083565,6.874865656,7.079035338,0,0,0,0,0.01,6.636546693,0,0.0225,6.636546693,0,0.04,6.636546693
5.88,6.65387073,1.714324035,6.432579624,6.523669094,6.658911976,0,0,0,0,0.01,6.65387073,0,0.0225,6.65387073,0,0.04,6.65387073
5.89,6.671230227,1.746122564,6.621807241,6.636634676,6.586981209,0,0,0,0,0.01,6.671230227,0,0.0225,6.671230227,0,0.04,6.671230227
5.9,6.688524564,1.733568057,6.687289705,6.725226248,6.780955592,0,0,0,0,0.01,6.688524564,0,0.0225,6.688524564,0,0.04,6.688524564
5.91,6.705801418,1.729796588,6.576017123,6.735868079,6.559774196,0,0,0,0,0.01,6.705801418,0,0.0225,6.705801418,0,0.04,6.705801418
5.92,6.723139103,1.723315346,6.761634875,6.654028595,6.498178021,0,0,0,0,0.01,6.723139103,0,0.0225,6.723139103,0,0.04,6.723139103
5.93,6.74048754,1.738830524,6.78126773,6.51980119,6.72010336,0,0,0,0,0.01,6.74048754,0,0.0225,6.74048754,0,0.04,6.74048754
5.94,6.757786283,1.726515852,6.771210315,6.565113278,6.608414233,0,0,0,0,0.01,6.757786283,0,0.0225,6.757786283,0,0.04,6.757786283
5.95,6.775111068,1.750822944,6.924380432,6.873590501,6.8962604,0,0,0,0,0.01,6.775111068,0,0.0225,6.775111068,0,0.04,6.775111068
5.96,6.79243352,1.730965922,6.605246506,6.757637287,6.444483021,0,0,0,0,0.01,6.79243352,0,0.0225,6.79243352,0,0.04,6.79243352
5.97,6.809520828,1.6938663,6.777615866,6.747577159,6.928774815,0,0,0,0,0.01,6.809520828,0,0.0225,6.809520828,0,0.04,6.809520828
5.98,6.826364584,1.684897997,6.948246248,7.001988371,6.732602782,0,0,0,0,0.01,6.826364584,0,0.0225,6.826364584,0,0.04,6.826364584
5.99,6.843323153,1.700002491,6.816652659,6.745533199,7.045739194,0,0,0,0,0.01,6.843323153,0,0.0225,6.843323153,0,0.04,6.843323153
6,6.860390425,1.698917214,6.735020569,6.945961144,6.927526344,0,0,0,0,0.01,6.860390425,0,0.0225,6.860390425,0,0.04,6.860390425
6.01,6.877476422,1.726569516,6.861453905,6.901641032,6.875213674,0,0,0,0,0.01,6.877476422,0,0.0225,6.877476422,0,0.04,6.877476422
6.02,6.894709777,1.725307897,6.924111867,7.018719853,7.176554859,0,0,0,0,0.01,6.894709777,0,0.0225,6.894709777,0,0.04,6.894709777
6.03,6.911860973,1.696977138,6.840187039,6.888144884,6.841247498,0,0,0,0,0.01,6.911860973,0,0.0225,6.911860973,0,0.04,6.911860973
6.04,6.928692513,1.667067917,6.859015471,6.909710977,7.323829737,0,0,0,0,0.01,6.928692513,0,0.0225,6.928692513,0,0.04,6.928692513
6.05,6.94527803,1.634262745,6.667279981,7.152282505,6.961660698,0,0,0,0,0.01,6.94527803,0,0.0225,6.94527803,0,0.04,6.94527803
6.06,6.961729166,1.661743052,6.939481566,6.874954198,7.307447539,0,0,0,0,0.01,6.961729166,0,0.0225,6.961729166,0,0.04,6.961729166
6.07,6.978385772,1.66213354,7.066187441,6.903500873,7.262893053,0,0,0,0,0.01,6.978385772,0,0.0225,6.978385772,0,0.04,6.978385772
6.08,6.995158909,1.691665892,6.953678701,6.953093427,7.13772256,0,0,0,0,0.01,6.995158909,0,0.0225,6.995158909,0,0.04,6.995158909
6.09,7.012131023,1.712295372,7.040224582,6.804861194,6.74810954,0,0,0,0,0.01,7.012131023,0,0.0225,7.012131023,0,0.04,7.012131023
6.1,7.029337202,1.725544188,7.046236855,6.99482985,7.012179376,0,0,0,0,0.01,7.029337202,0,0.0225,7.029337202,0,0.04,7.029337202
6.11,7.046557933,1.713222264,7.162100782,6.896964701,7.374074513,0,0,0,0,0.01,7.046557933,0,0.0225,7.046557933,0,0.04,7.046557933
6.12,7.063770802,1.724365858,7.315870607,6.973515911,6.813290276,0,0,0,0,0.01,7.063770802,0,0.0225,7.063770802,0,0.04,7.063770802
6.13,7.081057798,1.718182555,7.102604248,6.685444255,7.137770702,0,0,0,0,0.01,7.081057798,0,0.0225,7.081057798,0,0.04,7.081057798
6.14,7.098101856,1.704020631,7.051534534,7.137654586,6.924124171,0,0,0,0,0.01,7.098101856,0,0.0225,7.098101856,0,0.04,7.098101856
6.15,7.115101853,1.691087128,7.016611577,7.000310052,7.095056194,0,0,0,0,0.01,7.115101853,0,0.0225,7.115101853,0,0.04,7.115101853
6.16,7.132009339,1.683417477,7.203517361,7.193334557,7.177977287,0,0,0,0,0.01,7.132009339,0,0.0225,7.132009339,0,0.04,7.132009339
6.17,7.148877056,1.699020791,7.094028347,7.187728879,7.100520953,0,0,0,0,0.01,7.148877056,0,0.0225,7.148877056,0,0.04,7.148877056
6.18,7.16583848,1.701906277,7.28817543,6.994457872,7.431466787,0,0,0,0,0.01,7.16583848,0,0.0225,7.16583848,0,0.04,7.16583848
6.19,7.182833924,1.703637903,7.087282819,7.209595349,7.288359719,0,0,0,0,0.01,7.182833924,0,0.0225,7.182833924,0,0.04,7.182833924
6.2,7.200175437,1.74010749,7.298850845,7.355502994,7.463174268,0,0,0,0,0.01,7.200175437,0,0.0225,7.200175437,0,0.04,7.200175437
6.21,7.21770767,1.78090086,7.172513862,7.078179756,7.256607545,0,0,0,0,0.01,7.21770767,0,0.0225,7.21770767,0,0.04,7.21770767
6.22,7.235675986,1.791175056,7.382745393,7.542452301,6.916071452,0,0,0,0,0.01,7.235675986,0,0.0225,7.235675986,0,0.04,7.235675986
6.23,7.253613271,1.7979969,7.06885187,7.282635417,7.206510366,0,0,0,0,0.01,7.253613271,0,0.0225,7.253613271,0,0.04,7.253613271
6.24,7.271542064,1.799553484,7.201118933,7.352271539,7.69640413,0,0,0,0,0.01,7.271542064,0,0.0225,7.271542064,0,0.04,7.271542064
6.25,7.289466451,1.790055726,7.455477315,7.151487322,7.459176042,0,0,0,0,0.01,7.289466451,0,0.0225,7.289466451,0,0.04,7.289466451
6.26,7.307471222,1.822801266,7.246887188,7.190439814,7.214037374,0,0,0,0,0.01,7.307471222,0,0.0225,7.307471222,0,0.04,7.307471222
6.27,7.325756324,1.830272249,7.339974162,7.239896251,7.676414671,0,0,0,0,0.01,7.325756324,0,0.0225,7.325756324,0,0.04,7.325756324
6.28,7.344215883,1.866426354,7.216591563,7.367645931,7.700886897,0,0,0,0,0.01,7.344215883,0,0.0225,7.344215883,0,0.04,7.344215883
6.29,7.362932062,1.878381875,7.261379788,7.357267291,7.355060089,0,0,0,0,0.01,7.362932062,0,0.0225,7.362932062,0,0.04,7.362932062
6.3,7.381387649,1.826101977,7.477424828,7.281646736,7.699704279,0,0,0,0,0.01,7.381387649,0,0.0225,7.381387649,0,0.04,7.381387649
6.31,7.399852391,1.856335861,7.393429173,7.394048078,7.306244615,0,0,0,0,0.01,7.399852391,0,0.0225,7.399852391,0,0.04,7.399852391
6.32,7.418545243,1.874636875,7.532903329,7.409869176,7.409274523,0,0,0,0,0.01,7.418545243,0,0.0225,7.418545243,0,0.04,7.418545243
6.33,7.437235841,1.861452354,7.504180329,7.562245453,7.570058694,0,0,0,0,0.01,7.437235841,0,0.0225,7.437235841,0,0.04,7.437235841
6.34,7.455756343,1.848551044,7.330387016,7.493829558,7.41960364,0,0,0,0,0.01,7.455756343,0,0.0225,7.455756343,0,0.04,7.455756343
6.35,7.474380612,1.850950371,7.458591336,7.38640154,7.582121722,0,0,0,0,0.01,7.474380612,0,0.0225,7.474380612,0,0.04,7.474380612
6.36,7.49296646,1.888885974,7.539353631,7.214541161,7.543649004,0,0,0,0,0.01,7.49296646,0,0.0225,7.49296646,0,0.04,7.49296646
6.37,7.511861405,1.909619965,7.588595587,7.450300336,7.602057663,0,0,0,0,0.01,7.511861405,0,0.0225,7.511861405,0,0.04,7.511861405
6.38,7.530676548,1.872316269,7.51839214,7.54737795,7.483377413,0,0,0,0,0.01,7.530676548,0,0.0225,7.530676548,0,0.04,7.530676548
6.39,7.549292563,1.843368497,7.559270771,7.496298817,7.444506599,0,0,0,0,0.01,7.549292563,0,0.0225,7.549292563,0,0.04,7.549292563
6.4,7.567798872,1.851017474,7.666540693,7.70665961,7.330115253,0,0,0,0,0.01,7.567798872,0,0.0225,7.567798872,0,0.04,7.567798872
6.41,7.586193429,1.822822258,7.470382983,7.711160592,7.668318541,0,0,0,0,0.01,7.586193429,0,0.0225,7.586193429,0,0.04,7.586193429
6.42,7.604353405,1.803419678,7.536495871,7.819904412,7.523966138,0,0,0,0,0.01,7.604353405,0,0.0225,7.604353405,0,0.04,7.604353405
6.43,7.622508451,1.831959758,7.568735497,7.874830989,7.71593532,0,0,0,0,0.01,7.622508451,0,0.0225,7.622508451,0,0.04,7.622508451
6.44,7.640833153,1.834746181,7.732511686,7.677925897,7.784703394,0,0,0,0,0.01,7.640833153,0,0.0225,7.640833153,0,0.04,7.640833153
6.45,7.659242814,1.855875319,7.481549871,7.639673348,7.467895122,0,0,0,0,0.01,7.659242814,0,0.0225,7.659242814,0,0.04,7.659242814
6.46,7.677911473,1.874101382,7.723454412,7.698171619,7.72815667,0,0,0,0,0.01,7.677911473,0,0.0225,7.677911473,0,0.04,7.677911473
6.47,7.69646613,1.863049874,7.616517138,7.780979198,7.529350682,0,0,0,0,0.01,7.69646613,0,0.0225,7.69646613,0,0.04,7.69646613
6.48,7.715093287,1.849506194,7.621011963,7.923280738,7.821060627,0,0,0,0,0.01,7.715093287,0,0.0225,7.715093287,0,0.04,7.715093287
6.49,7.733622435,1.853186417,7.730293581,7.799041088,7.563930821,0,0,0,0,0.01,7.733622435,0,0.0225,7.733622435,0,0.04,7.733622435
6.5,7.752218153,1.883258047,7.735479101,7.848752709,7.57505215,0,0,0,0,0.01,7.752218153,0,0.0225,7.752218153,0,0.04,7.752218153
6.51,7.771128951,1.903639684,7.689349384,7.75120311,7.667988949,0,0,0,0,0.01,7.771128951,0,0.0225,7.771128951,0,0.04,7.771128951
6.52,7.790261847,1.918015293,7.809070531,7.758836296,7.762071802,0,0,0,0,0.01,7.790261847,0,0.0225,7.790261847,0,0.04,7.790261847
6.53,7.809607462,1.937278137,7.73757987,7.667594715,7.822337689,0,0,0,0,0.01,7.809607462,0,0.0225,7.809607462,0,0.04,7.809607462
6.54,7.829049709,1.941565905,7.853509187,7.616144853,7.73048149,0,0,0,0,0.01,7.829049709,0,0.0225,7.829049709,0,0.04,7.829049709
6.55,7.848261102,1.882762644,7.866927754,7.826322531,7.807276732,0,0,0,0,0.01,7.848261102,0,0.0225,7.848261102,0,0.04,7.848261102
6.56,7.867253957,1.905725632,7.933357476,7.990234579,7.936985645,0,0,0,0,0.01,7.867253957,0,0.0225,7.867253957,0,0.04,7.867253957
6.57,7.88617534,1.876480549,7.956017971,7.872501231,7.82231949,0,0,0,0,0.01,7.88617534,0,0.0225,7.88617534,0,0.04,7.88617534
6.58,7.904962769,1.889548724,7.964494143,7.730061692,7.831262593,0,0,0,0,0.01,7.904962769,0,0.0225,7.904962769,0,0.04,7.904962769
6.59,7.923832179,1.874943143,7.802002695,7.859949392,7.890382766,0,0,0,0,0.01,7.923832179,0,0.0225,7.923832179,0,0.04,7.923832179
6.6,7.942794582,1.900333525,7.770027416,7.874175967,8.244835582,0,0,0,0,0.01,7.942794582,0,0.0225,7.942794582,0,0.04,7.942794582
6.61,7.961879497,1.911832312,7.883783402,7.776129578,8.291550143,0,0,0,0,0.01,7.961879497,0,0.0225,7.961879497,0,0.04,7.961879497
6.62,7.980974226,1.900064825,8.010969101,7.833146721,7.851405374,0,0,0,0,0.01,7.980974226,0,0.0225,7.980974226,0,0.04,7.980974226
6.63,8.00015918,1.938482857,7.999773631,8.32820038,7.974266709,0,0,0,0,0.01,8.00015918,0,0.0225,8.00015918,0,0.04,8.00015918
6.64,8.019597305,1.948959179,7.913241774,8.152003649,8.146567938,0,0,0,0,0.01,8.019597305,0,0.0225,8.019597305,0,0.04,8.019597305
6.65,8.039268723,1.974466049,8.099494377,7.791418959,8.104984023,0,0,0,0,0.01,8.039268723,0,0.0225,8.039268723,0,0.04,8.039268723
6.66,8.058782102,1.953014584,8.02608484,8.097445048,7.849448645,0,0,0,0,0.01,8.058782102,0,0.0225,8.058782102,0,0.04,8.058782102
6.67,8.078430169,1.959116489,8.007638966,7.885025024,8.256492328,0,0,0,0,0.01,8.078430169,0,0.0225,8.078430169,0,0.04,8.078430169
6.68,8.097872462,1.955674295,8.21089534,7.983066644,8.372477289,0,0,0,0,0.01,8.097872462,0,0.0225,8.097872462,0,0.04,8.097872462
6.69,8.11743536,1.960442334,8.276624406,8.076848841,8.22563099,0,0,0,0,0.01,8.11743536,0,0.0225,8.11743536,0,0.04,8.11743536
6.7,8.137039503,1.963568052,8.036248179,8.184761281,7.910829342,0,0,0,0,0.01,8.137039503,0,0.0225,8.137039503,0,0.04,8.137039503
6.71,8.156777673,1.983235795,8.256763262,8.11986433,7.99561333,0,0,0,0,0.01,8.156777673,0,0.0225,8.156777673,0,0.04,8.156777673
6.72,8.176483819,1.96099431,8.244982908,8.472973103,8.15561097,0,0,0,0,0.01,8.176483819,0,0.0225,8.176483819,0,0.04,8.176483819
6.73,8.196088018,1.95079776,8.291787519,8.034775345,8.157771336,0,0,0,0,0.01,8.196088018,0,0.0225,8.196088018,0,0.04,8.196088018
6.74,8.215636251,1.967784275,8.324478484,8.317662639,8.089733526,0,0,0,0,0.01,8.215636251,0,0.0225,8.215636251,0,0.04,8.215636251
6.75,8.23547085,1.967877742,8.382300642,8.187251758,8.533918404,0,0,0,0,0.01,8.23547085,0,0.0225,8.23547085,0,0.04,8.23547085
6.76,8.254958447,1.960164769,8.072971557,8.236531122,8.268130949,0,0,0,0,0.01,8.254958447,0,0.0225,8.254958447,0,0.04,8.254958447
6.77,8.274560895,1.960664106,8.282744764,8.11855133,8.384537902,0,0,0,0,0.01,8.274560895,0,0.0225,8.274560895,0,0.04,8.274560895
6.78,8.294039444,1.953609646,8.235256007,8.266321547,8.015514509,0,0,0,0,0.01,8.294039444,0,0.0225,8.294039444,0,0.04,8.294039444
6.79,8.313565605,1.94895754,8.38740203,8.189251341,8.296375764,0,0,0,0,0.01,8.313565605,0,0.0225,8.313565605,0,0.04,8.313565605
6.8,8.333040579,1.940675371,8.344051123,8.407560546,8.376525056,0,0,0,0,0.01,8.333040579,0,0.0225,8.333040579,0,0.04,8.333040579
6.81,8.352360962,1.918508385,8.25345754,8.699482296,8.210665644,0,0,0,0,0.01,8.352360962,0,0.0225,8.352360962,0,0.04,8.352360962
6.82,8.371691193,1.925935957,8.550868985,8.497445547,7.773547227,0,0,0,0,0.01,8.371691193,0,0.0225,8.371691193,0,0.04,8.371691193
6.83,8.390884576,1.89380582,8.325028538,8.56139166,8.417854348,0,0,0,0,0.01,8.390884576,0,0.0225,8.390884576,0,0.04,8.390884576
6.84,8.409827269,1.878485169,8.338583817,8.266454531,8.57883132,0,0,0,0,0.01,8.409827269,0,0.0225,8.409827269,0,0.04,8.409827269
6.85,8.42862535,1.871435168,8.465482347,8.279536017,8.280425196,0,0,0,0,0.01,8.42862535,0,0.0225,8.42862535,0,0.04,8.42862535
6.86,8.447306297,1.871721238,8.460479971,8.231077477,8.520639235,0,0,0,0,0.01,8.447306297,0,0.0225,8.447306297,0,0.04,8.447306297
6.87,8.466114532,1.882016132,8.521192354,7.959474816,8.406938073,0,0,0,0,0.01,8.466114532,0,0.0225,8.466114532,0,0.04,8.466114532
6.88,8.484822856,1.859778671,8.476551909,8.585540829,8.316673856,0,0,0,0,0.01,8.484822856,0,0.0225,8.484822856,0,0.04,8.484822856
6.89,8.503449836,1.854230388,8.50927503,8.278269507,8.558522185,0,0,0,0,0.01,8.503449836,0,0.0225,8.503449836,0,0.04,8.503449836
6.9,8.522141265,1.864504602,8.455901195,8.421509665,8.258475519,0,0,0,0,0.01,8.522141265,0,0.0225,8.522141265,0,0.04,8.522141265
6.91,8.540907457,1.874205884,8.358458696,8.392313166,8.201316871,0,0,0,0,0.01,8.540907457,0,0.0225,8.540907457,0,0.04,8.540907457
6.92,8.559563969,1.845101586,8.55775717,8.49320326,8.211636821,0,0,0,0,0.01,8.559563969,0,0.0225,8.559563969,0,0.04,8.559563969
6.93,8.577730492,1.790771167,8.45554351,8.58550123,8.51634923,0,0,0,0,0.01,8.577730492,0,0.0225,8.577730492,0,0.04,8.577730492
6.94,8.595502763,1.766859975,8.371870261,8.765276684,8.223487183,0,0,0,0,0.01,8.595502763,0,0.0225,8.595502763,0,0.04,8.595502763
6.95,8.613202412,1.765478555,8.495378054,8.409986015,8.540741678,0,0,0,0,0.01,8.613202412,0,0.0225,8.613202412,0,0.04,8.613202412
6.96,8.630883968,1.770729,8.57207397,8.750467126,8.683343979,0,0,0,0,0.01,8.630883968,0,0.0225,8.630883968,0,0.04,8.630883968
6.97,8.648652858,1.769546559,8.765703077,8.784903454,8.962320511,0,0,0,0,0.01,8.648652858,0,0.0225,8.648652858,0,0.04,8.648652858
6.98,8.666500262,1.80764578,8.652700238,8.410698705,8.689279969,0,0,0,0,0.01,8.666500262,0,0.0225,8.666500262,0,0.04,8.666500262
6.99,8.684396506,1.767642128,8.672460345,8.848586011,8.418021118,0,0,0,0,0.01,8.684396506,0,0.0225,8.684396506,0,0.04,8.684396506
7,8.702085925,1.785303974,8.639564173,8.856698032,8.190645444,0,0,0,0,0.01,8.702085925,0,0.0225,8.702085925,0,0.04,8.702085925
7.01,8.720085849,1.806913746,8.725323266,8.911725495,8.550302039,0,0,0,0,0.01,8.720085849,0,0.0225,8.720085849,0,0.04,8.720085849
7.02,8.738165999,1.825903359,8.834426998,8.606628914,8.876301234,0,0,0,0,0.01,8.738165999,0,0.0225,8.738165999,0,0.04,8.738165999
7.03,8.75617901,1.80248746,8.794409178,8.641244219,8.963492017,0,0,0,0,0.01,8.75617901,0,0.0225,8.75617901,0,0.04,8.75617901
7.04,8.774361168,1.85711862,8.625508299,8.759898809,8.850298637,0,0,0,0,0.01,8.774361168,0,0.0225,8.774361168,0,0.04,8.774361168
7.05,8.792988066,1.861351766,8.743015747,8.907367346,9.00230875,0,0,0,0,0.01,8.792988066,0,0.0225,8.792988066,0,0.04,8.792988066
7.06,8.811497584,1.848916946,8.78813505,8.773202627,8.884138296,0,0,0,0,0.01,8.811497584,0,0.0225,8.811497584,0,0.04,8.811497584
7.07,8.830073671,1.842949255,8.939355002,8.923277864,8.82286116,0,0,0,0,0.01,8.830073671,0,0.0225,8.830073671,0,0.04,8.830073671
7.08,8.848459597,1.851504464,8.882479329,8.736511622,9.104036551,0,0,0,0,0.01,8.848459597,0,0.0225,8.848459597,0,0.04,8.848459597
7.09,8.866750699,1.823048972,8.865284937,8.775312963,8.881473348,0,0,0,0,0.01,8.866750699,0,0.0225,8.866750699,0,0.04,8.866750699
7.1,8.884879849,1.810486961,8.872443016,9.186790339,8.798960811,0,0,0,0,0.01,8.884879849,0,0.0225,8.884879849,0,0.04,8.884879849
7.11,8.902915686,1.796509945,8.92328537,8.885892682,9.067468474,0,0,0,0,0.01,8.902915686,0,0.0225,8.902915686,0,0.04,8.902915686
7.12,8.920573565,1.749682105,8.997029627,8.911709923,8.856139083,0,0,0,0,0.01,8.920573565,0,0.0225,8.920573565,0,0.04,8.920573565
7.13,8.93803546,1.745959476,9.123723864,9.079349007,9.161872588,0,0,0,0,0.01,8.93803546,0,0.0225,8.93803546,0,0.04,8.93803546
7.14,8.955403896,1.739193654,8.817169148,8.913194924,8.897597431,0,0,0,0,0.01,8.955403896,0,0.0225,8.955403896,0,0.04,8.955403896
7.15,8.972731135,1.720405632,8.897770429,8.857839625,9.034866473,0,0,0,0,0.01,8.972731135,0,0.0225,8.972731135,0,0.04,8.972731135
7.16,8.989700268,1.686637799,8.908430888,8.830572298,9.011483565,0,0,0,0,0.01,8.989700268,0,0.0225,8.989700268,0,0.04,8.989700268
7.17,9.006488605,1.686937299,9.149898079,8.947652644,9.033857868,0,0,0,0,0.01,9.006488605,0,0.0225,9.006488605,0,0.04,9.006488605
7.18,9.023152432,1.651920424,8.958444895,9.002188221,9.099887506,0,0,0,0,0.01,9.023152432,0,0.0225,9.023152432,0,0.04,9.023152432
7.19,9.03951467,1.65501183,9.014262814,9.172710146,8.929204964,0,0,0,0,0.01,9.03951467,0,0.0225,9.03951467,0,0.04,9.03951467
7.2,9.056043533,1.659401292,9.139122437,9.185239379,9.209764605,0,0,0,0,0.01,9.056043533,0,0.0225,9.056043533,0,0.04,9.056043533
7.21,9.072767911,1.690481263,9.138117248,9.216423312,9.11221972,0,0,0,0,0.01,9.072767911,0,0.0225,9.072767911,0,0.04,9.072767911
7.22,9.089685316,1.696925665,9.179050713,9.122811055,9.025427182,0,0,0,0,0.01,9.089685316,0,0.0225,9.089685316,0,0.04,9.089685316
7.23,9.106554469,1.681507463,9.193110056,9.257135811,9.111067822,0,0,0,0,0.01,9.106554469,0,0.0225,9.106554469,0,0.04,9.106554469
7.24,9.123440093,1.681086834,9.123609814,9.233605169,8.89397206,0,0,0,0,0.01,9.123440093,0,0.0225,9.123440093,0,0.04,9.123440093
7.25,9.140345869,1.690420611,9.062547188,9.374995633,9.181040847,0,0,0,0,0.01,9.140345869,0,0.0225,9.140345869,0,0.04,9.140345869
7.26,9.157305629,1.7088319,9.277590873,9.420526266,9.115178064,0,0,0,0,0.01,9.157305629,0,0.0225,9.157305629,0,0.04,9.157305629
7.27,9.174349243,1.695012171,9.150402799,9.293929777,9.237430669,0,0,0,0,0.01,9.174349243,0,0.0225,9.174349243,0,0.04,9.174349243
7.28,9.191139425,1.670719187,9.237440379,9.203072117,9.22984951,0,0,0,0,0.01,9.191139425,0,0.0225,9.191139425,0,0.04,9.191139425
7.29,9.20772924,1.647417903,9.211926374,9.156088523,8.610126127,0,0,0,0,0.01,9.20772924,0,0.0225,9.20772924,0,0.04,9.20772924
7.3,9.224189556,1.634472095,9.421716961,9.42661458,9.13605827,0,0,0,0,0.01,9.224189556,0,0.0225,9.224189556,0,0.04,9.224189556
7.31,9.240683208,1.647684755,9.159602754,9.035034199,9.523834196,0,0,0,0,0.01,9.240683208,0,0.0225,9.240683208,0,0.04,9.240683208
7.32,9.257322094,1.650976064,9.109107064,9.040285354,9.296663521,0,0,0,0,0.01,9.257322094,0,0.0225,9.257322094,0,0.04,9.257322094
7.33,9.274030423,1.686008674,9.070810622,9.228751145,9.160391865,0,0,0,0,0.01,9.274030423,0,0.0225,9.274030423,0,0.04,9.274030423
7.34,9.290755599,1.675245369,9.349842078,9.479867421,8.934384496,0,0,0,0,0.01,9.290755599,0,0.0225,9.290755599,0,0.04,9.290755599
7.35,9.307544467,1.664401368,9.317038098,9.466086989,9.814036714,0,0,0,0,0.01,9.307544467,0,0.0225,9.307544467,0,0.04,9.307544467
7.36,9.324010685,1.631530593,9.156728669,9.154104261,9.368076732,0,0,0,0,0.01,9.324010685,0,0.0225,9.324010685,0,0.04,9.324010685
7.37,9.340296036,1.636672734,9.367349949,9.254884295,9.347373148,0,0,0,0,0.01,9.340296036,0,0.0225,9.340296036,0,0.04,9.340296036
7.38,9.356730064,1.638539113,9.484448307,9.535340393,9.659636863,0,0,0,0,0.01,9.356730064,0,0.0225,9.356730064,0,0.04,9.356730064
7.39,9.373036665,1.609472993,9.328098107,9.211868696,9.469996673,0,0,0,0,0.01,9.373036665,0,0.0225,9.373036665,0,0.04,9.373036665
7.4,9.389275708,1.625681781,9.343285762,9.541676754,9.649154694,0,0,0,0,0.01,9.389275708,0,0.0225,9.389275708,0,0.04,9.389275708
7.41,9.405475489,1.611417166,9.479334802,9.371536337,9.353109375,0,0,0,0,0.01,9.405475489,0,0.0225,9.405475489,0,0.04,9.405475489
7.42,9.421620077,1.615385702,9.484086839,9.223475235,9.189726638,0,0,0,0,0.01,9.421620077,0,0.0225,9.421620077,0,0.04,9.421620077
7.43,9.43773903,1.623393481,9.54639075,9.356357051,9.597026339,0,0,0,0,0.01,9.43773903,0,0.0225,9.43773903,0,0.04,9.43773903
7.44,9.453820462,1.606104862,9.469857461,9.478765696,9.705322578,0,0,0,0,0.01,9.453820462,0,0.0225,9.453820462,0,0.04,9.453820462
7.45,9.470025032,1.621070702,9.720854767,9.261649928,9.703628531,0,0,0,0,0.01,9.470025032,0,0.0225,9.470025032,0,0.04,9.470025032
7.46,9.486113505,1.591787719,9.439895884,9.346604521,9.486246223,0,0,0,0,0.01,9.486113505,0,0.0225,9.486113505,0,0.04,9.486113505
7.47,9.502233451,1.629428269,9.414278752,9.571235558,9.352880075,0,0,0,0,0.01,9.502233451,0,0.0225,9.502233451,0,0.04,9.502233451
7.48,9.518696654,1.660630023,9.51559295,9.421423026,9.421850298,0,0,0,0,0.01,9.518696654,0,0.0225,9.518696654,0,0.04,9.518696654
7.49,9.535424661,1.686923494,9.52502918,9.494864599,9.87130193,0,0,0,0,0.01,9.535424661,0,0.0225,9.535424661,0,0.04,9.535424661
7.5,9.552318117,1.690009218,9.600067367,9.6468945,9.404520922,0,0,0,0,0.01,9.552318117,0,0.0225,9.552318117,0,0.04,9.552318117
7.51,9.569116503,1.65304272,9.536829114,9.654144339,9.976389135,0,0,0,0,0.01,9.569116503,0,0.0225,9.569116503,0,0.04,9.569116503
7.52,9.585310739,1.607016626,9.589230933,9.292220688,9.912551136,0,0,0,0,0.01,9.585310739,0,0.0225,9.585310739,0,0.04,9.585310739
7.53,9.601382732,1.607269396,9.694943467,9.498000191,9.49931505,0,0,0,0,0.01,9.601382732,0,0.0225,9.601382732,0,0.04,9.601382732
7.54,9.617446563,1.591249874,9.657823893,9.760082728,9.557582365,0,0,0,0,0.01,9.617446563,0,0.0225,9.617446563,0,0.04,9.617446563
7.55,9.633474056,1.621105094,9.853532116,9.495995745,9.086498838,0,0,0,0,0.01,9.633474056,0,0.0225,9.633474056,0,0.04,9.633474056
7.56,9.649710082,1.631052402,9.841463582,9.630344296,9.681592995,0,0,0,0,0.01,9.649710082,0,0.0225,9.649710082,0,0.04,9.649710082
7.57,9.665861953,1.601777226,9.602463882,9.444014398,9.464183174,0,0,0,0,0.01,9.665861953,0,0.0225,9.665861953,0,0.04,9.665861953
7.58,9.681774378,1.588638002,9.821448754,9.479710004,9.383236645,0,0,0,0,0.01,9.681774378,0,0.0225,9.681774378,0,0.04,9.681774378
7.59,9.697802063,1.610726144,9.643614157,9.684155666,9.616921788,0,0,0,0,0.01,9.697802063,0,0.0225,9.697802063,0,0.04,9.697802063
7.6,9.714064397,1.636573493,9.667006627,9.594519922,9.716561309,0,0,0,0,0.01,9.714064397,0,0.0225,9.714064397,0,0.04,9.714064397
7.61,9.730450275,1.648499928,9.761054181,10.00044795,9.600209584,0,0,0,0,0.01,9.730450275,0,0.0225,9.730450275,0,0.04,9.730450275
7.62,9.74704545,1.653683203,9.667270035,9.512717191,9.886173658,0,0,0,0,0.01,9.74704545,0,0.0225,9.74704545,0,0.04,9.74704545
7.63,9.763648417,1.667639541,9.718264104,9.744962389,9.786073834,0,0,0,0,0.01,9.763648417,0,0.0225,9.763648417,0,0.04,9.763648417
7.64,9.780209124,1.640539722,9.713798748,9.792475116,9.74344131,0,0,0,0,0.01,9.780209124,0,0.0225,9.780209124,0,0.04,9.780209124
7.65,9.79667702,1.640554271,9.770792899,9.852512228,9.258774237,0,0,0,0,0.01,9.79667702,0,0.0225,9.79667702,0,0.04,9.79667702
7.66,9.812933282,1.606212652,9.91786969,9.623186174,9.76627514,0,0,0,0,0.01,9.812933282,0,0.0225,9.812933282,0,0.04,9.812933282
7.67,9.828998377,1.610328199,9.765405551,9.990844881,9.676419024,0,0,0,0,0.01,9.828998377,0,0.0225,9.828998377,0,0.04,9.828998377
7.68,9.84490154,1.580713118,9.93148729,9.877976323,9.972503641,0,0,0,0,0.01,9.84490154,0,0.0225,9.84490154,0,0.04,9.84490154
7.69,9.860603885,1.542858456,9.980133632,10.08157913,9.794376821,0,0,0,0,0.01,9.860603885,0,0.0225,9.860603885,0,0.04,9.860603885
7.7,9.876034878,1.551598942,9.78867784,9.8586245,9.451017406,0,0,0,0,0.01,9.876034878,0,0.0225,9.876034878,0,0.04,9.876034878
7.71,9.891512317,1.549967437,9.967383765,9.753331954,9.699852001,0,0,0,0,0.01,9.891512317,0,0.0225,9.891512317,0,0.04,9.891512317
7.72,9.90714539,1.578150745,9.976888007,9.679621304,10.04772561,0,0,0,0,0.01,9.90714539,0,0.0225,9.90714539,0,0.04,9.90714539
7.73,9.922896055,1.56624109,9.8054941,10.04854821,10.15503771,0,0,0,0,0.01,9.922896055,0,0.0225,9.922896055,0,0.04,9.922896055
7.74,9.93845304,1.551017677,10.02403001,9.831100874,10.08467032,0,0,0,0,0.01,9.93845304,0,0.0225,9.93845304,0,0.04,9.93845304
7.75,9.953875559,1.562061989,10.00203833,9.841651311,10.01695089,0,0,0,0,0.01,9.953875559,0,0.0225,9.953875559,0,0.04,9.953875559
7.76,9.969561095,1.571978118,10.03728938,10.03901207,10.03640892,0,0,0,0,0.01,9.969561095,0,0.0225,9.969561095,0,0.04,9.969561095
7.77,9.985231407,1.56405084,9.96257425,10.15839447,9.896249819,0,0,0,0,0.01,9.985231407,0,0.0225,9.985231407,0,0.04,9.985231407
7.78,10.00108087,1.592429487,9.927589154,9.822659999,10.18136267,0,0,0,0,0.01,10.00108087,0,0.0225,10.00108087,0,0.04,10.00108087
7.79,10.01689413,1.554854432,9.805825955,10.08520519,9.944472876,0,0,0,0,0.01,10.01689413,0,0.0225,10.01689413,0,0.04,10.01689413
7.8,10.03254622,1.587448185,9.966669886,10.16413633,10.40514151,0,0,0,0,0.01,10.03254622,0,0.0225,10.03254622,0,0.04,10.03254622
7.81,10.04847061,1.603604688,10.09188002,9.952913161,10.20434451,0,0,0,0,0.01,10.04847061,0,0.0225,10.04847061,0,0.04,10.04847061
7.82,10.06435048,1.56640557,10.011214,9.905922029,10.36662612,0,0,0,0,0.01,10.06435048,0,0.0225,10.06435048,0,0.04,10.06435048
7.83,10.08030062,1.622819237,10.01326738,9.982312225,9.988744532,0,0,0,0,0.01,10.08030062,0,0.0225,10.08030062,0,0.04,10.08030062
7.84,10.09676353,1.663127911,10.05664029,10.63794276,10.2912569,0,0,0,0,0.01,10.09676353,0,0.0225,10.09676353,0,0.04,10.09676353
7.85,10.11334508,1.661824955,10.1357027,10.02564853,9.840820066,0,0,0,0,0.01,10.11334508,0,0.0225,10.11334508,0,0.04,10.11334508
7.86,10.12974509,1.64562249,9.966954504,10.07963386,10.02939709,0,0,0,0,0.01,10.12974509,0,0.0225,10.12974509,0,0.04,10.12974509
7.87,10.1462768,1.690348903,10.32056321,10.37176292,10.03922814,0,0,0,0,0.01,10.1462768,0,0.0225,10.1462768,0,0.04,10.1462768
7.88,10.16310206,1.683401841,10.28036231,10.10594461,10.40392428,0,0,0,0,0.01,10.16310206,0,0.0225,10.16310206,0,0.04,10.16310206
7.89,10.17984849,1.680853857,10.12357289,10.32719983,10.2682906,0,0,0,0,0.01,10.17984849,0,0.0225,10.17984849,0,0.04,10.17984849
7.9,10.19649628,1.661836853,10.25057267,10.50835922,10.1852763,0,0,0,0,0.01,10.19649628,0,0.0225,10.19649628,0,0.04,10.19649628
7.91,10.21308907,1.646468552,10.34414205,10.4400204,10.05595494,0,0,0,0,0.01,10.21308907,0,0.0225,10.21308907,0,0.04,10.21308907
7.92,10.2297762,1.669875846,10.1923751,10.15534019,10.14323895,0,0,0,0,0.01,10.2297762,0,0.0225,10.2297762,0,0.04,10.2297762
7.93,10.24631548,1.647987617,10.26844745,10.29702157,10.14227759,0,0,0,0,0.01,10.24631548,0,0.0225,10.24631548,0,0.04,10.24631548
7.94,10.26280024,1.654401739,10.42630483,10.45387011,10.36442138,0,0,0,0,0.01,10.26280024,0,0.0225,10.26280024,0,0.04,10.26280024
7.95,10.27929069,1.647465905,10.39108119,10.31526726,10.39193399,0,0,0,0,0.01,10.27929069,0,0.0225,10.27929069,0,0.04,10.27929069
7.96,10.295986,1.666215989,10.06983278,10.17660129,10.37061628,0,0,0,0,0.01,10.295986,0,0.0225,10.295986,0,0.04,10.295986
7.97,10.31257183,1.659074039,10.3243888,10.12845604,10.43006327,0,0,0,0,0.01,10.31257183,0,0.0225,10.31257183,0,0.04,10.31257183
7.98,10.32921923,1.677344593,10.39377267,10.20824577,10.4578406,0,0,0,0,0.01,10.32921923,0,0.0225,10.32921923,0,0.04,10.32921923
7.99,10.34626499,1.728234695,10.30706962,10.22864066,10.48191557,0,0,0,0,0.01,10.34626499,0,0.0225,10.34626499,0,0.04,10.34626499
8,10.36365674,1.740542542,10.27974597,10.2968815,10.25485534,0,0,0,0,0.01,10.36365674,0,0.0225,10.36365674,0,0.04,10.36365674
8.01,10.38105133,1.742677726,10.38702869,10.36057866,10.62812436,0,0,0,0,0.01,10.38105133,0,0.0225,10.38105133,0,0.04,10.38105133
8.02,10.39852968,1.75572075,10.48878139,10.43447609,10.08578064,0,0,0,0,0.01,10.39852968,0,0.0225,10.39852968,0,0.04,10.39852968
8.03,10.41616093,1.768070307,10.37342682,10.35387047,10.57489974,0,0,0,0,0.01,10.41616093,0,0.0225,10.41616093,0,0.04,10.41616093
8.04,10.4338474,1.777927728,10.41364539,10.56034174,10.2418953,0,0,0,0,0.01,10.4338474,0,0.0225,10.4338474,0,0.04,10.4338474
8.05,10.45159096,1.780594009,10.48114125,10.5032108,10.19498046,0,0,0,0,0.01,10.45159096,0,0.0225,10.45159096,0,0.04,10.45159096
8.06,10.46919014,1.76189288,10.39354994,10.17007448,10.62846588,0,0,0,0,0.01,10.46919014,0,0.0225,10.46919014,0,0.04,10.46919014
8.07,10.48678412,1.756755313,10.51870187,10.49917309,10.43944591,0,0,0,0,0.01,10.48678412,0,0.0225,10.48678412,0,0.04,10.48678412
8.08,10.5044398,1.786875477,10.52806311,10.46654958,10.27759284,0,0,0,0,0.01,10.5044398,0,0.0225,10.5044398,0,0.04,10.5044398
8.09,10.52224949,1.772382688,10.35229723,10.53604642,10.53983543,0,0,0,0,0.01,10.52224949,0,0.0225,10.52224949,0,0.04,10.52224949
8.1,10.54007764,1.805238267,10.79944314,10.38642787,10.33922183,0,0,0,0,0.01,10.54007764,0,0.0225,10.54007764,0,0.04,10.54007764
8.11,10.55819207,1.8082784,10.79261587,10.2992068,10.51818782,0,0,0,0,0.01,10.55819207,0,0.0225,10.55819207,0,0.04,10.55819207
8.12,10.57635647,1.812356369,10.69366099,10.41028864,10.4721973,0,0,0,0,0.01,10.57635647,0,0.0225,10.57635647,0,0.04,10.57635647
8.13,10.59444219,1.803588136,10.43579322,10.22945926,10.44843449,0,0,0,0,0.01,10.59444219,0,0.0225,10.59444219,0,0.04,10.59444219
8.14,10.61240025,1.823006576,10.64907719,10.63618603,10.36468184,0,0,0,0,0.01,10.61240025,0,0.0225,10.61240025,0,0.04,10.61240025
8.15,10.63056077,1.81307913,10.59855332,10.83336185,10.45469707,0,0,0,0,0.01,10.63056077,0,0.0225,10.63056077,0,0.04,10.63056077
8.16,10.64862399,1.796037662,10.75817332,10.48230401,10.3432747,0,0,0,0,0.01,10.64862399,0,0.0225,10.64862399,0,0.04,10.64862399
8.17,10.66651259,1.793199018,10.51124245,10.64172431,10.73589652,0,0,0,0,0.01,10.66651259,0,0.0225,10.66651259,0,0.04,10.66651259
8.18,10.68434903,1.785232248,10.54426998,10.97881266,10.36505448,0,0,0,0,0.01,10.68434903,0,0.0225,10.68434903,0,0.04,10.68434903
8.19,10.70226773,1.778858559,10.73277283,10.74595912,10.45235971,0,0,0,0,0.01,10.70226773,0,0.0225,10.70226773,0,0.04,10.70226773
8.2,10.72021629,1.788887119,10.71189852,10.72611668,10.66509839,0,0,0,0,0.01,10.72021629,0,0.0225,10.72021629,0,0.04,10.72021629
8.21,10.73803721,1.755660492,10.7585703,10.86467687,10.99054157,0,0,0,0,0.01,10.73803721,0,0.0225,10.73803721,0,0.04,10.73803721
8.22,10.75581014,1.788128167,10.68679889,10.77083128,10.72906961,0,0,0,0,0.01,10.75581014,0,0.0225,10.75581014,0,0.04,10.75581014
8.23,10.77374817,1.807694696,10.87962271,10.63181951,10.66597738,0,0,0,0,0.01,10.77374817,0,0.0225,10.77374817,0,0.04,10.77374817
8.24,10.79202273,1.837940419,10.91142633,10.82169066,11.14425368,0,0,0,0,0.01,10.79202273,0,0.0225,10.79202273,0,0.04,10.79202273
8.25,10.81034298,1.819392534,10.68404547,10.83691664,10.93014281,0,0,0,0,0.01,10.81034298,0,0.0225,10.81034298,0,0.04,10.81034298
8.26,10.82855003,1.826794433,10.78510661,10.83932015,11.04873191,0,0,0,0,0.01,10.82855003,0,0.0225,10.82855003,0,0.04,10.82855003
8.27,10.8468533,1.839218151,11.00593101,10.93073011,10.6509047,0,0,0,0,0.01,10.8468533,0,0.0225,10.8468533,0,0.04,10.8468533
8.28,10.86512982,1.808540214,10.95271963,10.86001616,10.66877102,0,0,0,0,0.01,10.86512982,0,0.0225,10.86512982,0,0.04,10.86512982
8.29,10.88332514,1.825172411,10.93779539,10.92766441,10.81135349,0,0,0,0,0.01,10.88332514,0,0.0225,10.88332514,0,0.04,10.88332514
8.3,10.90160879,1.836519128,10.91692012,11.21109924,10.84951377,0,0,0,0,0.01,10.90160879,0,0.0225,10.90160879,0,0.04,10.90160879
8.31,10.91999991,1.842989944,11.0376442,11.09619605,10.63484842,0,0,0,0,0.01,10.91999991,0,0.0225,10.91999991,0,0.04,10.91999991
8.32,10.93845455,1.863510346,10.99989418,10.90069392,10.8049861,0,0,0,0,0.01,10.93845455,0,0.0225,10.93845455,0,0.04,10.93845455
8.33,10.95683701,1.813190817,11.08321989,10.78491043,10.9060962,0,0,0,0,0.01,10.95683701,0,0.0225,10.95683701,0,0.04,10.95683701
8.34,10.97501827,1.824772131,11.15616219,10.88815491,11.13485517,0,0,0,0,0.01,10.97501827,0,0.0225,10.97501827,0,0.04,10.97501827
8.35,10.9932753,1.804091186,11.05575728,10.89026083,10.94891455,0,0,0,0,0.01,10.9932753,0,0.0225,10.9932753,0,0.04,10.9932753
8.36,11.01131907,1.801181028,11.17751016,11.00975894,10.98577628,0,0,0,0,0.01,11.01131907,0,0.0225,11.01131907,0,0.04,11.01131907
8.37,11.0294473,1.825488045,11.05752678,10.93206619,11.38149359,0,0,0,0,0.01,11.0294473,0,0.0225,11.0294473,0,0.04,11.0294473
8.38,11.04772644,1.824702911,11.05109295,10.86486352,10.90437193,0,0,0,0,0.01,11.04772644,0,0.0225,11.04772644,0,0.04,11.04772644
8.39,11.06603442,1.82914617,11.11896251,11.19906817,10.94427632,0,0,0,0,0.01,11.06603442,0,0.0225,11.06603442,0,0.04,11.06603442
8.4,11.08446487,1.84007771,11.17362066,11.09640697,10.88454024,0,0,0,0,0.01,11.08446487,0,0.0225,11.08446487,0,0.04,11.08446487
8.41,11.10301014,1.862103496,11.22575875,11.17001739,11.32742399,0,0,0,0,0.01,11.10301014,0,0.0225,11.10301014,0,0.04,11.10301014
8.42,11.12146093,1.844614125,11.10799355,10.94114213,10.96336333,0,0,0,0,0.01,11.12146093,0,0.0225,11.12146093,0,0.04,11.12146093
8.43,11.13978303,1.831226898,11.18117253,11.17273248,11.04951925,0,0,0,0,0.01,11.13978303,0,0.0225,11.13978303,0,0.04,11.13978303
8.44,11.1582009,1.850453697,11.0951457,11.04827642,11.16774769,0,0,0,0,0.01,11.1582009,0,0.0225,11.1582009,0,0.04,11.1582009
8.45,11.17659921,1.802269372,11.04111223,11.15395213,11.52253938,0,0,0,0,0.01,11.17659921,0,0.0225,11.17659921,0,0.04,11.17659921
8.46,11.19461983,1.803636277,11.23440316,11.08845707,11.29430633,0,0,0,0,0.01,11.19461983,0,0.0225,11.19461983,0,0.04,11.19461983
8.47,11.21276894,1.818468835,11.25216355,11.31225997,10.65568275,0,0,0,0,0.01,11.21276894,0,0.0225,11.21276894,0,0.04,11.21276894
8.48,11.23087155,1.830926385,11.11235428,11.22244725,11.31416728,0,0,0,0,0.01,11.23087155,0,0.0225,11.23087155,0,0.04,11.23087155
8.49,11.24912046,1.816649683,11.31179784,11.34750019,10.93856008,0,0,0,0,0.01,11.24912046,0,0.0225,11.24912046,0,0.04,11.24912046
8.5,11.26726303,1.827542964,11.08905483,11.20772038,11.4348912,0,0,0,0,0.01,11.26726303,0,0.0225,11.26726303,0,0.04,11.26726303
8.51,11.28546656,1.820280912,11.41591528,11.16814875,11.20820751,0,0,0,0,0.01,11.28546656,0,0.0225,11.28546656,0,0.04,11.28546656
8.52,11.30370752,1.818526394,11.36287855,11.2437136,10.83070076,0,0,0,0,0.01,11.30370752,0,0.0225,11.30370752,0,0.04,11.30370752
8.53,11.32160323,1.773465271,11.40064042,11.22939317,11.43131395,0,0,0,0,0.01,11.32160323,0,0.0225,11.32160323,0,0.04,11.32160323
8.54,11.33934655,1.800930023,11.33501434,11.62986832,11.01084266,0,0,0,0,0.01,11.33934655,0,0.0225,11.33934655,0,0.04,11.33934655
8.55,11.3574876,1.831086021,11.30131796,11.46693096,11.40733372,0,0,0,0,0.01,11.3574876,0,0.0225,11.3574876,0,0.04,11.3574876
8.56,11.37584283,1.853319795,11.37883888,11.55447681,11.68107465,0,0,0,0,0.01,11.37584283,0,0.0225,11.37584283,0,0.04,11.37584283
8.57,11.39425049,1.840778849,11.1863181,11.63845991,10.82575807,0,0,0,0,0.01,11.39425049,0,0.0225,11.39425049,0,0.04,11.39425049
8.58,11.41250175,1.814651091,11.42289112,11.47834108,11.42665882,0,0,0,0,0.01,11.41250175,0,0.0225,11.41250175,0,0.04,11.41250175
8.59,11.43075803,1.84369355,11.51386881,11.46860908,11.69801235,0,0,0,0,0.01,11.43075803,0,0.0225,11.43075803,0,0.04,11.43075803
8.6,11.44914619,1.842297522,11.53874592,11.59835627,11.4310015,0,0,0,0,0.01,11.44914619,0,0.0225,11.44914619,0,0.04,11.44914619
8.61,11.46759757,1.861334472,11.55265284,11.3799343,11.44134868,0,0,0,0,0.01,11.46759757,0,0.0225,11.46759757,0,0.04,11.46759757
8.62,11.48615207,1.851086414,11.41239358,11.41499039,11.38773512,0,0,0,0,0.01,11.48615207,0,0.0225,11.48615207,0,0.04,11.48615207
8.63,11.50486952,1.890138213,11.35081439,11.44993606,11.89364105,0,0,0,0,0.01,11.50486952,0,0.0225,11.50486952,0,0.04,11.50486952
8.64,11.52366771,1.888067069,11.61001195,11.33176398,11.48840348,0,0,0,0,0.01,11.52366771,0,0.0225,11.52366771,0,0.04,11.52366771
8.65,11.54256713,1.898597938,11.4138513,11.58833065,11.65231532,0,0,0,0,0.01,11.54256713,0,0.0225,11.54256713,0,0.04,11.54256713
8.66,11.56125838,1.855203488,11.69095575,11.70258333,11.51640407,0,0,0,0,0.01,11.56125838,0,0.0225,11.56125838,0,0.04,11.56125838
8.67,11.5800249,1.885087341,11.51543939,11.74936406,11.3806227,0,0,0,0,0.01,11.5800249,0,0.0225,11.5800249,0,0.04,11.5800249
8.68,11.59876441,1.849161173,11.37595385,11.48627395,11.47634272,0,0,0,0,0.01,11.59876441,0,0.0225,11.59876441,0,0.04,11.59876441
8.69,11.61727189,1.856876258,11.5694511,11.4849266,11.59273333,0,0,0,0,0.01,11.61727189,0,0.0225,11.61727189,0,0.04,11.61727189
8.7,11.63569633,1.844513603,11.68745439,11.73868994,11.48792259,0,0,0,0,0.01,11.63569633,0,0.0225,11.63569633,0,0.04,11.63569633
8.71,11.65419689,1.863116367,11.55138278,11.75386654,11.80395299,0,0,0,0,0.01,11.65419689,0,0.0225,11.65419689,0,0.04,11.65419689
8.72,11.67263449,1.838322644,11.53671047,11.81494991,12.01360967,0,0,0,0,0.01,11.67263449,0,0.0225,11.67263449,0,0.04,11.67263449
8.73,11.69111841,1.856825489,11.68454406,11.61093679,11.92346321,0,0,0,0,0.01,11.69111841,0,0.0225,11.69111841,0,0.04,11.69111841
8.74,11.7095651,1.830360466,11.86319487,11.52530429,11.61064283,0,0,0,0,0.01,11.7095651,0,0.0225,11.7095651,0,0.04,11.7095651
8.75,11.72790543,1.829624689,11.75398676,11.79054371,11.59053716,0,0,0,0,0.01,11.72790543,0,0.0225,11.72790543,0,0.04,11.72790543
8.76,11.74600452,1.787030074,11.81457386,11.92995326,11.7743288,0,0,0,0,0.01,11.74600452,0,0.0225,11.74600452,0,0.04,11.74600452
8.77,11.7640168,1.80729323,11.72739502,11.73096516,11.89950393,0,0,0,0,0.01,11.7640168,0,0.0225,11.7640168,0,0.04,11.7640168
8.78,11.78202965,1.799826088,11.83235996,11.95180588,12.0389606,0,0,0,0,0.01,11.78202965,0,0.0225,11.78202965,0,0.04,11.78202965
8.79,11.79982662,1.766995766,11.74034397,11.8658985,12.22459481,0,0,0,0,0.01,11.79982662,0,0.0225,11.79982662,0,0.04,11.79982662
8.8,11.81757393,1.756115574,11.78855006,12.02852592,12.00862265,0,0,0,0,0.01,11.81757393,0,0.0225,11.81757393,0,0.04,11.81757393
8.81,11.83537173,1.788644558,11.84183782,12.03247869,11.9765039,0,0,0,0,0.01,11.83537173,0,0.0225,11.83537173,0,0.04,11.83537173
8.82,11.85317374,1.777487321,11.89400046,11.96603531,11.90252935,0,0,0,0,0.01,11.85317374,0,0.0225,11.85317374,0,0.04,11.85317374
8.83,11.87108265,1.803401234,11.78496392,11.96343308,11.52640405,0,0,0,0,0.01,11.87108265,0,0.0225,11.87108265,0,0.04,11.87108265
8.84,11.88876482,1.750660227,11.71923613,12.02703268,12.2195575,0,0,0,0,0.01,11.88876482,0,0.0225,11.88876482,0,0.04,11.88876482
8.85,11.90615015,1.732762907,12.02415492,11.93565793,11.89552276,0,0,0,0,0.01,11.90615015,0,0.0225,11.90615015,0,0.04,11.90615015
8.86,11.92331922,1.727437481,12.01745417,12.15151961,11.79017132,0,0,0,0,0.01,11.92331922,0,0.0225,11.92331922,0,0.04,11.92331922
8.87,11.94054226,1.723111159,11.88352644,12.15242912,11.79406378,0,0,0,0,0.01,11.94054226,0,0.0225,11.94054226,0,0.04,11.94054226
8.88,11.95773223,1.710629319,11.81793913,11.68353803,11.99453578,0,0,0,0,0.01,11.95773223,0,0.0225,11.95773223,0,0.04,11.95773223
8.89,11.97498876,1.731906931,11.95393019,12.06178359,12.35347193,0,0,0,0,0.01,11.97498876,0,0.0225,11.97498876,0,0.04,11.97498876
8.9,11.99216019,1.716680857,11.94838293,12.17755386,11.93758482,0,0,0,0,0.01,11.99216019,0,0.0225,11.99216019,0,0.04,11.99216019
8.91,12.00928311,1.711940072,11.97143771,12.03773915,11.66813247,0,0,0,0,0.01,12.00928311,0,0.0225,12.00928311,0,0.04,12.00928311
8.92,12.02627754,1.683906368,11.9088599,11.99258198,11.86511122,0,0,0,0,0.01,12.02627754,0,0.0225,12.02627754,0,0.04,12.02627754
8.93,12.0430711,1.663647918,12.22203694,11.9856397,11.61602931,0,0,0,0,0.01,12.0430711,0,0.0225,12.0430711,0,0.04,12.0430711
8.94,12.05960611,1.65178974,12.08973121,12.20694963,12.18802507,0,0,0,0,0.01,12.05960611,0,0.0225,12.05960611,0,0.04,12.05960611
8.95,12.07600735,1.644598641,12.0507528,12.06949802,11.85899404,0,0,0,0,0.01,12.07600735,0,0.0225,12.07600735,0,0.04,12.07600735
8.96,12.09252553,1.665709407,12.10229092,12.07051145,12.23254619,0,0,0,0,0.01,12.09252553,0,0.0225,12.09252553,0,0.04,12.09252553
8.97,12.10923022,1.682147274,12.27313189,12.05924941,11.57311525,0,0,0,0,0.01,12.10923022,0,0.0225,12.10923022,0,0.04,12.10923022
8.98,12.12632133,1.712335694,12.13266463,11.98237992,11.89953673,0,0,0,0,0.01,12.12632133,0,0.0225,12.12632133,0,0.04,12.12632133
8.99,12.14342287,1.700081336,12.09344996,11.9767624,11.97499907,0,0,0,0,0.01,12.14342287,0,0.0225,12.14342287,0,0.04,12.14342287
9,12.16044012,1.704812941,12.13314762,12.2984159,12.31694762,0,0,0,0,0.01,12.16044012,0,0.0225,12.16044012,0,0.04,12.16044012
9.01,12.17729978,1.685990453,12.29567026,12.44925009,12.22544228,0,0,0,0,0.01,12.17729978,0,0.0225,12.17729978,0,0.04,12.17729978
9.02,12.19399876,1.671425778,12.20178095,12.08951696,12.21549929,0,0,0,0,0.01,12.19399876,0,0.0225,12.19399876,0,0.04,12.19399876
9.03,12.21087929,1.703784252,12.12712834,12.19384729,12.4701075,0,0,0,0,0.01,12.21087929,0,0.0225,12.21087929,0,0.04,12.21087929
9.04,12.22783409,1.691680098,12.33609298,12.10580794,11.90465752,0,0,0,0,0.01,12.22783409,0,0.0225,12.22783409,0,0.04,12.22783409
9.05,12.24480386,1.700507699,12.1698827,12.46084861,12.37468265,0,0,0,0,0.01,12.24480386,0,0.0225,12.24480386,0,0.04,12.24480386
9.06,12.26185557,1.69882541,12.3468884,12.39734613,12.24958847,0,0,0,0,0.01,12.26185557,0,0.0225,12.26185557,0,0.04,12.26185557
9.07,12.27870014,1.683896309,12.25296516,12.46684251,12.30323774,0,0,0,0,0.01,12.27870014,0,0.0225,12.27870014,0,0.04,12.27870014
9.08,12.29556604,1.678540067,12.20178605,12.53988862,12.24649735,0,0,0,0,0.01,12.29556604,0,0.0225,12.29556604,0,0.04,12.29556604
9.09,12.31223651,1.654869636,12.28488652,12.32457915,12.0905561,0,0,0,0,0.01,12.31223651,0,0.0225,12.31223651,0,0.04,12.31223651
9.1,12.32890769,1.689610421,12.22164012,12.49443771,12.7421409,0,0,0,0,0.01,12.32890769,0,0.0225,12.32890769,0,0.04,12.32890769
9.11,12.34548274,1.657545861,12.34395032,12.3107574,12.64805281,0,0,0,0,0.01,12.34548274,0,0.0225,12.34548274,0,0.04,12.34548274
9.12,12.36206359,1.675225559,12.33141217,12.10520794,12.40604051,0,0,0,0,0.01,12.36206359,0,0.0225,12.36206359,0,0.04,12.36206359
9.13,12.37887262,1.680146431,12.37849566,12.64175911,12.46740747,0,0,0,0,0.01,12.37887262,0,0.0225,12.37887262,0,0.04,12.37887262
9.14,12.39573524,1.674205331,12.3492432,12.42175162,12.62258786,0,0,0,0,0.01,12.39573524,0,0.0225,12.39573524,0,0.04,12.39573524
9.15,12.41250899,1.682742542,12.31698785,12.31318137,12.0440735,0,0,0,0,0.01,12.41250899,0,0.0225,12.41250899,0,0.04,12.41250899
9.16,12.42950327,1.708896923,12.50610499,12.57159912,12.23548134,0,0,0,0,0.01,12.42950327,0,0.0225,12.42950327,0,0.04,12.42950327
9.17,12.44660303,1.714380862,12.33852159,12.49506367,12.61685735,0,0,0,0,0.01,12.44660303,0,0.0225,12.44660303,0,0.04,12.44660303
9.18,12.46369207,1.684122987,12.54299312,12.42742202,12.34159913,0,0,0,0,0.01,12.46369207,0,0.0225,12.46369207,0,0.04,12.46369207
9.19,12.48053373,1.682915725,12.39542781,12.72147326,12.18374687,0,0,0,0,0.01,12.48053373,0,0.0225,12.48053373,0,0.04,12.48053373
9.2,12.49748726,1.719782694,12.52258222,12.80412752,12.33769293,0,0,0,0,0.01,12.49748726,0,0.0225,12.49748726,0,0.04,12.49748726
9.21,12.51472894,1.72607813,12.48187618,12.9532254,12.53511357,0,0,0,0,0.01,12.51472894,0,0.0225,12.51472894,0,0.04,12.51472894
9.22,12.53190069,1.716134782,12.54717068,12.48106059,12.40443637,0,0,0,0,0.01,12.53190069,0,0.0225,12.53190069,0,0.04,12.53190069
9.23,12.54917217,1.723603047,12.51002653,12.87340884,12.68843451,0,0,0,0,0.01,12.54917217,0,0.0225,12.54917217,0,0.04,12.54917217
9.24,12.56636616,1.719714224,12.46861743,12.49633456,12.55399247,0,0,0,0,0.01,12.56636616,0,0.0225,12.56636616,0,0.04,12.56636616
9.25,12.58364705,1.718337052,12.57344884,12.55866157,12.628858,0,0,0,0,0.01,12.58364705,0,0.0225,12.58364705,0,0.04,12.58364705
9.26,12.60083302,1.720800926,12.5503281,12.68274433,12.53451033,0,0,0,0,0.01,12.60083302,0,0.0225,12.60083302,0,0.04,12.60083302
9.27,12.61807905,1.712817583,12.5616632,12.51398904,12.77709864,0,0,0,0,0.01,12.61807905,0,0.0225,12.61807905,0,0.04,12.61807905
9.28,12.63506712,1.693401012,12.76736735,12.64372583,12.70178581,0,0,0,0,0.01,12.63506712,0,0.0225,12.63506712,0,0.04,12.63506712
9.29,12.65196915,1.662462931,12.66153557,12.69546394,12.80398278,0,0,0,0,0.01,12.65196915,0,0.0225,12.65196915,0,0.04,12.65196915
9.3,12.66849479,1.63833479,12.75230475,12.56223453,12.69480885,0,0,0,0,0.01,12.66849479,0,0.0225,12.66849479,0,0.04,12.66849479
9.31,12.6847396,1.617768103,12.76652607,12.55636764,12.53372904,0,0,0,0,0.01,12.6847396,0,0.0225,12.6847396,0,0.04,12.6847396
9.32,12.7010845,1.620421265,12.8059682,12.88342934,12.72669257,0,0,0,0,0.01,12.7010845,0,0.0225,12.7010845,0,0.04,12.7010845
9.33,12.71716426,1.594426784,12.69071897,13.0694032,12.43924776,0,0,0,0,0.01,12.71716426,0,0.0225,12.71716426,0,0.04,12.71716426
9.34,12.73269214,1.536774462,12.62048735,12.47760813,12.51051714,0,0,0,0,0.01,12.73269214,0,0.0225,12.73269214,0,0.04,12.73269214
9.35,12.74799983,1.52611904,12.59424349,12.23617578,12.47596221,0,0,0,0,0.01,12.74799983,0,0.0225,12.74799983,0,0.04,12.74799983
9.36,12.76319144,1.517584964,12.77846398,12.90362995,13.14208559,0,0,0,0,0.01,12.76319144,0,0.0225,12.76319144,0,0.04,12.76319144
9.37,12.77836165,1.520246769,12.70242289,13.24652215,12.61509002,0,0,0,0,0.01,12.77836165,0,0.0225,12.77836165,0,0.04,12.77836165
9.38,12.79362032,1.515306378,12.57416453,12.48061125,12.89513753,0,0,0,0,0.01,12.79362032,0,0.0225,12.79362032,0,0.04,12.79362032
9.39,12.80880014,1.523585158,12.7221865,12.76260727,13.07585617,0,0,0,0,0.01,12.80880014,0,0.0225,12.80880014,0,0.04,12.80880014
9.4,12.82406703,1.511222667,12.87229472,12.46825461,12.71079847,0,0,0,0,0.01,12.82406703,0,0.0225,12.82406703,0,0.04,12.82406703
9.41,12.8395553,1.55578451,12.80150062,12.77868392,12.47630504,0,0,0,0,0.01,12.8395553,0,0.0225,12.8395553,0,0.04,12.8395553
9.42,12.85507394,1.558201795,12.84208291,12.86634269,12.82449066,0,0,0,0,0.01,12.85507394,0,0.0225,12.85507394,0,0.04,12.85507394
9.43,12.87034112,1.515023324,12.97753247,12.8082598,12.96973012,0,0,0,0,0.01,12.87034112,0,0.0225,12.87034112,0,0.04,12.87034112
9.44,12.88547054,1.507027539,12.99508074,12.99441814,13.01667159,0,0,0,0,0.01,12.88547054,0,0.0225,12.88547054,0,0.04,12.88547054
9.45,12.90037885,1.489763785,12.81590158,12.90895594,12.94002987,0,0,0,0,0.01,12.90037885,0,0.0225,12.90037885,0,0.04,12.90037885
9.46,12.91511615,1.463746763,12.91834224,13.19477301,13.10841044,0,0,0,0,0.01,12.91511615,0,0.0225,12.91511615,0,0.04,12.91511615
9.47,12.9294413,1.424564851,12.81199733,12.98692417,13.09645958,0,0,0,0,0.01,12.9294413,0,0.0225,12.9294413,0,0.04,12.9294413
9.48,12.94389401,1.434315953,13.00630389,13.04974489,13.26934684,0,0,0,0,0.01,12.94389401,0,0.0225,12.94389401,0,0.04,12.94389401
9.49,12.9579268,1.386971365,12.94730649,13.18820578,12.91172162,0,0,0,0,0.01,12.9579268,0,0.0225,12.9579268,0,0.04,12.9579268
9.5,12.97172893,1.386925219,13.07119144,12.91963371,13.17494006,0,0,0,0,0.01,12.97172893,0,0.0225,12.97172893,0,0.04,12.97172893
9.51,12.98565536,1.384638542,12.93586338,12.59251397,12.76798385,0,0,0,0,0.01,12.98565536,0,0.0225,12.98565536,0,0.04,12.98565536
9.52,12.99959939,1.382564443,12.98410774,13.04616909,12.70077658,0,0,0,0,0.01,12.99959939,0,0.0225,12.99959939,0,0.04,12.99959939
9.53,13.01340345,1.381426349,13.01828249,13.22302828,13.17181805,0,0,0,0,0.01,13.01340345,0,0.0225,13.01340345,0,0.04,13.01340345
9.54,13.02709473,1.358428314,13.00762401,13.06017459,12.87065276,0,0,0,0,0.01,13.02709473,0,0.0225,13.02709473,0,0.04,13.02709473
9.55,13.04060192,1.33989108,13.18235351,12.81926429,12.87403482,0,0,0,0,0.01,13.04060192,0,0.0225,13.04060192,0,0.04,13.04060192
9.56,13.0540463,1.345243699,13.07964247,13.14968235,13.16882807,0,0,0,0,0.01,13.0540463,0,0.0225,13.0540463,0,0.04,13.0540463
9.57,13.06749334,1.341481193,13.10646104,13.07920457,13.05552157,0,0,0,0,0.01,13.06749334,0,0.0225,13.06749334,0,0.04,13.06749334
9.58,13.08086831,1.328906526,13.04086231,13.15489291,12.77934225,0,0,0,0,0.01,13.08086831,0,0.0225,13.08086831,0,0.04,13.08086831
9.59,13.09396395,1.298228599,13.04244938,13.01877975,12.98938094,0,0,0,0,0.01,13.09396395,0,0.0225,13.09396395,0,0.04,13.09396395
9.6,13.10716436,1.319437375,13.17259797,13.02675094,13.08383068,0,0,0,0,0.01,13.10716436,0,0.0225,13.10716436,0,0.04,13.10716436
9.61,13.12034752,1.299819691,12.86493301,13.1751904,13.29103852,0,0,0,0,0.01,13.12034752,0,0.0225,13.12034752,0,0.04,13.12034752
9.62,13.13340794,1.306426955,12.98666635,13.01578543,12.85490934,0,0,0,0,0.01,13.13340794,0,0.0225,13.13340794,0,0.04,13.13340794
9.63,13.14671654,1.335929342,13.04587049,12.97195481,13.2694687,0,0,0,0,0.01,13.14671654,0,0.0225,13.14671654,0,0.04,13.14671654
9.64,13.16002181,1.325633667,13.09628097,13.06615544,13.03826564,0,0,0,0,0.01,13.16002181,0,0.0225,13.16002181,0,0.04,13.16002181
9.65,13.17313996,1.289424927,13.0643732,13.36717086,13.01733513,0,0,0,0,0.01,13.17313996,0,0.0225,13.17313996,0,0.04,13.17313996
9.66,13.18602004,1.301681493,13.11359963,13.29986314,13.496235,0,0,0,0,0.01,13.18602004,0,0.0225,13.18602004,0,0.04,13.18602004
9.67,13.19889948,1.269756263,13.11786541,13.00876252,13.55102446,0,0,0,0,0.01,13.19889948,0,0.0225,13.19889948,0,0.04,13.19889948
9.68,13.21178073,1.30395987,13.13622691,12.98192426,13.29385001,0,0,0,0,0.01,13.21178073,0,0.0225,13.21178073,0,0.04,13.21178073
9.69,13.22466564,1.279340325,13.27528873,13.05644512,13.27715669,0,0,0,0,0.01,13.22466564,0,0.0225,13.22466564,0,0.04,13.22466564
9.7,13.23765755,1.317115534,13.3511335,13.02430239,13.21672905,0,0,0,0,0.01,13.23765755,0,0.0225,13.23765755,0,0.04,13.23765755
9.71,13.25070318,1.296232377,13.22226357,13.22015721,13.27616502,0,0,0,0,0.01,13.25070318,0,0.0225,13.25070318,0,0.04,13.25070318
9.72,13.26390583,1.339907312,13.22891614,13.4129129,13.30652964,0,0,0,0,0.01,13.26390583,0,0.0225,13.26390583,0,0.04,13.26390583
9.73,13.27701796,1.300497961,13.18132733,13.2440875,13.09234167,0,0,0,0,0.01,13.27701796,0,0.0225,13.27701796,0,0.04,13.27701796
9.74,13.28991777,1.29102605,13.53423529,13.05463119,12.98854151,0,0,0,0,0.01,13.28991777,0,0.0225,13.28991777,0,0.04,13.28991777
9.75,13.30291159,1.298744816,13.33960641,13.03546991,13.34795495,0,0,0,0,0.01,13.30291159,0,0.0225,13.30291159,0,0.04,13.30291159
9.76,13.3159065,1.282110572,13.36357215,13.1422719,13.34524083,0,0,0,0,0.01,13.3159065,0,0.0225,13.3159065,0,0.04,13.3159065
9.77,13.32867029,1.281930302,13.31670182,13.48308215,12.89911372,0,0,0,0,0.01,13.32867029,0,0.0225,13.32867029,0,0.04,13.32867029
9.78,13.34133424,1.247825573,13.20244937,13.25864994,13.26435219,0,0,0,0,0.01,13.34133424,0,0.0225,13.34133424,0,0.04,13.34133424
9.79,13.35391668,1.267535112,13.45896873,13.37834019,13.35864267,0,0,0,0,0.01,13.35391668,0,0.0225,13.35391668,0,0.04,13.35391668
9.8,13.36653304,1.285364365,13.46351805,13.36157834,13.12213035,0,0,0,0,0.01,13.36653304,0,0.0225,13.36653304,0,0.04,13.36653304
9.81,13.37952403,1.321361715,13.41398434,13.04766896,13.41437207,0,0,0,0,0.01,13.37952403,0,0.0225,13.37952403,0,0.04,13.37952403
9.82,13.39274578,1.324099547,13.45283886,13.2517711,13.53559768,0,0,0,0,0.01,13.39274578,0,0.0225,13.39274578,0,0.04,13.39274578
9.83,13.40599274,1.327245689,13.37843462,13.33253057,13.7146399,0,0,0,0,0.01,13.40599274,0,0.0225,13.40599274,0,0.04,13.40599274
9.84,13.41952495,1.375058586,13.34954235,13.68920335,13.32221594,0,0,0,0,0.01,13.41952495,0,0.0225,13.41952495,0,0.04,13.41952495
9.85,13.43317554,1.36327791,13.40421264,13.42799176,13.30457216,0,0,0,0,0.01,13.43317554,0,0.0225,13.43317554,0,0.04,13.43317554
9.86,13.44703163,1.374781342,13.56632465,13.32508834,13.55474677,0,0,0,0,0.01,13.44703163,0,0.0225,13.44703163,0,0.04,13.44703163
9.87,13.46079544,1.388371224,13.44291573,13.49847561,13.55752102,0,0,0,0,0.01,13.46079544,0,0.0225,13.46079544,0,0.04,13.46079544
9.88,13.47464676,1.376975333,13.49461799,13.25262713,13.34813581,0,0,0,0,0.01,13.47464676,0,0.0225,13.47464676,0,0.04,13.47464676
9.89,13.48827637,1.340005818,13.5518213,13.47378139,13.56798951,0,0,0,0,0.01,13.48827637,0,0.0225,13.48827637,0,0.04,13.48827637
9.9,13.50171827,1.340291342,13.47622781,13.57288589,13.62424657,0,0,0,0,0.01,13.50171827,0,0.0225,13.50171827,0,0.04,13.50171827
9.91,13.51480521,1.285081785,13.58410143,13.41178186,13.50338192,0,0,0,0,0.01,13.51480521,0,0.0225,13.51480521,0,0.04,13.51480521
9.92,13.52780225,1.307018826,13.51567264,13.47757939,13.29160513,0,0,0,0,0.01,13.52780225,0,0.0225,13.52780225,0,0.04,13.52780225
9.93,13.54090683,1.316399826,13.65734165,13.44643974,13.79511904,0,0,0,0,0.01,13.54090683,0,0.0225,13.54090683,0,0.04,13.54090683
9.94,13.55412766,1.335186496,13.63151086,13.48911735,13.42124471,0,0,0,0,0.01,13.55412766,0,0.0225,13.55412766,0,0.04,13.55412766
9.95,13.56773111,1.36706601,13.76401207,13.38806685,13.67338273,0,0,0,0,0.01,13.56773111,0,0.0225,13.56773111,0,0.04,13.56773111
9.96,13.58138265,1.372883925,13.43834214,13.55598646,13.69810113,0,0,0,0,0.01,13.58138265,0,0.0225,13.58138265,0,0.04,13.58138265
9.97,13.59518124,1.384701242,13.65107504,13.67011729,13.60442854,0,0,0,0,0.01,13.59518124,0,0.0225,13.59518124,0,0.04,13.59518124
9.98,13.60903197,1.368508776,13.64558198,13.58131135,13.57344936,0,0,0,0,0.01,13.60903197,0,0.0225,13.60903197,0,0.04,13.60903197
9.99,13.62284869,1.384287044,13.66787048,13.73537127,13.51579058,0,0,0,0,0.01,13.62284869,0,0.0225,13.62284869,0,0.04,13.62284869
10,13.63662835,1.373605439,13.49325771,13.40283525,13.74113355,0,0,0,0,0.01,13.63662835,0,0.0225,13.63662835,0,0.04,13.63662835
10.01,13.65050736,1.40169041,13.81161448,13.46160591,13.57033157,0,0,0,0,0.01,13.65050736,0,0.0225,13.65050736,0,0.04,13.65050736
10.02,13.66453336,1.396391386,13.79792233,13.64020387,13.5596656,0,0,0,0,0.01,13.66453336,0,0.0225,13.66453336,0,0.04,13.66453336
10.03,13.67849431,1.368355154,13.73382751,13.82877253,13.34507283,0,0,0,0,0.01,13.67849431,0,0.0225,13.67849431,0,0.04,13.67849431
10.04,13.69215164,1.380850255,13.78652882,13.81893324,13.86042814,0,0,0,0,0.01,13.69215164,0,0.0225,13.69215164,0,0.04,13.69215164
10.05,13.70588778,1.361163929,13.5837731,13.702862,13.41083869,0,0,0,0,0.01,13.70588778,0,0.0225,13.70588778,0,0.04,13.70588778
10.06,13.71962678,1.378813211,13.73880087,13.73036146,13.52629862,0,0,0,0,0.01,13.71962678,0,0.0225,13.71962678,0,0.04,13.71962678
10.07,13.7335401,1.396052328,13.83343534,13.60945904,13.32231682,0,0,0,0,0.01,13.7335401,0,0.0225,13.7335401,0,0.04,13.7335401
10.08,13.74745357,1.392791587,13.6005153,13.63859747,13.41394503,0,0,0,0,0.01,13.74745357,0,0.0225,13.74745357,0,0.04,13.74745357
10.09,13.76125206,1.387457992,13.93725279,13.61103006,14.04214427,0,0,0,0,0.01,13.76125206,0,0.0225,13.76125206,0,0.04,13.76125206
10.1,13.7751125,1.379200021,13.74570534,13.67328161,13.72116081,0,0,0,0,0.01,13.7751125,0,0.0225,13.7751125,0,0.04,13.7751125
10.11,13.78883725,1.381059186,13.75409742,13.85772869,13.66785702,0,0,0,0,0.01,13.78883725,0,0.0225,13.78883725,0,0.04,13.78883725
10.12,13.80246656,1.36871511,13.61761434,13.68259055,13.54992103,0,0,0,0,0.01,13.80246656,0,0.0225,13.80246656,0,0.04,13.80246656
10.13,13.81616327,1.376451689,13.84562616,14.10280196,13.64929455,0,0,0,0,0.01,13.81616327,0,0.0225,13.81616327,0,0.04,13.81616327
10.14,13.82997325,1.368180369,13.84732718,13.74952634,13.62425647,0,0,0,0,0.01,13.82997325,0,0.0225,13.82997325,0,0.04,13.82997325
10.15,13.84361571,1.357018413,13.77021253,13.87261099,13.91113677,0,0,0,0,0.01,13.84361571,0,0.0225,13.84361571,0,0.04,13.84361571
10.16,13.85735197,1.385910361,13.82099515,14.10745525,13.84387332,0,0,0,0,0.01,13.85735197,0,0.0225,13.85735197,0,0.04,13.85735197
10.17,13.87115066,1.368185449,13.95894209,13.96222025,14.10186316,0,0,0,0,0.01,13.87115066,0,0.0225,13.87115066,0,0.04,13.87115066
10.18,13.88508976,1.39761779,13.87767745,13.71853476,13.68267652,0,0,0,0,0.01,13.88508976,0,0.0225,13.88508976,0,0.04,13.88508976
10.19,13.89891946,1.370497752,14.08789194,14.01354018,13.9284055,0,0,0,0,0.01,13.89891946,0,0.0225,13.89891946,0,0.04,13.89891946
10.2,13.91251336,1.349104261,13.9067828,13.83014607,13.93226834,0,0,0,0,0.01,13.91251336,0,0.0225,13.91251336,0,0.04,13.91251336
10.21,13.92591025,1.338844644,13.78755165,13.91647048,13.79878682,0,0,0,0,0.01,13.92591025,0,0.0225,13.92591025,0,0.04,13.92591025
10.22,13.9392893,1.330421941,13.96359533,13.80636045,14.25436786,0,0,0,0,0.01,13.9392893,0,0.0225,13.9392893,0,0.04,13.9392893
10.23,13.95251202,1.338952674,13.73779727,14.12541738,14.00442205,0,0,0,0,0.01,13.95251202,0,0.0225,13.95251202,0,0.04,13.95251202
10.24,13.96614144,1.372191768,13.91711224,13.98508778,14.11332748,0,0,0,0,0.01,13.96614144,0,0.0225,13.96614144,0,0.04,13.96614144
10.25,13.98017942,1.419213651,14.02476987,13.9666608,13.84223756,0,0,0,0,0.01,13.98017942,0,0.0225,13.98017942,0,0.04,13.98017942
10.26,13.99437285,1.405325317,14.10348552,13.95149951,13.62240948,0,0,0,0,0.01,13.99437285,0,0.0225,13.99437285,0,0.04,13.99437285
10.27,14.00852515,1.422466204,14.12116085,13.8930608,14.12424977,0,0,0,0,0.01,14.00852515,0,0.0225,14.00852515,0,0.04,14.00852515
10.28,14.02286151,1.425827712,13.91812976,14.0137055,14.11535401,0,0,0,0,0.01,14.02286151,0,0.0225,14.02286151,0,0.04,14.02286151
10.29,14.03732059,1.47319631,14.12944588,13.99014638,14.05157073,0,0,0,0,0.01,14.03732059,0,0.0225,14.03732059,0,0.04,14.03732059
10.3,14.0521545,1.493359069,14.15844756,13.98803424,14.10135854,0,0,0,0,0.01,14.0521545,0,0.0225,14.0521545,0,0.04,14.0521545
10.31,14.06712891,1.491546736,14.24656367,13.89277385,13.85056995,0,0,0,0,0.01,14.06712891,0,0.0225,14.06712891,0,0.04,14.06712891
10.32,14.08197788,1.490525763,14.07602862,13.88836343,13.88186413,0,0,0,0,0.01,14.08197788,0,0.0225,14.08197788,0,0.04,14.08197788
10.33,14.09676493,1.479861667,14.1882878,13.9717016,14.1123104,0,0,0,0,0.01,14.09676493,0,0.0225,14.09676493,0,0.04,14.09676493
10.34,14.1114352,1.464449866,14.2594686,14.36547614,13.91495351,0,0,0,0,0.01,14.1114352,0,0.0225,14.1114352,0,0.04,14.1114352
10.35,14.12608994,1.473941064,14.02263191,13.88419773,13.94190941,0,0,0,0,0.01,14.12608994,0,0.0225,14.12608994,0,0.04,14.12608994
10.36,14.14087099,1.488187091,14.21835697,14.39779606,14.19899613,0,0,0,0,0.01,14.14087099,0,0.0225,14.14087099,0,0.04,14.14087099
10.37,14.15589378,1.497325822,14.28292168,14.17896558,13.80892374,0,0,0,0,0.01,14.15589378,0,0.0225,14.15589378,0,0.04,14.15589378
10.38,14.17072947,1.462880332,14.10086517,14.26088653,14.23851331,0,0,0,0,0.01,14.17072947,0,0.0225,14.17072947,0,0.04,14.17072947
10.39,14.18545478,1.481029292,14.26167848,14.32229426,14.03570063,0,0,0,0,0.01,14.18545478,0,0.0225,14.18545478,0,0.04,14.18545478
10.4,14.20038853,1.477039004,14.21902216,14.09239377,14.25050175,0,0,0,0,0.01,14.20038853,0,0.0225,14.20038853,0,0.04,14.20038853
10.41,14.21533681,1.494927101,14.16284786,14.06460363,14.37397182,0,0,0,0,0.01,14.21533681,0,0.0225,14.21533681,0,0.04,14.21533681
10.42,14.2301176,1.481459516,14.23970997,13.99208625,14.6539929,0,0,0,0,0.01,14.2301176,0,0.0225,14.2301176,0,0.04,14.2301176
10.43,14.24493571,1.473848417,14.28100583,14.12705024,14.52782392,0,0,0,0,0.01,14.24493571,0,0.0225,14.24493571,0,0.04,14.24493571
10.44,14.25958201,1.46168202,14.2003384,14.16836317,14.3225469,0,0,0,0,0.01,14.25958201,0,0.0225,14.25958201,0,0.04,14.25958201
10.45,14.27417263,1.463318037,14.28036633,14.26299112,14.38297936,0,0,0,0,0.01,14.27417263,0,0.0225,14.27417263,0,0.04,14.27417263
10.46,14.28892669,1.501763945,14.08193358,14.29134951,14.5422426,0,0,0,0,0.01,14.28892669,0,0.0225,14.28892669,0,0.04,14.28892669
10.47,14.30386382,1.496688772,14.33314982,14.23047836,14.23716826,0,0,0,0,0.01,14.30386382,0,0.0225,14.30386382,0,0.04,14.30386382
10.48,14.31878999,1.498602565,14.51235194,14.14885819,14.4708109,0,0,0,0,0.01,14.31878999,0,0.0225,14.31878999,0,0.04,14.31878999
10.49,14.33403094,1.531869349,14.28764435,14.24867252,14.59334954,0,0,0,0,0.01,14.33403094,0,0.0225,14.33403094,0,0.04,14.33403094
10.5,14.34927821,1.522801546,14.40630832,14.44552946,14.74501673,0,0,0,0,0.01,14.34927821,0,0.0225,14.34927821,0,0.04,14.34927821
10.51,14.36447344,1.514837787,14.53162614,14.24887812,14.23033646,0,0,0,0,0.01,14.36447344,0,0.0225,14.36447344,0,0.04,14.36447344
10.52,14.37947554,1.507825906,14.39071492,14.37240549,14.37490624,0,0,0,0,0.01,14.37947554,0,0.0225,14.37947554,0,0.04,14.37947554
10.53,14.39430325,1.472889499,14.39613542,14.38664903,14.30535311,0,0,0,0,0.01,14.39430325,0,0.0225,14.39430325,0,0.04,14.39430325
10.54,14.40889528,1.44404826,14.6291527,14.3549555,14.34970447,0,0,0,0,0.01,14.40889528,0,0.0225,14.40889528,0,0.04,14.40889528
10.55,14.42343183,1.458765707,14.36603457,14.41785873,14.591439,0,0,0,0,0.01,14.42343183,0,0.0225,14.42343183,0,0.04,14.42343183
10.56,14.43804863,1.459170421,14.31597825,14.49945973,14.30102434,0,0,0,0,0.01,14.43804863,0,0.0225,14.43804863,0,0.04,14.43804863
10.57,14.45244358,1.433341272,14.47322024,14.40568973,14.41308684,0,0,0,0,0.01,14.45244358,0,0.0225,14.45244358,0,0.04,14.45244358
10.58,14.46656313,1.426256253,14.43491414,14.65239175,14.33190087,0,0,0,0,0.01,14.46656313,0,0.0225,14.46656313,0,0.04,14.46656313
10.59,14.48076063,1.43133313,14.29947995,14.41142288,14.61793338,0,0,0,0,0.01,14.48076063,0,0.0225,14.48076063,0,0.04,14.48076063
10.6,14.49510601,1.448306206,14.5510014,14.3559449,14.88784355,0,0,0,0,0.01,14.49510601,0,0.0225,14.49510601,0,0.04,14.49510601
10.61,14.50962532,1.446808915,14.41606365,14.41452757,14.72917012,0,0,0,0,0.01,14.50962532,0,0.0225,14.50962532,0,0.04,14.50962532
10.62,14.52423221,1.468094962,14.60182484,14.37020911,14.55161711,0,0,0,0,0.01,14.52423221,0,0.0225,14.52423221,0,0.04,14.52423221
10.63,14.53890914,1.45671398,14.57663994,14.49789631,14.41424283,0,0,0,0,0.01,14.53890914,0,0.0225,14.53890914,0,0.04,14.53890914
10.64,14.55371712,1.49925535,14.511324,14.88951523,14.44431101,0,0,0,0,0.01,14.55371712,0,0.0225,14.55371712,0,0.04,14.55371712
10.65,14.5688636,1.53838347,14.60985743,14.62953806,14.74891624,0,0,0,0,0.01,14.5688636,0,0.0225,14.5688636,0,0.04,14.5688636
10.66,14.58420011,1.53032792,14.69247603,14.61334194,14.01383835,0,0,0,0,0.01,14.58420011,0,0.0225,14.58420011,0,0.04,14.58420011
10.67,14.59960539,1.556525025,14.61635023,14.69522133,14.7761438,0,0,0,0,0.01,14.59960539,0,0.0225,14.59960539,0,0.04,14.59960539
10.68,14.61508303,1.553685934,14.63383989,14.66710504,14.51689076,0,0,0,0,0.01,14.61508303,0,0.0225,14.61508303,0,0.04,14.61508303
10.69,14.63045352,1.524424579,14.62842543,14.4399513,14.49273719,0,0,0,0,0.01,14.63045352,0,0.0225,14.63045352,0,0.04,14.63045352
10.7,14.6455658,1.520842122,14.71492105,14.75105692,14.56799691,0,0,0,0,0.01,14.6455658,0,0.0225,14.6455658,0,0.04,14.6455658
10.71,14.66069435,1.516089775,14.62873978,14.67621681,14.38247732,0,0,0,0,0.01,14.66069435,0,0.0225,14.66069435,0,0.04,14.66069435
10.72,14.67615114,1.560297632,14.58561665,14.40633781,14.84025467,0,0,0,0,0.01,14.67615114,0,0.0225,14.67615114,0,0.04,14.67615114
10.73,14.69183827,1.551072372,14.59349626,14.65147297,14.62332629,0,0,0,0,0.01,14.69183827,0,0.0225,14.69183827,0,0.04,14.69183827
10.74,14.70724232,1.533910352,14.79240308,14.86806359,14.32860912,0,0,0,0,0.01,14.70724232,0,0.0225,14.70724232,0,0.04,14.70724232
10.75,14.72261677,1.532693313,14.72339831,14.71403193,14.36936288,0,0,0,0,0.01,14.72261677,0,0.0225,14.72261677,0,0.04,14.72261677
10.76,14.73765652,1.508297165,14.69276168,14.67722802,14.53932497,0,0,0,0,0.01,14.73765652,0,0.0225,14.73765652,0,0.04,14.73765652
10.77,14.75271656,1.507314355,14.66920307,14.73833439,14.77778219,0,0,0,0,0.01,14.75271656,0,0.0225,14.75271656,0,0.04,14.75271656
10.78,14.76778624,1.513475214,14.61288862,14.87384379,14.7526996,0,0,0,0,0.01,14.76778624,0,0.0225,14.76778624,0,0.04,14.76778624
10.79,14.78294146,1.514765424,14.76145988,14.62530952,14.8673364,0,0,0,0,0.01,14.78294146,0,0.0225,14.78294146,0,0.04,14.78294146
10.8,14.79807849,1.512841394,14.96578261,14.84038999,14.6656207,0,0,0,0,0.01,14.79807849,0,0.0225,14.79807849,0,0.04,14.79807849
10.81,14.81297315,1.487076099,14.9237713,15.00069797,15.099655,0,0,0,0,0.01,14.81297315,0,0.0225,14.81297315,0,0.04,14.81297315
10.82,14.82770839,1.469300165,14.78156702,14.71673442,14.72205066,0,0,0,0,0.01,14.82770839,0,0.0225,14.82770839,0,0.04,14.82770839
10.83,14.84238325,1.469543921,14.86207233,14.66007214,14.60795504,0,0,0,0,0.01,14.84238325,0,0.0225,14.84238325,0,0.04,14.84238325
10.84,14.85717522,1.472713064,14.71416593,14.82228006,14.75958174,0,0,0,0,0.01,14.85717522,0,0.0225,14.85717522,0,0.04,14.85717522
10.85,14.87188117,1.46859281,14.83102609,14.85410275,15.04231853,0,0,0,0,0.01,14.87188117,0,0.0225,14.87188117,0,0.04,14.87188117
10.86,14.8866154,1.477407257,15.01872738,15.01775513,14.76333531,0,0,0,0,0.01,14.8866154,0,0.0225,14.8866154,0,0.04,14.8866154
10.87,14.90163208,1.509824736,15.02381592,14.86772019,14.79178439,0,0,0,0,0.01,14.90163208,0,0.0225,14.90163208,0,0.04,14.90163208
10.88,14.91676928,1.491630123,14.8517821,14.71048446,14.95464786,0,0,0,0,0.01,14.91676928,0,0.0225,14.91676928,0,0.04,14.91676928
10.89,14.9316745,1.496694425,14.90255146,15.27735275,14.94675566,0,0,0,0,0.01,14.9316745,0,0.0225,14.9316745,0,0.04,14.9316745
10.9,14.94701757,1.539769403,14.93385705,15.09529679,14.9600279,0,0,0,0,0.01,14.94701757,0,0.0225,14.94701757,0,0.04,14.94701757
10.91,14.96253102,1.567659269,14.96024975,14.86679099,15.00937728,0,0,0,0,0.01,14.96253102,0,0.0225,14.96253102,0,0.04,14.96253102
10.92,14.9781005,1.537996271,14.93381231,14.87598644,15.07517706,0,0,0,0,0.01,14.9781005,0,0.0225,14.9781005,0,0.04,14.9781005
10.93,14.99342009,1.538217886,15.00353975,14.98535677,15.12393426,0,0,0,0,0.01,14.99342009,0,0.0225,14.99342009,0,0.04,14.99342009
10.94,15.00873391,1.529163368,15.06662914,15.10488838,15.02072272,0,0,0,0,0.01,15.00873391,0,0.0225,15.00873391,0,0.04,15.00873391
10.95,15.02404379,1.522328702,15.1003397,14.84163602,15.04940843,0,0,0,0,0.01,15.02404379,0,0.0225,15.02404379,0,0.04,15.02404379
10.96,15.03917321,1.518224074,15.06551767,15.31986348,15.09839983,0,0,0,0,0.01,15.03917321,0,0.0225,15.03917321,0,0.04,15.03917321
10.97,15.0543743,1.520440627,15.05482468,15.29959537,14.82887238,0,0,0,0,0.01,15.0543743,0,0.0225,15.0543743,0,0.04,15.0543743
10.98,15.06948493,1.50277611,15.01375394,14.82941523,15.31551347,0,0,0,0,0.01,15.06948493,0,0.0225,15.06948493,0,0.04,15.06948493
10.99,15.08438121,1.489889946,15.09139436,15.06726444,15.10315127,0,0,0,0,0.01,15.08438121,0,0.0225,15.08438121,0,0.04,15.08438121
11,15.09921081,1.499436401,14.96490669,14.94692435,15.28652608,0,0,0,0,0.01,15.09921081,0,0.0225,15.09921081,0,0.04,15.09921081
11.01,15.11411456,1.487159162,15.01892907,15.29036288,15.26891553,0,0,0,0,0.01,15.11411456,0,0.0225,15.11411456,0,0.04,15.11411456
11.02,15.12901707,1.494181721,15.17984074,14.75855359,14.74573831,0,0,0,0,0.01,15.12901707,0,0.0225,15.12901707,0,0.04,15.12901707
11.03,15.14396665,1.496881442,15.12713339,15.49685914,15.26716579,0,0,0,0,0.01,15.14396665,0,0.0225,15.14396665,0,0.04,15.14396665
11.04,15.15880995,1.462421647,15.18804944,15.0599867,14.96270719,0,0,0,0,0.01,15.15880995,0,0.0225,15.15880995,0,0.04,15.15880995
11.05,15.17340779,1.450288481,15.28509057,15.15869214,14.99641037,0,0,0,0,0.01,15.17340779,0,0.0225,15.17340779,0,0.04,15.17340779
11.06,15.18797273,1.458932437,15.33134055,15.33836652,15.37288821,0,0,0,0,0.01,15.18797273,0,0.0225,15.18797273,0,0.04,15.18797273
11.07,15.20262378,1.481725556,15.20348096,15.05730419,15.03065564,0,0,0,0,0.01,15.20262378,0,0.0225,15.20262378,0,0.04,15.20262378
11.08,15.21720667,1.442679382,15.13719561,15.11220761,15.14015773,0,0,0,0,0.01,15.21720667,0,0.0225,15.21720667,0,0.04,15.21720667
11.09,15.23148763,1.426295794,15.27470239,15.31812657,15.25679142,0,0,0,0,0.01,15.23148763,0,0.0225,15.23148763,0,0.04,15.23148763
11.1,15.24570084,1.434083214,15.1751338,15.09402608,15.12078893,0,0,0,0,0.01,15.24570084,0,0.0225,15.24570084,0,0.04,15.24570084
11.11,15.25994638,1.411271703,15.23643917,15.413519,15.2717789,0,0,0,0,0.01,15.25994638,0,0.0225,15.25994638,0,0.04,15.25994638
11.12,15.27404404,1.412042491,15.1812146,15.28387629,15.6846616,0,0,0,0,0.01,15.27404404,0,0.0225,15.27404404,0,0.04,15.27404404
11.13,15.28832241,1.426884491,15.13014641,15.44569503,15.59572951,0,0,0,0,0.01,15.28832241,0,0.0225,15.28832241,0,0.04,15.28832241
11.14,15.30250423,1.40804095,15.39344753,15.17706799,15.47087486,0,0,0,0,0.01,15.30250423,0,0.0225,15.30250423,0,0.04,15.30250423
11.15,15.31656885,1.415804629,15.34615845,15.21782765,15.52235314,0,0,0,0,0.01,15.31656885,0,0.0225,15.31656885,0,0.04,15.31656885
11.16,15.33054587,1.387962163,15.40997571,15.09237255,15.22216311,0,0,0,0,0.01,15.33054587,0,0.0225,15.33054587,0,0.04,15.33054587
11.17,15.34461062,1.418261849,15.40085473,15.33228573,15.27858908,0,0,0,0,0.01,15.34461062,0,0.0225,15.34461062,0,0.04,15.34461062
11.18,15.35872683,1.409106832,15.36884927,15.22409279,15.27520464,0,0,0,0,0.01,15.35872683,0,0.0225,15.35872683,0,0.04,15.35872683
11.19,15.37308683,1.452248615,15.35497391,15.40632561,15.4397685,0,0,0,0,0.01,15.37308683,0,0.0225,15.37308683,0,0.04,15.37308683
11.2,15.38769892,1.464081425,15.31229829,15.56090872,15.28227953,0,0,0,0,0.01,15.38769892,0,0.0225,15.38769892,0,0.04,15.38769892
11.21,15.4024484,1.491941142,15.39241701,15.57641319,15.31292264,0,0,0,0,0.01,15.4024484,0,0.0225,15.4024484,0,0.04,15.4024484
11.22,15.41734982,1.509600109,15.55556491,15.64737544,15.71435975,0,0,0,0,0.01,15.41734982,0,0.0225,15.41734982,0,0.04,15.41734982
11.23,15.43249485,1.528535453,15.64822466,15.32908736,15.35725103,0,0,0,0,0.01,15.43249485,0,0.0225,15.43249485,0,0.04,15.43249485
11.24,15.44799755,1.577556735,15.26435097,15.48458111,15.51623013,0,0,0,0,0.01,15.44799755,0,0.0225,15.44799755,0,0.04,15.44799755
11.25,15.46359269,1.548692676,15.61513052,15.39103239,15.3503519,0,0,0,0,0.01,15.46359269,0,0.0225,15.46359269,0,0.04,15.46359269
11.26,15.47907975,1.554714835,15.62516298,15.45419098,15.34942931,0,0,0,0,0.01,15.47907975,0,0.0225,15.47907975,0,0.04,15.47907975
11.27,15.49461553,1.563434026,15.54511736,15.25656415,15.44306959,0,0,0,0,0.01,15.49461553,0,0.0225,15.49461553,0,0.04,15.49461553
11.28,15.51013126,1.548555669,15.64574711,15.40059334,15.47294618,0,0,0,0,0.01,15.51013126,0,0.0225,15.51013126,0,0.04,15.51013126
11.29,15.5255363,1.523133305,15.57539923,15.65918677,15.54724499,0,0,0,0,0.01,15.5255363,0,0.0225,15.5255363,0,0.04,15.5255363
11.3,15.5407514,1.520142282,15.46405643,15.35191604,15.36851776,0,0,0,0,0.01,15.5407514,0,0.0225,15.5407514,0,0.04,15.5407514
11.31,15.55605105,1.547644696,15.44573417,15.71330038,15.58754203,0,0,0,0,0.01,15.55605105,0,0.0225,15.55605105,0,0.04,15.55605105
11.32,15.57152562,1.545110429,15.63552708,15.56230367,15.24853863,0,0,0,0,0.01,15.57152562,0,0.0225,15.57152562,0,0.04,15.57152562
11.33,15.58700024,1.551605851,15.67706372,15.80176043,15.62072063,0,0,0,0,0.01,15.58700024,0,0.0225,15.58700024,0,0.04,15.58700024
11.34,15.60253961,1.550938521,15.59448911,15.76749231,15.63094141,0,0,0,0,0.01,15.60253961,0,0.0225,15.60253961,0,0.04,15.60253961
11.35,15.61808565,1.540056089,15.52662517,15.4026068,15.78822793,0,0,0,0,0.01,15.61808565,0,0.0225,15.61808565,0,0.04,15.61808565
11.36,15.63349194,1.548291515,15.71621994,15.55781064,15.24581391,0,0,0,0,0.01,15.63349194,0,0.0225,15.63349194,0,0.04,15.63349194
11.37,15.64906696,1.574227279,15.78692931,15.6667829,15.78472554,0,0,0,0,0.01,15.64906696,0,0.0225,15.64906696,0,0.04,15.64906696
11.38,15.66501272,1.621056738,15.53790504,15.62557177,15.69737375,0,0,0,0,0.01,15.66501272,0,0.0225,15.66501272,0,0.04,15.66501272
11.39,15.68126855,1.626534539,15.82569767,15.82161534,15.74107112,0,0,0,0,0.01,15.68126855,0,0.0225,15.68126855,0,0.04,15.68126855
11.4,15.69752747,1.630453765,15.69645105,15.8316207,15.60693489,0,0,0,0,0.01,15.69752747,0,0.0225,15.69752747,0,0.04,15.69752747
11.41,15.71380109,1.621368681,15.86942324,15.67359338,15.87913586,0,0,0,0,0.01,15.71380109,0,0.0225,15.71380109,0,0.04,15.71380109
11.42,15.73013037,1.621887563,15.84593519,15.95164255,15.70480898,0,0,0,0,0.01,15.73013037,0,0.0225,15.73013037,0,0.04,15.73013037
11.43,15.74629767,1.598722257,15.75128975,15.78062717,15.50842514,0,0,0,0,0.01,15.74629767,0,0.0225,15.74629767,0,0.04,15.74629767
11.44,15.76224969,1.598919592,15.70085523,15.76425112,15.76339824,0,0,0,0,0.01,15.76224969,0,0.0225,15.76224969,0,0.04,15.76224969
11.45,15.77834662,1.625286855,15.83123172,15.76135302,15.96437097,0,0,0,0,0.01,15.77834662,0,0.0225,15.77834662,0,0.04,15.77834662
11.46,15.7945819,1.614542103,15.72653493,15.82631231,15.73687127,0,0,0,0,0.01,15.7945819,0,0.0225,15.7945819,0,0.04,15.7945819
11.47,15.81090431,1.632918691,15.8730333,15.76998701,16.00968301,0,0,0,0,0.01,15.81090431,0,0.0225,15.81090431,0,0.04,15.81090431
11.48,15.82721389,1.608461751,15.96776903,15.61821125,15.90802369,0,0,0,0,0.01,15.82721389,0,0.0225,15.82721389,0,0.04,15.82721389
11.49,15.84350428,1.637302142,15.81780853,15.93040683,15.6894791,0,0,0,0,0.01,15.84350428,0,0.0225,15.84350428,0,0.04,15.84350428
11.5,15.85979044,1.628704651,15.78497304,15.86505775,15.95137419,0,0,0,0,0.01,15.85979044,0,0.0225,15.85979044,0,0.04,15.85979044
11.51,15.87601708,1.629849015,15.80177249,15.6691782,15.81848541,0,0,0,0,0.01,15.87601708,0,0.0225,15.87601708,0,0.04,15.87601708
11.52,15.89230853,1.620929908,15.79187225,15.5589908,16.01110281,0,0,0,0,0.01,15.89230853,0,0.0225,15.89230853,0,0.04,15.89230853
11.53,15.90842668,1.599197998,15.89942324,16.04291742,15.72213428,0,0,0,0,0.01,15.90842668,0,0.0225,15.90842668,0,0.04,15.90842668
11.54,15.92453599,1.617505329,15.82923091,15.76946397,15.90109592,0,0,0,0,0.01,15.92453599,0,0.0225,15.92453599,0,0.04,15.92453599
11.55,15.94074095,1.62262952,16.03096079,15.78901369,16.22044911,0,0,0,0,0.01,15.94074095,0,0.0225,15.94074095,0,0.04,15.94074095
11.56,15.95691818,1.601704144,16.05956289,16.06766009,16.0733324,0,0,0,0,0.01,15.95691818,0,0.0225,15.95691818,0,0.04,15.95691818
11.57,15.97275991,1.570125636,16.1750911,15.83216784,16.17065292,0,0,0,0,0.01,15.97275991,0,0.0225,15.97275991,0,0.04,15.97275991
11.58,15.98837938,1.558419699,16.00055483,16.07928339,16.00806928,0,0,0,0,0.01,15.98837938,0,0.0225,15.98837938,0,0.04,15.98837938
11.59,16.00400235,1.562002722,15.81912851,15.80849594,15.89515705,0,0,0,0,0.01,16.00400235,0,0.0225,16.00400235,0,0.04,16.00400235
11.6,16.01980169,1.580869285,16.16190018,15.83353314,15.96840538,0,0,0,0,0.01,16.01980169,0,0.0225,16.01980169,0,0.04,16.01980169
11.61,16.03544764,1.569540936,16.17468276,15.99093806,16.00900529,0,0,0,0,0.01,16.03544764,0,0.0225,16.03544764,0,0.04,16.03544764
11.62,16.05138228,1.586169091,15.90810716,15.9841414,16.03223099,0,0,0,0,0.01,16.05138228,0,0.0225,16.05138228,0,0.04,16.05138228
11.63,16.06722038,1.598333374,15.90435204,16.25299791,16.29758551,0,0,0,0,0.01,16.06722038,0,0.0225,16.06722038,0,0.04,16.06722038
11.64,16.08305953,1.567473694,16.04085626,15.96083388,15.93618058,0,0,0,0,0.01,16.08305953,0,0.0225,16.08305953,0,0.04,16.08305953
11.65,16.09900879,1.592238165,16.10722643,15.91080614,15.97752632,0,0,0,0,0.01,16.09900879,0,0.0225,16.09900879,0,0.04,16.09900879
11.66,16.11494877,1.599335931,16.19662008,15.95587322,15.48553634,0,0,0,0,0.01,16.11494877,0,0.0225,16.11494877,0,0.04,16.11494877
11.67,16.13093286,1.583029371,16.08653129,15.96124832,15.98166546,0,0,0,0,0.01,16.13093286,0,0.0225,16.13093286,0,0.04,16.13093286
11.68,16.14676069,1.589666654,16.0791568,15.95949265,16.55615234,0,0,0,0,0.01,16.14676069,0,0.0225,16.14676069,0,0.04,16.14676069
11.69,16.16265772,1.58417708,16.19293973,16.08075567,16.3063913,0,0,0,0,0.01,16.16265772,0,0.0225,16.16265772,0,0.04,16.16265772
11.7,16.17850714,1.606337863,16.36647723,16.07550531,16.33062884,0,0,0,0,0.01,16.17850714,0,0.0225,16.17850714,0,0.04,16.17850714
11.71,16.19447098,1.586497896,16.29222901,16.03707732,16.02195992,0,0,0,0,0.01,16.19447098,0,0.0225,16.19447098,0,0.04,16.19447098
11.72,16.2102455,1.557054269,16.21853705,16.17380213,15.90568973,0,0,0,0,0.01,16.2102455,0,0.0225,16.2102455,0,0.04,16.2102455
11.73,16.22558341,1.527479812,16.24436158,16.35645724,16.55057906,0,0,0,0,0.01,16.22558341,0,0.0225,16.22558341,0,0.04,16.22558341
11.74,16.24087707,1.524395598,16.41970379,16.3939504,16.27319911,0,0,0,0,0.01,16.24087707,0,0.0225,16.24087707,0,0.04,16.24087707
11.75,16.25610075,1.536207811,16.08453278,16.29973081,16.1858843,0,0,0,0,0.01,16.25610075,0,0.0225,16.25610075,0,0.04,16.25610075
11.76,16.27163799,1.569436696,16.27813787,16.20689902,16.01795066,0,0,0,0,0.01,16.27163799,0,0.0225,16.27163799,0,0.04,16.27163799
11.77,16.28758346,1.61121433,16.1381745,16.29555009,16.21683951,0,0,0,0,0.01,16.28758346,0,0.0225,16.28758346,0,0.04,16.28758346
11.78,16.3034878,1.58837814,16.42425209,16.47838839,16.2689317,0,0,0,0,0.01,16.3034878,0,0.0225,16.3034878,0,0.04,16.3034878
11.79,16.3192639,1.554557941,16.36767572,16.17554132,16.4235819,0,0,0,0,0.01,16.3192639,0,0.0225,16.3192639,0,0.04,16.3192639
11.8,16.33483481,1.562877549,16.29090283,16.28059282,16.27132209,0,0,0,0,0.01,16.33483481,0,0.0225,16.33483481,0,0.04,16.33483481
11.81,16.35058152,1.575366186,16.24282628,16.48069524,16.60323971,0,0,0,0,0.01,16.35058152,0,0.0225,16.35058152,0,0.04,16.35058152
11.82,16.366467,1.591607114,16.23558679,16.38736316,16.57294364,0,0,0,0,0.01,16.366467,0,0.0225,16.366467,0,0.04,16.366467
11.83,16.38226892,1.546042784,16.27708089,16.26442178,16.01931937,0,0,0,0,0.01,16.38226892,0,0.0225,16.38226892,0,0.04,16.38226892
11.84,16.39750302,1.518288299,16.50972185,16.48304727,16.33155698,0,0,0,0,0.01,16.39750302,0,0.0225,16.39750302,0,0.04,16.39750302
11.85,16.41266291,1.52741971,16.48939483,16.18281046,16.62156042,0,0,0,0,0.01,16.41266291,0,0.0225,16.41266291,0,0.04,16.41266291
11.86,16.42797251,1.522799961,16.43759882,16.38973529,16.74777484,0,0,0,0,0.01,16.42797251,0,0.0225,16.42797251,0,0.04,16.42797251
11.87,16.44311382,1.516006388,16.60334862,16.36366775,16.5310101,0,0,0,0,0.01,16.44311382,0,0.0225,16.44311382,0,0.04,16.44311382
11.88,16.45831866,1.517383978,16.57674784,16.64357099,16.64692153,0,0,0,0,0.01,16.45831866,0,0.0225,16.45831866,0,0.04,16.45831866
11.89,16.47340987,1.498004492,16.61803399,16.22289295,16.5406897,0,0,0,0,0.01,16.47340987,0,0.0225,16.47340987,0,0.04,16.47340987
11.9,16.48832069,1.495147058,16.53432402,16.47060814,16.51560485,0,0,0,0,0.01,16.48832069,0,0.0225,16.48832069,0,0.04,16.48832069
11.91,16.50312668,1.476140798,16.45729339,16.6102144,16.17999919,0,0,0,0,0.01,16.50312668,0,0.0225,16.50312668,0,0.04,16.50312668
11.92,16.51782804,1.466361622,16.53481926,16.69107511,16.35559685,0,0,0,0,0.01,16.51782804,0,0.0225,16.51782804,0,0.04,16.51782804
11.93,16.53267975,1.486791927,16.65447252,16.40147558,16.59292363,0,0,0,0,0.01,16.53267975,0,0.0225,16.53267975,0,0.04,16.53267975
11.94,16.54757169,1.481174182,16.52945522,16.35289957,16.28375671,0,0,0,0,0.01,16.54757169,0,0.0225,16.54757169,0,0.04,16.54757169
11.95,16.5621419,1.436078036,16.44705961,16.70763038,16.50102255,0,0,0,0,0.01,16.5621419,0,0.0225,16.5621419,0,0.04,16.5621419
11.96,16.57626856,1.3949265,16.49670306,16.54573445,17.01075721,0,0,0,0,0.01,16.57626856,0,0.0225,16.57626856,0,0.04,16.57626856
11.97,16.59018847,1.39801789,16.74755266,16.7625957,16.56884546,0,0,0,0,0.01,16.59018847,0,0.0225,16.59018847,0,0.04,16.59018847
11.98,16.6044248,1.449951334,16.60068687,16.68595605,16.71662385,0,0,0,0,0.01,16.6044248,0,0.0225,16.6044248,0,0.04,16.6044248
11.99,16.6191406,1.464093499,16.57106261,16.66235898,16.64435531,0,0,0,0,0.01,16.6191406,0,0.0225,16.6191406,0,0.04,16.6191406
12,16.63367057,1.466715962,16.59732808,16.66423949,16.82553036,0,0,0,0,0.01,16.63367057,0,0.0225,16.63367057,0,0.04,16.63367057
12.01,16.64826491,1.453738968,16.62871164,16.87462819,16.68692081,0,0,0,0,0.01,16.64826491,0,0.0225,16.64826491,0,0.04,16.64826491
12.02,16.66282956,1.457305748,16.59065312,16.68320274,16.56641364,0,0,0,0,0.01,16.66282956,0,0.0225,16.66282956,0,0.04,16.66282956
12.03,16.67743216,1.44904438,16.65583635,16.44123059,17.06201402,0,0,0,0,0.01,16.67743216,0,0.0225,16.67743216,0,0.04,16.67743216
12.04,16.69187475,1.452708251,16.64246812,16.75403594,16.7269688,0,0,0,0,0.01,16.69187475,0,0.0225,16.69187475,0,0.04,16.69187475
12.05,16.70617253,1.430599861,16.63711798,16.51146716,16.70437172,0,0,0,0,0.01,16.70617253,0,0.0225,16.70617253,0,0.04,16.70617253
12.06,16.72045723,1.438687446,16.711528,16.50589366,16.71109917,0,0,0,0,0.01,16.72045723,0,0.0225,16.72045723,0,0.04,16.72045723
12.07,16.7347545,1.407090712,16.87249898,16.66548406,16.64434376,0,0,0,0,0.01,16.7347545,0,0.0225,16.7347545,0,0.04,16.7347545
12.08,16.74882892,1.403279594,16.70609377,16.67194158,16.94434648,0,0,0,0,0.01,16.74882892,0,0.0225,16.74882892,0,0.04,16.74882892
12.09,16.76292236,1.417903028,16.65636786,17.08080051,16.6245972,0,0,0,0,0.01,16.76292236,0,0.0225,16.76292236,0,0.04,16.76292236
12.1,16.77727757,1.464591101,16.88887363,16.88506272,17.22771753,0,0,0,0,0.01,16.77727757,0,0.0225,16.77727757,0,0.04,16.77727757
12.11,16.7919128,1.456258713,16.75437608,16.76087372,16.73616887,0,0,0,0,0.01,16.7919128,0,0.0225,16.7919128,0,0.04,16.7919128
12.12,16.80644454,1.434849651,16.84046625,16.74852869,16.69419625,0,0,0,0,0.01,16.80644454,0,0.0225,16.80644454,0,0.04,16.80644454
12.13,16.82081151,1.436823103,16.85834728,16.94150238,17.02029262,0,0,0,0,0.01,16.82081151,0,0.0225,16.82081151,0,0.04,16.82081151
12.14,16.83509752,1.410494726,17.07230865,16.86082923,16.61876621,0,0,0,0,0.01,16.83509752,0,0.0225,16.83509752,0,0.04,16.83509752
12.15,16.84912907,1.397460833,16.73968122,16.90612871,16.90184773,0,0,0,0,0.01,16.84912907,0,0.0225,16.84912907,0,0.04,16.84912907
12.16,16.86319362,1.406733343,17.05847118,16.72265759,16.98814953,0,0,0,0,0.01,16.86319362,0,0.0225,16.86319362,0,0.04,16.86319362
12.17,16.87700367,1.373058396,16.98546924,16.92515724,16.71246872,0,0,0,0,0.01,16.87700367,0,0.0225,16.87700367,0,0.04,16.87700367
12.18,16.89069797,1.372948439,16.8310239,16.93873345,17.13038347,0,0,0,0,0.01,16.89069797,0,0.0225,16.89069797,0,0.04,16.89069797
12.19,16.90427143,1.364380069,16.80060323,17.03321567,16.79230385,0,0,0,0,0.01,16.90427143,0,0.0225,16.90427143,0,0.04,16.90427143
12.2,16.91807404,1.395471949,17.03181557,16.69772873,16.64707489,0,0,0,0,0.01,16.91807404,0,0.0225,16.91807404,0,0.04,16.91807404
12.21,16.93190066,1.382744837,17.16099997,16.95248562,16.97364526,0,0,0,0,0.01,16.93190066,0,0.0225,16.93190066,0,0.04,16.93190066
12.22,16.94567472,1.381257472,16.84508712,16.97515353,17.23818023,0,0,0,0,0.01,16.94567472,0,0.0225,16.94567472,0,0.04,16.94567472
12.23,16.959316,1.358096,16.94724309,16.83099908,16.57346981,0,0,0,0,0.01,16.959316,0,0.0225,16.959316,0,0.04,16.959316
12.24,16.97301817,1.368217607,16.84395412,17.01445226,16.93975873,0,0,0,0,0.01,16.97301817,0,0.0225,16.97301817,0,0.04,16.97301817
12.25,16.9866379,1.370381818,17.18901283,16.91721845,17.00303335,0,0,0,0,0.01,16.9866379,0,0.0225,16.9866379,0,0.04,16.9866379
12.26,17.00014595,1.347073741,17.01165946,17.09616722,16.96125489,0,0,0,0,0.01,17.00014595,0,0.0225,17.00014595,0,0.04,17.00014595
12.27,17.01354375,1.328714481,16.91060211,17.23016294,16.77966838,0,0,0,0,0.01,17.01354375,0,0.0225,17.01354375,0,0.04,17.01354375
12.28,17.02668854,1.307054214,16.96718713,16.94801146,17.32147228,0,0,0,0,0.01,17.02668854,0,0.0225,17.02668854,0,0.04,17.02668854
12.29,17.03992584,1.330786636,16.97095898,17.00523289,17.07711919,0,0,0,0,0.01,17.03992584,0,0.0225,17.03992584,0,0.04,17.03992584
12.3,17.05323421,1.315786377,17.02227468,17.12617981,16.88581761,0,0,0,0,0.01,17.05323421,0,0.0225,17.05323421,0,0.04,17.05323421
12.31,17.06645778,1.335845135,16.90362763,17.2312278,16.87786585,0,0,0,0,0.01,17.06645778,0,0.0225,17.06645778,0,0.04,17.06645778
12.32,17.07979979,1.329896788,17.02899378,17.08533642,17.23370211,0,0,0,0,0.01,17.07979979,0,0.0225,17.07979979,0,0.04,17.07979979
12.33,17.093354,1.352193508,17.2397902,16.98439753,17.4021792,0,0,0,0,0.01,17.093354,0,0.0225,17.093354,0,0.04,17.093354
12.34,17.10693077,1.3640335,17.19530466,16.79825335,17.24126633,0,0,0,0,0.01,17.10693077,0,0.0225,17.10693077,0,0.04,17.10693077
12.35,17.12055389,1.363260537,17.13167415,17.06508774,16.84251234,0,0,0,0,0.01,17.12055389,0,0.0225,17.12055389,0,0.04,17.12055389
12.36,17.13417118,1.36772971,17.0168704,17.01865076,17.02377061,0,0,0,0,0.01,17.13417118,0,0.0225,17.13417118,0,0.04,17.13417118
12.37,17.14773762,1.347602174,16.95316573,17.05265352,17.06573434,0,0,0,0,0.01,17.14773762,0,0.0225,17.14773762,0,0.04,17.14773762
12.38,17.16122439,1.347272261,17.33705524,17.20605165,17.35493164,0,0,0,0,0.01,17.16122439,0,0.0225,17.16122439,0,0.04,17.16122439
12.39,17.17489396,1.391737385,17.0037275,17.20901535,17.15362471,0,0,0,0,0.01,17.17489396,0,0.0225,17.17489396,0,0.04,17.17489396
12.4,17.18881748,1.386727675,17.03428576,17.16922102,17.25439461,0,0,0,0,0.01,17.18881748,0,0.0225,17.18881748,0,0.04,17.18881748
12.41,17.20276696,1.403424248,17.14840071,17.20066281,16.96496965,0,0,0,0,0.01,17.20276696,0,0.0225,17.20276696,0,0.04,17.20276696
12.42,17.21680393,1.406677271,17.35124438,17.20539377,17.61375394,0,0,0,0,0.01,17.21680393,0,0.0225,17.21680393,0,0.04,17.21680393
12.43,17.23113949,1.456775443,17.24406603,17.28148637,16.80941168,0,0,0,0,0.01,17.23113949,0,0.0225,17.23113949,0,0.04,17.23113949
12.44,17.24570523,1.435129308,17.0807305,17.09646974,17.21091476,0,0,0,0,0.01,17.24570523,0,0.0225,17.24570523,0,0.04,17.24570523
12.45,17.2599314,1.409978653,17.44155202,17.23744838,17.07221201,0,0,0,0,0.01,17.2599314,0,0.0225,17.2599314,0,0.04,17.2599314
12.46,17.27393754,1.386312205,17.24536556,17.2756492,17.16140828,0,0,0,0,0.01,17.27393754,0,0.0225,17.27393754,0,0.04,17.27393754
12.47,17.28808752,1.44111213,17.41864575,17.24353201,17.67278469,0,0,0,0,0.01,17.28808752,0,0.0225,17.28808752,0,0.04,17.28808752
12.48,17.30258075,1.448082971,17.4011341,17.40400473,17.2250806,0,0,0,0,0.01,17.30258075,0,0.0225,17.30258075,0,0.04,17.30258075
12.49,17.31680254,1.412463381,17.35297602,17.35834408,17.37476444,0,0,0,0,0.01,17.31680254,0,0.0225,17.31680254,0,0.04,17.31680254
12.5,17.33072185,1.383024259,17.40730985,17.45181824,17.45406397,0,0,0,0,0.01,17.33072185,0,0.0225,17.33072185,0,0.04,17.33072185
12.51,17.34468925,1.425850403,17.38342822,17.44048772,16.96345032,0,0,0,0,0.01,17.34468925,0,0.0225,17.34468925,0,0.04,17.34468925
12.52,17.35896659,1.419643398,17.3791564,17.26432945,17.06455629,0,0,0,0,0.01,17.35896659,0,0.0225,17.35896659,0,0.04,17.35896659
12.53,17.37304589,1.405545492,17.34934223,17.40391574,17.90811344,0,0,0,0,0.01,17.37304589,0,0.0225,17.37304589,0,0.04,17.37304589
12.54,17.38712774,1.399313157,17.39125022,17.32009879,17.13554195,0,0,0,0,0.01,17.38712774,0,0.0225,17.38712774,0,0.04,17.38712774
12.55,17.40117908,1.409299244,17.36792332,17.48488031,17.30229124,0,0,0,0,0.01,17.40117908,0,0.0225,17.40117908,0,0.04,17.40117908
12.56,17.41489313,1.350817286,17.45150117,17.12007297,17.28691624,0,0,0,0,0.01,17.41489313,0,0.0225,17.41489313,0,0.04,17.41489313
12.57,17.42819674,1.319584325,17.14363382,17.56284852,17.6504289,0,0,0,0,0.01,17.42819674,0,0.0225,17.42819674,0,0.04,17.42819674
12.58,17.44116235,1.27420784,17.29102199,17.42128567,17.50942332,0,0,0,0,0.01,17.44116235,0,0.0225,17.44116235,0,0.04,17.44116235
12.59,17.45385957,1.266096626,17.54974224,17.4405617,16.97692408,0,0,0,0,0.01,17.45385957,0,0.0225,17.45385957,0,0.04,17.45385957
12.6,17.46656536,1.296218897,17.60342166,17.36262639,17.63459099,0,0,0,0,0.01,17.46656536,0,0.0225,17.46656536,0,0.04,17.46656536
12.61,17.47957434,1.296398409,17.45290398,17.65492826,17.50246446,0,0,0,0,0.01,17.47957434,0,0.0225,17.47957434,0,0.04,17.47957434
12.62,17.49238415,1.248553054,17.55709546,17.29547183,17.60595883,0,0,0,0,0.01,17.49238415,0,0.0225,17.49238415,0,0.04,17.49238415
12.63,17.50494016,1.261691684,17.39996509,17.49338638,17.56297584,0,0,0,0,0.01,17.50494016,0,0.0225,17.50494016,0,0.04,17.50494016
12.64,17.51739053,1.2220441,17.6766512,17.24674911,17.23888709,0,0,0,0,0.01,17.51739053,0,0.0225,17.51739053,0,0.04,17.51739053
12.65,17.52978833,1.259897776,17.6630031,17.50869219,17.33992421,0,0,0,0,0.01,17.52978833,0,0.0225,17.52978833,0,0.04,17.52978833
12.66,17.54237632,1.237433242,17.58809585,17.66210537,17.74292592,0,0,0,0,0.01,17.54237632,0,0.0225,17.54237632,0,0.04,17.54237632
12.67,17.55476024,1.243817063,17.46909719,17.74039547,17.63294962,0,0,0,0,0.01,17.55476024,0,0.0225,17.55476024,0,0.04,17.55476024
12.68,17.56716659,1.237748989,17.64607931,17.48616722,17.76837978,0,0,0,0,0.01,17.56716659,0,0.0225,17.56716659,0,0.04,17.56716659
12.69,17.57974486,1.25170499,17.69689088,17.56961811,17.30564046,0,0,0,0,0.01,17.57974486,0,0.0225,17.57974486,0,0.04,17.57974486
12.7,17.59248272,1.282869068,17.53629866,17.50660832,17.59123742,0,0,0,0,0.01,17.59248272,0,0.0225,17.59248272,0,0.04,17.59248272
12.71,17.60527017,1.250666433,17.44935035,17.51850045,17.7791095,0,0,0,0,0.01,17.60527017,0,0.0225,17.60527017,0,0.04,17.60527017
12.72,17.61765691,1.22029992,17.74586416,17.74002801,17.55262021,0,0,0,0,0.01,17.61765691,0,0.0225,17.61765691,0,0.04,17.61765691
12.73,17.62976976,1.191346299,17.54506169,17.50363837,17.57981014,0,0,0,0,0.01,17.62976976,0,0.0225,17.62976976,0,0.04,17.62976976
12.74,17.64160707,1.174698941,17.6381604,17.80462343,17.34370868,0,0,0,0,0.01,17.64160707,0,0.0225,17.64160707,0,0.04,17.64160707
12.75,17.65331943,1.163226186,17.72663683,17.67388442,17.56154265,0,0,0,0,0.01,17.65331943,0,0.0225,17.65331943,0,0.04,17.65331943
12.76,17.66504783,1.176979301,17.6334704,17.80235432,17.90311543,0,0,0,0,0.01,17.66504783,0,0.0225,17.66504783,0,0.04,17.66504783
12.77,17.67673525,1.142246811,17.63570854,17.84580645,17.96179795,0,0,0,0,0.01,17.67673525,0,0.0225,17.67673525,0,0.04,17.67673525
12.78,17.68807462,1.110132033,17.64101549,17.81723285,17.56604709,0,0,0,0,0.01,17.68807462,0,0.0225,17.68807462,0,0.04,17.68807462
12.79,17.69919044,1.11573136,17.87497571,17.62175116,17.57321454,0,0,0,0,0.01,17.69919044,0,0.0225,17.69919044,0,0.04,17.69919044
12.8,17.71016581,1.088289549,17.65682459,17.64140711,17.19334121,0,0,0,0,0.01,17.71016581,0,0.0225,17.71016581,0,0.04,17.71016581
12.81,17.72106108,1.084967532,17.91598502,17.51787759,17.68560008,0,0,0,0,0.01,17.72106108,0,0.0225,17.72106108,0,0.04,17.72106108
12.82,17.73188186,1.079309853,17.76756305,17.83126147,17.61385129,0,0,0,0,0.01,17.73188186,0,0.0225,17.73188186,0,0.04,17.73188186
12.83,17.74262527,1.062321091,17.67059693,17.78987055,17.66775006,0,0,0,0,0.01,17.74262527,0,0.0225,17.74262527,0,0.04,17.74262527
12.84,17.75334894,1.081183021,17.89840795,17.85448285,17.85659652,0,0,0,0,0.01,17.75334894,0,0.0225,17.75334894,0,0.04,17.75334894
12.85,17.7640938,1.078529037,17.80059862,17.82489881,17.58861171,0,0,0,0,0.01,17.7640938,0,0.0225,17.7640938,0,0.04,17.7640938
12.86,17.77461136,1.028583129,17.73281256,17.51523699,17.76985579,0,0,0,0,0.01,17.77461136,0,0.0225,17.77461136,0,0.04,17.77461136
12.87,17.78503643,1.051672668,17.81571164,17.65244896,17.68600677,0,0,0,0,0.01,17.78503643,0,0.0225,17.78503643,0,0.04,17.78503643
12.88,17.79571078,1.07323908,17.6910162,17.86796127,17.5846608,0,0,0,0,0.01,17.79571078,0,0.0225,17.79571078,0,0.04,17.79571078
12.89,17.8063265,1.060605837,17.82655759,17.51782632,17.63816697,0,0,0,0,0.01,17.8063265,0,0.0225,17.8063265,0,0.04,17.8063265
12.9,17.81681921,1.032836653,17.77900142,17.98616033,18.12132191,0,0,0,0,0.01,17.81681921,0,0.0225,17.81681921,0,0.04,17.81681921
12.91,17.82728285,1.047245258,17.91713399,17.95291216,18.15164253,0,0,0,0,0.01,17.82728285,0,0.0225,17.82728285,0,0.04,17.82728285
12.92,17.83798472,1.047822741,17.80757179,17.73115202,18.03270842,0,0,0,0,0.01,17.83798472,0,0.0225,17.83798472,0,0.04,17.83798472
12.93,17.84832551,1.030757043,17.80617448,17.8363592,17.39250986,0,0,0,0,0.01,17.84832551,0,0.0225,17.84832551,0,0.04,17.84832551
12.94,17.85859372,1.004615866,17.90794202,17.71518406,18.00643174,0,0,0,0,0.01,17.85859372,0,0.0225,17.85859372,0,0.04,17.85859372
12.95,17.8685431,0.996007126,17.75335151,18.09480499,18.27791132,0,0,0,0,0.01,17.8685431,0,0.0225,17.8685431,0,0.04,17.8685431
12.96,17.87852586,0.9891139552,17.90376399,17.99595568,17.59463494,0,0,0,0,0.01,17.87852586,0,0.0225,17.87852586,0,0.04,17.87852586
12.97,17.88818348,0.9621992602,17.87040574,18.08118273,17.68648892,0,0,0,0,0.01,17.88818348,0,0.0225,17.88818348,0,0.04,17.88818348
12.98,17.89771396,0.962918802,17.93409448,17.9314699,17.63433938,0,0,0,0,0.01,17.89771396,0,0.0225,17.89771396,0,0.04,17.89771396
12.99,17.90739781,0.9659606712,17.89437445,18.12851322,17.75788937,0,0,0,0,0.01,17.90739781,0,0.0225,17.90739781,0,0.04,17.90739781
13,17.91706539,0.9562015354,17.85518703,18.03121955,18.00735815,0,0,0,0,0.01,17.91706539,0,0.0225,17.91706539,0,0.04,17.91706539
13.01,17.92672327,0.9594385122,18.04654632,17.96210829,17.81652354,0,0,0,0,0.01,17.92672327,0,0.0225,17.92672327,0,0.04,17.92672327
13.02,17.93640571,0.9747739457,17.849853,17.94027372,18.01390215,0,0,0,0,0.01,17.93640571,0,0.0225,17.93640571,0,0.04,17.93640571
13.03,17.94609425,0.9665804185,17.92773742,18.0000027,18.3117468,0,0,0,0,0.01,17.94609425,0,0.0225,17.94609425,0,0.04,17.94609425
13.04,17.95592236,0.9894656791,18.11123675,17.83873647,17.99147787,0,0,0,0,0.01,17.95592236,0,0.0225,17.95592236,0,0.04,17.95592236
13.05,17.9656944,0.9672632886,17.874632,17.98074635,17.65914824,0,0,0,0,0.01,17.9656944,0,0.0225,17.9656944,0,0.04,17.9656944
13.06,17.97552156,0.9769170087,17.99678609,18.14499733,17.96454789,0,0,0,0,0.01,17.97552156,0,0.0225,17.97552156,0,0.04,17.97552156
13.07,17.98541593,1.00330897,17.90930002,18.25351643,18.43557198,0,0,0,0,0.01,17.98541593,0,0.0225,17.98541593,0,0.04,17.98541593
13.08,17.99534776,0.9824342418,18.02961314,17.91980075,18.11104411,0,0,0,0,0.01,17.99534776,0,0.0225,17.99534776,0,0.04,17.99534776
13.09,18.00511537,0.9709590585,17.90506895,17.84435652,18.22627024,0,0,0,0,0.01,18.00511537,0,0.0225,18.00511537,0,0.04,18.00511537
13.1,18.01482774,0.9843658656,18.05489279,18.28498342,17.98151308,0,0,0,0,0.01,18.01482774,0,0.0225,18.01482774,0,0.04,18.01482774
13.11,18.02468557,0.9779793797,18.16923564,17.84804583,17.81676444,0,0,0,0,0.01,18.02468557,0,0.0225,18.02468557,0,0.04,18.02468557
13.12,18.0344313,0.9845368011,18.07761886,17.97515101,17.91194833,0,0,0,0,0.01,18.0344313,0,0.0225,18.0344313,0,0.04,18.0344313
13.13,18.04412765,0.953282744,18.0378812,18.1060995,17.84387397,0,0,0,0,0.01,18.04412765,0,0.0225,18.04412765,0,0.04,18.04412765
13.14,18.05387538,0.9882681648,18.02462064,17.90063509,17.86845248,0,0,0,0,0.01,18.05387538,0,0.0225,18.05387538,0,0.04,18.05387538
13.15,18.06373167,0.9710783236,18.03014998,17.82148244,18.11208886,0,0,0,0,0.01,18.06373167,0,0.0225,18.06373167,0,0.04,18.06373167
13.16,18.07310843,0.9251763975,18.05870767,17.95536332,18.18363846,0,0,0,0,0.01,18.07310843,0,0.0225,18.07310843,0,0.04,18.07310843
13.17,18.08229915,0.9004006109,18.18911723,17.85956554,18.51725688,0,0,0,0,0.01,18.08229915,0,0.0225,18.08229915,0,0.04,18.08229915
13.18,18.09114504,0.9021465713,18.29505292,18.04733917,18.07711322,0,0,0,0,0.01,18.09114504,0,0.0225,18.09114504,0,0.04,18.09114504
13.19,18.10016817,0.9027345328,18.09703602,18.16748312,18.07335483,0,0,0,0,0.01,18.10016817,0,0.0225,18.10016817,0,0.04,18.10016817
13.2,18.10928822,0.9220396646,18.12654723,18.00209633,18.0063883,0,0,0,0,0.01,18.10928822,0,0.0225,18.10928822,0,0.04,18.10928822
13.21,18.11858244,0.9272345214,17.97338722,18.09357279,18.00274811,0,0,0,0,0.01,18.11858244,0,0.0225,18.11858244,0,0.04,18.11858244
13.22,18.12772218,0.9090917373,18.05504531,18.01272755,18.00811539,0,0,0,0,0.01,18.12772218,0,0.0225,18.12772218,0,0.04,18.12772218
13.23,18.13694757,0.9315992597,18.04222802,18.38264293,18.37086206,0,0,0,0,0.01,18.13694757,0,0.0225,18.13694757,0,0.04,18.13694757
13.24,18.14616179,0.9183697761,17.98839773,17.94226848,18.21192728,0,0,0,0,0.01,18.14616179,0,0.0225,18.14616179,0,0.04,18.14616179
13.25,18.15546092,0.9156453112,18.24270542,18.18106486,18.01229916,0,0,0,0,0.01,18.15546092,0,0.0225,18.15546092,0,0.04,18.15546092
13.26,18.16486542,0.9517907793,18.23266176,18.25760218,18.19189863,0,0,0,0,0.01,18.16486542,0,0.0225,18.16486542,0,0.04,18.16486542
13.27,18.17451865,0.9483099268,18.23404093,18.37796769,18.05614939,0,0,0,0,0.01,18.17451865,0,0.0225,18.17451865,0,0.04,18.17451865
13.28,18.1839835,0.9387638908,18.05712873,17.90323041,18.32460907,0,0,0,0,0.01,18.1839835,0,0.0225,18.1839835,0,0.04,18.1839835
13.29,18.19319487,0.9094295009,18.08613999,18.09402944,18.26486579,0,0,0,0,0.01,18.19319487,0,0.0225,18.19319487,0,0.04,18.19319487
13.3,18.20212498,0.8898449787,18.15426514,18.23612372,18.53121025,0,0,0,0,0.01,18.20212498,0,0.0225,18.20212498,0,0.04,18.20212498
13.31,18.21115331,0.8869868414,18.11275003,18.19058554,18.48734047,0,0,0,0,0.01,18.21115331,0,0.0225,18.21115331,0,0.04,18.21115331
13.32,18.22010225,0.8881860955,18.11544612,18.18292637,18.27565211,0,0,0,0,0.01,18.22010225,0,0.0225,18.22010225,0,0.04,18.22010225
13.33,18.22906966,0.8811569885,18.08452839,18.22041534,18.24952829,0,0,0,0,0.01,18.22906966,0,0.0225,18.22906966,0,0.04,18.22906966
13.34,18.23795646,0.8741496402,18.12030802,17.85496931,18.59444908,0,0,0,0,0.01,18.23795646,0,0.0225,18.23795646,0,0.04,18.23795646
13.35,18.24651165,0.8578737854,18.33956661,18.20038405,18.33323759,0,0,0,0,0.01,18.24651165,0,0.0225,18.24651165,0,0.04,18.24651165
13.36,18.25498007,0.8328681615,18.26338538,18.38534118,18.31101275,0,0,0,0,0.01,18.25498007,0,0.0225,18.25498007,0,0.04,18.25498007
13.37,18.2634746,0.8409547597,18.46478307,18.12747108,18.60362785,0,0,0,0,0.01,18.2634746,0,0.0225,18.2634746,0,0.04,18.2634746
13.38,18.27179051,0.816993962,18.32082833,17.80989847,18.54799394,0,0,0,0,0.01,18.27179051,0,0.0225,18.27179051,0,0.04,18.27179051
13.39,18.27986198,0.8085323983,18.09753354,18.25407052,18.00799616,0,0,0,0,0.01,18.27986198,0,0.0225,18.27986198,0,0.04,18.27986198
13.4,18.28795773,0.8149764537,18.41702577,18.25665187,18.45855987,0,0,0,0,0.01,18.28795773,0,0.0225,18.28795773,0,0.04,18.28795773
13.41,18.29610514,0.814402045,18.26435082,18.37672662,18.61189092,0,0,0,0,0.01,18.29610514,0,0.0225,18.29610514,0,0.04,18.29610514
13.42,18.30443416,0.8176604424,18.23389342,18.18393633,18.08186999,0,0,0,0,0.01,18.30443416,0,0.0225,18.30443416,0,0.04,18.30443416
13.43,18.31245389,0.7946008607,18.2119417,18.1525715,17.85775705,0,0,0,0,0.01,18.31245389,0,0.0225,18.31245389,0,0.04,18.31245389
13.44,18.32053952,0.8064176583,18.4584927,18.2493556,18.22347477,0,0,0,0,0.01,18.32053952,0,0.0225,18.32053952,0,0.04,18.32053952
13.45,18.32850226,0.7680896761,18.44952333,18.45852079,18.6705219,0,0,0,0,0.01,18.32850226,0,0.0225,18.32850226,0,0.04,18.32850226
13.46,18.33618388,0.7689699014,18.33448978,18.12798084,18.06795439,0,0,0,0,0.01,18.33618388,0,0.0225,18.33618388,0,0.04,18.33618388
13.47,18.34387579,0.7641580835,18.15114856,18.55520733,18.22153178,0,0,0,0,0.01,18.34387579,0,0.0225,18.34387579,0,0.04,18.34387579
13.48,18.35134486,0.7456929056,18.25333118,18.35828619,18.07029832,0,0,0,0,0.01,18.35134486,0,0.0225,18.35134486,0,0.04,18.35134486
13.49,18.3587434,0.7327233921,18.31378626,18.44220777,18.15355046,0,0,0,0,0.01,18.3587434,0,0.0225,18.3587434,0,0.04,18.3587434
13.5,18.36620504,0.7454337539,18.47603171,18.35241886,18.38770216,0,0,0,0,0.01,18.36620504,0,0.0225,18.36620504,0,0.04,18.36620504
13.51,18.37338432,0.7114666211,18.23430051,18.15700418,18.51355753,0,0,0,0,0.01,18.37338432,0,0.0225,18.37338432,0,0.04,18.37338432
13.52,18.38069268,0.7548824305,18.44675307,18.29490501,18.24231573,0,0,0,0,0.01,18.38069268,0,0.0225,18.38069268,0,0.04,18.38069268
13.53,18.38823539,0.7410886743,18.31685055,18.53426035,17.8467319,0,0,0,0,0.01,18.38823539,0,0.0225,18.38823539,0,0.04,18.38823539
13.54,18.39555807,0.7232529243,18.41513639,18.43513359,18.55397526,0,0,0,0,0.01,18.39555807,0,0.0225,18.39555807,0,0.04,18.39555807
13.55,18.40266396,0.7078674011,18.33580588,18.54061629,18.54558408,0,0,0,0,0.01,18.40266396,0,0.0225,18.40266396,0,0.04,18.40266396
13.56,18.40981835,0.7174457277,18.26987953,18.24352128,18.52830195,0,0,0,0,0.01,18.40981835,0,0.0225,18.40981835,0,0.04,18.40981835
13.57,18.41697669,0.7139114217,18.24102993,18.55642048,18.30946797,0,0,0,0,0.01,18.41697669,0,0.0225,18.41697669,0,0.04,18.41697669
13.58,18.42397529,0.6957999363,18.42083139,18.47743167,18.53929678,0,0,0,0,0.01,18.42397529,0,0.0225,18.42397529,0,0.04,18.42397529
13.59,18.43105202,0.689298327,18.34563745,18.41691814,18.57341025,0,0,0,0,0.01,18.43105202,0,0.0225,18.43105202,0,0.04,18.43105202
13.6,18.43797583,0.6854290344,18.30261923,18.20032108,18.26611073,0,0,0,0,0.01,18.43797583,0,0.0225,18.43797583,0,0.04,18.43797583
13.61,18.44499683,0.7262956265,18.52039244,18.56546681,18.54957005,0,0,0,0,0.01,18.44499683,0,0.0225,18.44499683,0,0.04,18.44499683
13.62,18.45215503,0.7060953986,18.46707151,18.6020983,18.30373624,0,0,0,0,0.01,18.45215503,0,0.0225,18.45215503,0,0.04,18.45215503
13.63,18.45900719,0.6664258681,18.53764769,18.66012558,18.81971491,0,0,0,0,0.01,18.45900719,0,0.0225,18.45900719,0,0.04,18.45900719
13.64,18.46582323,0.700070242,18.38430184,18.61937983,18.4124444,0,0,0,0,0.01,18.46582323,0,0.0225,18.46582323,0,0.04,18.46582323
13.65,18.47285042,0.6967416959,18.54302592,18.54343404,18.52057847,0,0,0,0,0.01,18.47285042,0,0.0225,18.47285042,0,0.04,18.47285042
13.66,18.4796919,0.6761353684,18.63942339,18.40504668,18.23309035,0,0,0,0,0.01,18.4796919,0,0.0225,18.4796919,0,0.04,18.4796919
13.67,18.48648849,0.6891729317,18.55479887,18.66697262,18.55046768,0,0,0,0,0.01,18.48648849,0,0.0225,18.48648849,0,0.04,18.48648849
13.68,18.49345482,0.6803431598,18.33704153,18.62795061,18.25037612,0,0,0,0,0.01,18.49345482,0,0.0225,18.49345482,0,0.04,18.49345482
13.69,18.50012443,0.6915303967,18.68971384,18.41912961,18.51765655,0,0,0,0,0.01,18.50012443,0,0.0225,18.50012443,0,0.04,18.50012443
13.7,18.50692786,0.6860281408,18.54557265,18.36176458,18.30037439,0,0,0,0,0.01,18.50692786,0,0.0225,18.50692786,0,0.04,18.50692786
13.71,18.5137705,0.7009815734,18.44901,18.50770251,18.37622267,0,0,0,0,0.01,18.5137705,0,0.0225,18.5137705,0,0.04,18.5137705
13.72,18.52073437,0.6912391228,18.3102753,18.57673456,18.75131407,0,0,0,0,0.01,18.52073437,0,0.0225,18.52073437,0,0.04,18.52073437
13.73,18.52762318,0.689849393,18.47320258,18.3604916,18.54386136,0,0,0,0,0.01,18.52762318,0,0.0225,18.52762318,0,0.04,18.52762318
13.74,18.53461116,0.7100249326,18.4765188,18.56374898,18.31373288,0,0,0,0,0.01,18.53461116,0,0.0225,18.53461116,0,0.04,18.53461116
13.75,18.54193621,0.7522927,18.57978085,18.41126853,18.63286823,0,0,0,0,0.01,18.54193621,0,0.0225,18.54193621,0,0.04,18.54193621
13.76,18.5495298,0.7614490218,18.40854137,18.55747187,18.38598275,0,0,0,0,0.01,18.5495298,0,0.0225,18.5495298,0,0.04,18.5495298
13.77,18.55743563,0.818040612,18.49953236,18.65721875,18.43257861,0,0,0,0,0.01,18.55743563,0,0.0225,18.55743563,0,0.04,18.55743563
13.78,18.56573553,0.8262210574,18.5158869,18.36019045,18.8490084,0,0,0,0,0.01,18.56573553,0,0.0225,18.56573553,0,0.04,18.56573553
13.79,18.57396668,0.8148883166,18.57105715,18.52057094,18.57797983,0,0,0,0,0.01,18.57396668,0,0.0225,18.57396668,0,0.04,18.57396668
13.8,18.58215409,0.8199766568,18.5387883,18.51482227,18.72169884,0,0,0,0,0.01,18.58215409,0,0.0225,18.58215409,0,0.04,18.58215409
13.81,18.59012057,0.7776714169,18.5955224,18.64940138,18.47547449,0,0,0,0,0.01,18.59012057,0,0.0225,18.59012057,0,0.04,18.59012057
13.82,18.59812221,0.8285211229,18.53680032,18.86660723,18.54252448,0,0,0,0,0.01,18.59812221,0,0.0225,18.59812221,0,0.04,18.59812221
13.83,18.60628956,0.7980037548,18.53404954,18.70161562,18.89177594,0,0,0,0,0.01,18.60628956,0,0.0225,18.60628956,0,0.04,18.60628956
13.84,18.61433603,0.8174204151,18.53753019,18.67062493,18.60761459,0,0,0,0,0.01,18.61433603,0,0.0225,18.61433603,0,0.04,18.61433603
13.85,18.62259948,0.8272419309,18.47974926,18.44400743,18.14972798,0,0,0,0,0.01,18.62259948,0,0.0225,18.62259948,0,0.04,18.62259948
13.86,18.63088453,0.8242731016,18.45149807,18.7760646,18.28221984,0,0,0,0,0.01,18.63088453,0,0.0225,18.63088453,0,0.04,18.63088453
13.87,18.63907325,0.817557521,18.80552737,18.57233292,18.91348222,0,0,0,0,0.01,18.63907325,0,0.0225,18.63907325,0,0.04,18.63907325
13.88,18.6470495,0.7735014985,18.68605278,18.79142201,18.59427079,0,0,0,0,0.01,18.6470495,0,0.0225,18.6470495,0,0.04,18.6470495
13.89,18.65490326,0.7819816065,18.70249466,18.60449932,18.55751685,0,0,0,0,0.01,18.65490326,0,0.0225,18.65490326,0,0.04,18.65490326
13.9,18.66259393,0.7649037824,18.60357529,18.46178167,18.84260952,0,0,0,0,0.01,18.66259393,0,0.0225,18.66259393,0,0.04,18.66259393
13.91,18.67004622,0.7346744423,18.55906647,18.50039906,18.20744212,0,0,0,0,0.01,18.67004622,0,0.0225,18.67004622,0,0.04,18.67004622
13.92,18.67732993,0.739624771,18.55866959,18.63538017,18.65939035,0,0,0,0,0.01,18.67732993,0,0.0225,18.67732993,0,0.04,18.67732993
13.93,18.68475565,0.7401458083,18.49266485,18.68587186,18.91982333,0,0,0,0,0.01,18.68475565,0,0.0225,18.68475565,0,0.04,18.68475565
13.94,18.69203707,0.7292652571,18.69901781,18.49149197,18.61126684,0,0,0,0,0.01,18.69203707,0,0.0225,18.69203707,0,0.04,18.69203707
13.95,18.69946653,0.7519757188,18.69158997,18.77225705,19.00237504,0,0,0,0,0.01,18.69946653,0,0.0225,18.69946653,0,0.04,18.69946653
13.96,18.70680925,0.7259560097,18.56073274,18.467284,18.51178186,0,0,0,0,0.01,18.70680925,0,0.0225,18.70680925,0,0.04,18.70680925
13.97,18.714206,0.7341378965,18.90510003,18.58133596,18.48271908,0,0,0,0,0.01,18.714206,0,0.0225,18.714206,0,0.04,18.714206
13.98,18.72169979,0.7498553005,18.86624805,18.93912544,18.5232742,0,0,0,0,0.01,18.72169979,0,0.0225,18.72169979,0,0.04,18.72169979
13.99,18.72914051,0.7420401249,18.65163505,18.70878646,18.9568104,0,0,0,0,0.01,18.72914051,0,0.0225,18.72914051,0,0.04,18.72914051
14,18.73636208,0.703254333,18.72669103,18.35190597,18.62837217,0,0,0,0,0.01,18.73636208,0,0.0225,18.73636208,0,0.04,18.73636208
14.01,18.74325792,0.6809069802,18.62703755,18.84662927,18.63873867,0,0,0,0,0.01,18.74325792,0,0.0225,18.74325792,0,0.04,18.74325792
14.02,18.74995006,0.6575858363,18.73942286,18.71775085,18.51605271,0,0,0,0,0.01,18.74995006,0,0.0225,18.74995006,0,0.04,18.74995006
14.03,18.75659157,0.6570603491,18.78131245,18.65654996,18.72064435,0,0,0,0,0.01,18.75659157,0,0.0225,18.75659157,0,0.04,18.75659157
14.04,18.7632967,0.6846149977,18.65204144,18.74966416,18.86410923,0,0,0,0,0.01,18.7632967,0,0.0225,18.7632967,0,0.04,18.7632967
14.05,18.77012611,0.6820095007,18.66846495,18.69464235,18.70151702,0,0,0,0,0.01,18.77012611,0,0.0225,18.77012611,0,0.04,18.77012611
14.06,18.77684456,0.6504032439,18.8285386,18.79422975,18.78206912,0,0,0,0,0.01,18.77684456,0,0.0225,18.77684456,0,0.04,18.77684456
14.07,18.78340168,0.654144325,18.9730502,18.53521199,18.51772619,0,0,0,0,0.01,18.78340168,0,0.0225,18.78340168,0,0.04,18.78340168
14.08,18.79003851,0.6713162759,18.77897396,18.70135278,19.15425654,0,0,0,0,0.01,18.79003851,0,0.0225,18.79003851,0,0.04,18.79003851
14.09,18.79665558,0.6618178099,18.58870596,19.02286831,18.74177899,0,0,0,0,0.01,18.79665558,0,0.0225,18.79665558,0,0.04,18.79665558
14.1,18.80335386,0.6837808,18.54885022,18.8578687,18.83745809,0,0,0,0,0.01,18.80335386,0,0.0225,18.80335386,0,0.04,18.80335386
14.11,18.81000523,0.6681798807,18.81818061,18.7999682,18.6768332,0,0,0,0,0.01,18.81000523,0,0.0225,18.81000523,0,0.04,18.81000523
14.12,18.81639932,0.6096866887,18.78506458,18.92406335,18.95415965,0,0,0,0,0.01,18.81639932,0,0.0225,18.81639932,0,0.04,18.81639932
14.13,18.82229439,0.5793118148,18.87773591,19.08333596,19.41316,0,0,0,0,0.01,18.82229439,0,0.0225,18.82229439,0,0.04,18.82229439
14.14,18.82814954,0.5951462647,18.84343949,18.81792588,18.42065166,0,0,0,0,0.01,18.82814954,0,0.0225,18.82814954,0,0.04,18.82814954
14.15,18.83402784,0.5927038537,18.66527122,18.83429568,18.8889487,0,0,0,0,0.01,18.83402784,0,0.0225,18.83402784,0,0.04,18.83402784
14.16,18.83986885,0.5674701394,18.96413618,18.86855869,18.89945988,0,0,0,0,0.01,18.83986885,0,0.0225,18.83986885,0,0.04,18.83986885
14.17,18.84561194,0.5767192623,18.6837193,18.67438965,18.74535535,0,0,0,0,0.01,18.84561194,0,0.0225,18.84561194,0,0.04,18.84561194
14.18,18.85126594,0.5585515249,18.84980707,18.82958904,18.93552459,0,0,0,0,0.01,18.85126594,0,0.0225,18.85126594,0,0.04,18.85126594
14.19,18.85673544,0.5366659134,18.8284275,18.94610037,19.01638308,0,0,0,0,0.01,18.85673544,0,0.0225,18.85673544,0,0.04,18.85673544
14.2,18.86211125,0.5338517112,18.80468178,19.02558954,18.94470929,0,0,0,0,0.01,18.86211125,0,0.0225,18.86211125,0,0.04,18.86211125
14.21,18.86732524,0.5148310018,18.74893861,18.68034468,18.99429708,0,0,0,0,0.01,18.86732524,0,0.0225,18.86732524,0,0.04,18.86732524
14.22,18.87236153,0.4938277063,18.93511811,18.9982751,18.95953439,0,0,0,0,0.01,18.87236153,0,0.0225,18.87236153,0,0.04,18.87236153
14.23,18.87744584,0.5185548063,19.10293432,18.99966409,18.72085853,0,0,0,0,0.01,18.87744584,0,0.0225,18.87744584,0,0.04,18.87744584
14.24,18.88244407,0.5270042658,18.96705707,19.00934094,18.95612927,0,0,0,0,0.01,18.88244407,0,0.0225,18.88244407,0,0.04,18.88244407
14.25,18.88789345,0.5368773687,18.97203858,18.76991677,19.12154688,0,0,0,0,0.01,18.88789345,0,0.0225,18.88789345,0,0.04,18.88789345
14.26,18.89336257,0.5546788191,18.88944404,18.78099211,19.01708842,0,0,0,0,0.01,18.89336257,0,0.0225,18.89336257,0,0.04,18.89336257
14.27,18.89875553,0.5372651514,18.79877052,18.67200996,19.13055111,0,0,0,0,0.01,18.89875553,0,0.0225,18.89875553,0,0.04,18.89875553
14.28,18.9041904,0.531218028,18.88218023,18.9874964,18.72904706,0,0,0,0,0.01,18.9041904,0,0.0225,18.9041904,0,0.04,18.9041904
14.29,18.90952401,0.5350852739,18.78157188,18.77077048,19.00545965,0,0,0,0,0.01,18.90952401,0,0.0225,18.90952401,0,0.04,18.90952401
14.3,18.91485212,0.5230388169,18.91143336,18.7868922,18.81236949,0,0,0,0,0.01,18.91485212,0,0.0225,18.91485212,0,0.04,18.91485212
14.31,18.91995597,0.4989851504,18.96008586,18.93742878,18.60569498,0,0,0,0,0.01,18.91995597,0,0.0225,18.91995597,0,0.04,18.91995597
14.32,18.92480852,0.4798451041,18.94207299,19.01363354,18.78074177,0,0,0,0,0.01,18.92480852,0,0.0225,18.92480852,0,0.04,18.92480852
14.33,18.92973963,0.5021235693,19.11153809,19.09709398,18.68194273,0,0,0,0,0.01,18.92973963,0,0.0225,18.92973963,0,0.04,18.92973963
14.34,18.93483041,0.5237440613,18.88424405,18.88596533,18.98028078,0,0,0,0,0.01,18.93483041,0,0.0225,18.93483041,0,0.04,18.93483041
14.35,18.9400091,0.4870544169,18.95624411,18.9105591,18.93827839,0,0,0,0,0.01,18.9400091,0,0.0225,18.9400091,0,0.04,18.9400091
14.36,18.94493747,0.4988934227,18.94110146,18.90003786,18.6271745,0,0,0,0,0.01,18.94493747,0,0.0225,18.94493747,0,0.04,18.94493747
14.37,18.94996385,0.5229819119,19.05046052,19.07312193,19.04803807,0,0,0,0,0.01,18.94996385,0,0.0225,18.94996385,0,0.04,18.94996385
14.38,18.95516813,0.520064889,18.84307293,19.0508554,18.75111734,0,0,0,0,0.01,18.95516813,0,0.0225,18.95516813,0,0.04,18.95516813
14.39,18.96039371,0.5069856924,19.03936961,18.84391932,18.86402976,0,0,0,0,0.01,18.96039371,0,0.0225,18.96039371,0,0.04,18.96039371
14.4,18.96527113,0.4627496888,18.86550521,18.91570712,19.09423603,0,0,0,0,0.01,18.96527113,0,0.0225,18.96527113,0,0.04,18.96527113
14.41,18.96973653,0.4445074317,18.97289508,18.95048201,19.03770676,0,0,0,0,0.01,18.96973653,0,0.0225,18.96973653,0,0.04,18.96973653
14.42,18.97437999,0.4631058208,18.97948369,19.05193104,18.90263443,0,0,0,0,0.01,18.97437999,0,0.0225,18.97437999,0,0.04,18.97437999
14.43,18.97911152,0.4646863312,18.98487523,18.59822457,19.05085987,0,0,0,0,0.01,18.97911152,0,0.0225,18.97911152,0,0.04,18.97911152
14.44,18.98355769,0.4338495498,18.93520387,18.84313396,19.1243702,0,0,0,0,0.01,18.98355769,0,0.0225,18.98355769,0,0.04,18.98355769
14.45,18.98775995,0.4097486632,18.99324939,18.92596051,18.9547115,0,0,0,0,0.01,18.98775995,0,0.0225,18.98775995,0,0.04,18.98775995
14.46,18.99193342,0.4336772022,18.89464598,19.10762666,18.98938593,0,0,0,0,0.01,18.99193342,0,0.0225,18.99193342,0,0.04,18.99193342
14.47,18.99629106,0.4370595149,18.8778998,18.78561392,19.0225021,0,0,0,0,0.01,18.99629106,0,0.0225,18.99629106,0,0.04,18.99629106
14.48,19.00057338,0.4347503585,19.00406704,18.83232629,19.0971168,0,0,0,0,0.01,19.00057338,0,0.0225,19.00057338,0,0.04,19.00057338
14.49,19.00530298,0.4808535081,19.05043746,19.00228625,19.06081137,0,0,0,0,0.01,19.00530298,0,0.0225,19.00530298,0,0.04,19.00530298
14.5,19.01022756,0.5139600988,19.11660252,19.07677866,18.92512798,0,0,0,0,0.01,19.01022756,0,0.0225,19.01022756,0,0.04,19.01022756
14.51,19.01510876,0.4413007579,19.10113083,18.98201244,18.96469485,0,0,0,0,0.01,19.01510876,0,0.0225,19.01510876,0,0.04,19.01510876
14.52,19.01940921,0.424864858,19.11766338,18.91412131,18.84028867,0,0,0,0,0.01,19.01940921,0,0.0225,19.01940921,0,0.04,19.01940921
14.53,19.02365778,0.42515627,18.90215122,19.09162826,19.15242346,0,0,0,0,0.01,19.02365778,0,0.0225,19.02365778,0,0.04,19.02365778
14.54,19.0281714,0.4425692443,19.00501045,19.01709688,18.65517266,0,0,0,0,0.01,19.0281714,0,0.0225,19.0281714,0,0.04,19.0281714
14.55,19.03255103,0.4114724633,19.13816009,18.95684281,19.23838902,0,0,0,0,0.01,19.03255103,0,0.0225,19.03255103,0,0.04,19.03255103
14.56,19.03669338,0.4119757096,19.13064598,19.08402839,18.84757447,0,0,0,0,0.01,19.03669338,0,0.0225,19.03669338,0,0.04,19.03669338
14.57,19.04082647,0.4116883548,18.89540773,18.76513917,19.10175019,0,0,0,0,0.01,19.04082647,0,0.0225,19.04082647,0,0.04,19.04082647
14.58,19.04488423,0.4032415197,19.0184148,18.99960084,19.07791864,0,0,0,0,0.01,19.04488423,0,0.0225,19.04488423,0,0.04,19.04488423
14.59,19.04887532,0.3788521197,18.98591594,19.25612716,19.09643292,0,0,0,0,0.01,19.04887532,0,0.0225,19.04887532,0,0.04,19.04887532
14.6,19.05254238,0.3681623681,18.95312699,19.21475391,19.12011515,0,0,0,0,0.01,19.05254238,0,0.0225,19.05254238,0,0.04,19.05254238
14.61,19.05626781,0.3698592012,19.13995222,19.13411651,18.95294515,0,0,0,0,0.01,19.05626781,0,0.0225,19.05626781,0,0.04,19.05626781
14.62,19.05993961,0.3725444545,19.06411373,19.13902,19.0395371,0,0,0,0,0.01,19.05993961,0,0.0225,19.05993961,0,0.04,19.05993961
14.63,19.06367542,0.3706735696,19.09504869,19.14388884,19.19529571,0,0,0,0,0.01,19.06367542,0,0.0225,19.06367542,0,0.04,19.06367542
14.64,19.06733866,0.3731031333,18.88630905,18.98388903,18.85927996,0,0,0,0,0.01,19.06733866,0,0.0225,19.06733866,0,0.04,19.06733866
14.65,19.07140021,0.4202500988,19.08418717,18.90725547,19.29560394,0,0,0,0,0.01,19.07140021,0,0.0225,19.07140021,0,0.04,19.07140021
14.66,19.07538648,0.3919052843,19.03661374,19.08580385,19.17070616,0,0,0,0,0.01,19.07538648,0,0.0225,19.07538648,0,0.04,19.07538648
14.67,19.07932087,0.3948581273,19.08570767,19.02250262,18.91893987,0,0,0,0,0.01,19.07932087,0,0.0225,19.07932087,0,0.04,19.07932087
14.68,19.08326667,0.3920896808,19.18683669,18.9850064,18.94841825,0,0,0,0,0.01,19.08326667,0,0.0225,19.08326667,0,0.04,19.08326667
14.69,19.08715683,0.3815754797,19.26140927,19.09354219,19.17331604,0,0,0,0,0.01,19.08715683,0,0.0225,19.08715683,0,0.04,19.08715683
14.7,19.09107894,0.4081264508,19.10668617,18.84366485,19.39593962,0,0,0,0,0.01,19.09107894,0,0.0225,19.09107894,0,0.04,19.09107894
14.71,19.09496584,0.3708519796,19.18873447,19.15620707,19.16562907,0,0,0,0,0.01,19.09496584,0,0.0225,19.09496584,0,0.04,19.09496584
14.72,19.0987059,0.3826949486,19.16440536,19.32072945,19.11465685,0,0,0,0,0.01,19.0987059,0,0.0225,19.0987059,0,0.04,19.0987059
14.73,19.10240904,0.3520017278,19.03289699,19.31460674,18.90881662,0,0,0,0,0.01,19.10240904,0,0.0225,19.10240904,0,0.04,19.10240904
14.74,19.105861,0.3170947133,19.12734708,19.2049314,19.31692228,0,0,0,0,0.01,19.105861,0,0.0225,19.105861,0,0.04,19.105861
14.75,19.10902198,0.3192551177,19.14406879,19.02501809,18.78551776,0,0,0,0,0.01,19.10902198,0,0.0225,19.10902198,0,0.04,19.10902198
14.76,19.11216025,0.3114575331,19.08929495,18.93386997,18.94030408,0,0,0,0,0.01,19.11216025,0,0.0225,19.11216025,0,0.04,19.11216025
14.77,19.11532744,0.3233904819,19.21229847,19.04500204,19.17610955,0,0,0,0,0.01,19.11532744,0,0.0225,19.11532744,0,0.04,19.11532744
14.78,19.11835245,0.279583047,19.08446371,19.18843378,19.34234251,0,0,0,0,0.01,19.11835245,0,0.0225,19.11835245,0,0.04,19.11835245
14.79,19.12125573,0.2887030391,19.13470391,19.02759259,19.05221464,0,0,0,0,0.01,19.12125573,0,0.0225,19.12125573,0,0.04,19.12125573
14.8,19.12403371,0.2756915096,19.27218464,19.16039172,19.03619213,0,0,0,0,0.01,19.12403371,0,0.0225,19.12403371,0,0.04,19.12403371
14.81,19.12679975,0.2713567422,19.14100318,19.16700671,18.94539366,0,0,0,0,0.01,19.12679975,0,0.0225,19.12679975,0,0.04,19.12679975
14.82,19.12950572,0.2812103413,19.17680294,19.25970019,18.8367846,0,0,0,0,0.01,19.12950572,0,0.0225,19.12950572,0,0.04,19.12950572
14.83,19.13244856,0.2940190232,19.18893356,19.165678,19.15938209,0,0,0,0,0.01,19.13244856,0,0.0225,19.13244856,0,0.04,19.13244856
14.84,19.13561468,0.3333095155,19.17708999,18.94070791,19.01219506,0,0,0,0,0.01,19.13561468,0,0.0225,19.13561468,0,0.04,19.13561468
14.85,19.13898722,0.3491074439,19.16396127,19.17922622,19.1890439,0,0,0,0,0.01,19.13898722,0,0.0225,19.13898722,0,0.04,19.13898722
14.86,19.1424546,0.3443839684,18.96525954,19.13521593,18.9068628,0,0,0,0,0.01,19.1424546,0,0.0225,19.1424546,0,0.04,19.1424546
14.87,19.14611515,0.3454288864,19.16735303,19.19602395,19.00468163,0,0,0,0,0.01,19.14611515,0,0.0225,19.14611515,0,0.04,19.14611515
14.88,19.14964002,0.3672113366,19.09226704,19.15355535,18.91798852,0,0,0,0,0.01,19.14964002,0,0.0225,19.14964002,0,0.04,19.14964002
14.89,19.15346952,0.3788881755,19.37996361,19.11755104,19.21259572,0,0,0,0,0.01,19.15346952,0,0.0225,19.15346952,0,0.04,19.15346952
14.9,19.15731327,0.39655329,19.1503806,19.09178746,19.06814713,0,0,0,0,0.01,19.15731327,0,0.0225,19.15731327,0,0.04,19.15731327
14.91,19.16141264,0.41927859,19.24141962,19.28695349,19.08014355,0,0,0,0,0.01,19.16141264,0,0.0225,19.16141264,0,0.04,19.16141264
14.92,19.16549543,0.4007094437,18.9858354,19.18822041,19.04521738,0,0,0,0,0.01,19.16549543,0,0.0225,19.16549543,0,0.04,19.16549543
14.93,19.16988305,0.449232286,19.16709141,19.22999305,19.08341977,0,0,0,0,0.01,19.16988305,0,0.0225,19.16988305,0,0.04,19.16988305
14.94,19.1744348,0.479850906,19.27984426,19.1195269,19.31008888,0,0,0,0,0.01,19.1744348,0,0.0225,19.1744348,0,0.04,19.1744348
14.95,19.17908533,0.4453241495,19.16880541,18.91837883,19.22133029,0,0,0,0,0.01,19.17908533,0,0.0225,19.17908533,0,0.04,19.17908533
14.96,19.18363895,0.458811755,19.22959135,19.31513771,19.19277352,0,0,0,0,0.01,19.18363895,0,0.0225,19.18363895,0,0.04,19.18363895
14.97,19.18820484,0.4449571941,19.2336039,19.4349638,19.10420891,0,0,0,0,0.01,19.18820484,0,0.0225,19.18820484,0,0.04,19.18820484
14.98,19.19275124,0.4702484554,19.19562598,19.10010187,19.56681308,0,0,0,0,0.01,19.19275124,0,0.0225,19.19275124,0,0.04,19.19275124
14.99,19.19722707,0.4589569938,19.18219774,19.16257303,19.27998514,0,0,0,0,0.01,19.19722707,0,0.0225,19.19722707,0,0.04,19.19722707
15,19.20183033,0.4580120802,19.3213866,19.42840684,19.05719099,0,0,0,0,0.01,19.20183033,0,0.0225,19.20183033,0,0.04,19.20183033
15.01,19.20618348,0.4240626577,19.12885091,19.35791285,19.30216935,0,0,0,0,0.01,19.20618348,0,0.0225,19.20618348,0,0.04,19.20618348
15.02,19.21046304,0.4303674791,19.18635086,19.19636744,19.27240654,0,0,0,0,0.01,19.21046304,0,0.0225,19.21046304,0,0.04,19.21046304
15.03,19.21456741,0.3948903051,19.10545804,19.02821305,19.2562549,0,0,0,0,0.01,19.21456741,0,0.0225,19.21456741,0,0.04,19.21456741
15.04,19.21842654,0.4026857046,19.31153697,18.95967329,18.96007082,0,0,0,0,0.01,19.21842654,0,0.0225,19.21842654,0,0.04,19.21842654
15.05,19.2224526,0.4069635181,19.21031203,19.25021209,19.62081127,0,0,0,0,0.01,19.2224526,0,0.0225,19.2224526,0,0.04,19.2224526
15.06,19.22656773,0.4034877405,19.26303354,19.09114204,19.77853306,0,0,0,0,0.01,19.22656773,0,0.0225,19.22656773,0,0.04,19.22656773
15.07,19.23043336,0.3912309434,19.31473938,19.03692916,19.11818084,0,0,0,0,0.01,19.23043336,0,0.0225,19.23043336,0,0.04,19.23043336
15.08,19.2340198,0.3385577872,19.278817,19.10833409,19.15488567,0,0,0,0,0.01,19.2340198,0,0.0225,19.2340198,0,0.04,19.2340198
15.09,19.23736226,0.3281289268,19.14755682,19.31422325,19.02055638,0,0,0,0,0.01,19.23736226,0,0.0225,19.23736226,0,0.04,19.23736226
15.1,19.24043776,0.2927358734,19.00243498,19.33997142,18.91257563,0,0,0,0,0.01,19.24043776,0,0.0225,19.24043776,0,0.04,19.24043776
15.11,19.24331369,0.3009643714,19.08626419,19.16091781,19.0593669,0,0,0,0,0.01,19.24331369,0,0.0225,19.24331369,0,0.04,19.24331369
15.12,19.24613913,0.2893259458,19.28214294,19.36517672,19.37378262,0,0,0,0,0.01,19.24613913,0,0.0225,19.24613913,0,0.04,19.24613913
15.13,19.24886552,0.2815032852,19.38380495,18.95879273,19.51232551,0,0,0,0,0.01,19.24886552,0,0.0225,19.24886552,0,0.04,19.24886552
15.14,19.25177646,0.2969067769,19.28211154,19.35671063,19.571981,0,0,0,0,0.01,19.25177646,0,0.0225,19.25177646,0,0.04,19.25177646
15.15,19.25489815,0.3121029089,19.12309493,19.26104838,19.50762922,0,0,0,0,0.01,19.25489815,0,0.0225,19.25489815,0,0.04,19.25489815
15.16,19.25804572,0.3176650838,19.20380023,19.35076035,19.49399177,0,0,0,0,0.01,19.25804572,0,0.0225,19.25804572,0,0.04,19.25804572
15.17,19.26104069,0.2791290965,19.14250497,19.27450878,19.63529967,0,0,0,0,0.01,19.26104069,0,0.0225,19.26104069,0,0.04,19.26104069
15.18,19.26402785,0.3054760959,19.18237732,19.31026907,19.57936339,0,0,0,0,0.01,19.26402785,0,0.0225,19.26402785,0,0.04,19.26402785
15.19,19.26732334,0.3310732742,19.17046648,18.93218901,19.59243807,0,0,0,0,0.01,19.26732334,0,0.0225,19.26732334,0,0.04,19.26732334
15.2,19.27082117,0.3579558524,19.21029566,19.17096987,19.08480835,0,0,0,0,0.01,19.27082117,0,0.0225,19.27082117,0,0.04,19.27082117
15.21,19.27443735,0.3642780424,19.23358722,19.22965018,19.27837865,0,0,0,0,0.01,19.27443735,0,0.0225,19.27443735,0,0.04,19.27443735
15.22,19.27821852,0.3771145649,19.16681144,19.37531384,19.35627774,0,0,0,0,0.01,19.27821852,0,0.0225,19.27821852,0,0.04,19.27821852
15.23,19.28188742,0.3659862079,19.2484986,19.28242955,19.51377353,0,0,0,0,0.01,19.28188742,0,0.0225,19.28188742,0,0.04,19.28188742
15.24,19.2853636,0.3398698317,19.32662565,19.19996605,19.38671102,0,0,0,0,0.01,19.2853636,0,0.0225,19.2853636,0,0.04,19.2853636
15.25,19.28892253,0.364936866,19.27071804,19.52044743,19.46450628,0,0,0,0,0.01,19.28892253,0,0.0225,19.28892253,0,0.04,19.28892253
15.26,19.29256616,0.3492149555,19.31525751,19.43513409,19.66109233,0,0,0,0,0.01,19.29256616,0,0.0225,19.29256616,0,0.04,19.29256616
15.27,19.2961683,0.3484477273,19.36962031,19.17977433,18.90061259,0,0,0,0,0.01,19.2961683,0,0.0225,19.2961683,0,0.04,19.2961683
15.28,19.29958361,0.3280532685,19.43788508,19.27518103,18.9488097,0,0,0,0,0.01,19.29958361,0,0.0225,19.29958361,0,0.04,19.29958361
15.29,19.3029858,0.3250069255,19.29010147,19.33211895,19.31175852,0,0,0,0,0.01,19.3029858,0,0.0225,19.3029858,0,0.04,19.3029858
15.3,19.30606506,0.2818334409,19.25708195,19.42629608,19.42465396,0,0,0,0,0.01,19.30606506,0,0.0225,19.30606506,0,0.04,19.30606506
15.31,19.30915665,0.3253492756,19.24508258,19.23239876,19.45330003,0,0,0,0,0.01,19.30915665,0,0.0225,19.30915665,0,0.04,19.30915665
15.32,19.31231483,0.2978110086,19.55789672,19.39584705,19.59109601,0,0,0,0,0.01,19.31231483,0,0.0225,19.31231483,0,0.04,19.31231483
15.33,19.3154892,0.3253036327,19.25256638,19.30601867,19.3755902,0,0,0,0,0.01,19.3154892,0,0.0225,19.3154892,0,0.04,19.3154892
15.34,19.31847677,0.2985961683,19.21701984,19.20519149,19.16757547,0,0,0,0,0.01,19.31847677,0,0.0225,19.31847677,0,0.04,19.31847677
15.35,19.32122583,0.2616788143,19.28730484,19.05659648,19.2390062,0,0,0,0,0.01,19.32122583,0,0.0225,19.32122583,0,0.04,19.32122583
15.36,19.32376081,0.2540561598,19.21840633,19.2477803,19.15905689,0,0,0,0,0.01,19.32376081,0,0.0225,19.32376081,0,0.04,19.32376081
15.37,19.32609254,0.2278289519,19.24780892,19.29283897,19.35394617,0,0,0,0,0.01,19.32609254,0,0.0225,19.32609254,0,0.04,19.32609254
15.38,19.32846378,0.2367761644,19.23727989,19.36660101,19.33826578,0,0,0,0,0.01,19.32846378,0,0.0225,19.32846378,0,0.04,19.32846378
15.39,19.33063542,0.2021135009,19.2957578,19.40943447,19.54633488,0,0,0,0,0.01,19.33063542,0,0.0225,19.33063542,0,0.04,19.33063542
15.4,19.33268796,0.2139732033,19.33798968,19.33753544,19.08773823,0,0,0,0,0.01,19.33268796,0,0.0225,19.33268796,0,0.04,19.33268796
15.41,19.33478123,0.2045167691,19.28298272,19.45257313,19.30644753,0,0,0,0,0.01,19.33478123,0,0.0225,19.33478123,0,0.04,19.33478123
15.42,19.336798,0.1785972453,19.43791963,19.45036522,19.55569683,0,0,0,0,0.01,19.336798,0,0.0225,19.336798,0,0.04,19.336798
15.43,19.33857457,0.1796760789,19.20564947,19.46272393,19.26493523,0,0,0,0,0.01,19.33857457,0,0.0225,19.33857457,0,0.04,19.33857457
15.44,19.34050133,0.2090217172,19.36649233,19.59300087,19.42474096,0,0,0,0,0.01,19.34050133,0,0.0225,19.34050133,0,0.04,19.34050133
15.45,19.34260949,0.2174710166,19.3599631,19.39176807,19.25038961,0,0,0,0,0.01,19.34260949,0,0.0225,19.34260949,0,0.04,19.34260949
15.46,19.3446604,0.1878476174,19.40999962,19.28479879,19.33799347,0,0,0,0,0.01,19.3446604,0,0.0225,19.3446604,0,0.04,19.3446604
15.47,19.34640595,0.1566592721,19.34426996,19.44626263,19.53200516,0,0,0,0,0.01,19.34640595,0,0.0225,19.34640595,0,0.04,19.34640595
15.48,19.34806395,0.1580860362,19.33179064,19.41613364,19.85281045,0,0,0,0,0.01,19.34806395,0,0.0225,19.34806395,0,0.04,19.34806395
15.49,19.34969992,0.1750606686,19.38008298,19.25978454,19.18842167,0,0,0,0,0.01,19.34969992,0,0.0225,19.34969992,0,0.04,19.34969992
15.5,19.35164589,0.2153826017,19.40736321,19.2025925,19.10907679,0,0,0,0,0.01,19.35164589,0,0.0225,19.35164589,0,0.04,19.35164589
15.51,19.35372609,0.2222333615,19.43087163,19.249317,19.48332839,0,0,0,0,0.01,19.35372609,0,0.0225,19.35372609,0,0.04,19.35372609
15.52,19.35615383,0.2424586346,19.28868654,19.26582754,19.34473569,0,0,0,0,0.01,19.35615383,0,0.0225,19.35615383,0,0.04,19.35615383
15.53,19.35847729,0.2287303676,19.33837637,19.36208018,19.54682071,0,0,0,0,0.01,19.35847729,0,0.0225,19.35847729,0,0.04,19.35847729
15.54,19.36062404,0.1969089219,19.1870477,19.39838168,19.07172216,0,0,0,0,0.01,19.36062404,0,0.0225,19.36062404,0,0.04,19.36062404
15.55,19.36261372,0.19746395,19.24402028,19.56167358,19.1187187,0,0,0,0,0.01,19.36261372,0,0.0225,19.36261372,0,0.04,19.36261372
15.56,19.36455035,0.1829691945,19.29367805,19.4155123,19.35485831,0,0,0,0,0.01,19.36455035,0,0.0225,19.36455035,0,0.04,19.36455035
15.57,19.36650755,0.1866421436,19.34510107,19.23934976,19.05738207,0,0,0,0,0.01,19.36650755,0,0.0225,19.36650755,0,0.04,19.36650755
15.58,19.36821179,0.1580918679,19.47368158,19.36597873,19.10950738,0,0,0,0,0.01,19.36821179,0,0.0225,19.36821179,0,0.04,19.36821179
15.59,19.36983146,0.1661051574,19.37535128,19.56595809,19.43774173,0,0,0,0,0.01,19.36983146,0,0.0225,19.36983146,0,0.04,19.36983146
15.6,19.37138738,0.1251027686,19.18512287,19.52584104,19.33408005,0,0,0,0,0.01,19.37138738,0,0.0225,19.37138738,0,0.04,19.37138738
15.61,19.37262026,0.125190708,19.35319064,19.51724591,19.30067598,0,0,0,0,0.01,19.37262026,0,0.0225,19.37262026,0,0.04,19.37262026
15.62,19.37385731,0.1337677765,19.30119977,19.09265161,19.68432984,0,0,0,0,0.01,19.37385731,0,0.0225,19.37385731,0,0.04,19.37385731
15.63,19.37508256,0.1131483872,19.42137502,19.09041575,19.20340852,0,0,0,0,0.01,19.37508256,0,0.0225,19.37508256,0,0.04,19.37508256
15.64,19.37628605,0.1220326399,19.39792565,19.39435718,19.04544641,0,0,0,0,0.01,19.37628605,0,0.0225,19.37628605,0,0.04,19.37628605
15.65,19.37724937,0.09447805541,19.39705811,18.92111264,19.48528881,0,0,0,0,0.01,19.37724937,0,0.0225,19.37724937,0,0.04,19.37724937
15.66,19.37825718,0.1143274546,19.34780222,19.40744321,19.29490227,0,0,0,0,0.01,19.37825718,0,0.0225,19.37825718,0,0.04,19.37825718
15.67,19.37928041,0.1102635211,19.45022459,19.42828344,19.27908128,0,0,0,0,0.01,19.37928041,0,0.0225,19.37928041,0,0.04,19.37928041
15.68,19.38037225,0.09156730979,19.40506515,19.31351571,19.46028694,0,0,0,0,0.01,19.38037225,0,0.0225,19.38037225,0,0.04,19.38037225
15.69,19.38114035,0.06141941251,19.42137071,19.40654662,19.52558637,0,0,0,0,0.01,19.38114035,0,0.0225,19.38114035,0,0.04,19.38114035
15.7,19.38184726,0.06411116881,19.381312,19.06694623,19.90396771,0,0,0,0,0.01,19.38184726,0,0.0225,19.38184726,0,0.04,19.38184726
15.71,19.38243587,0.04893694792,19.30054438,19.52299014,19.32435396,0,0,0,0,0.01,19.38243587,0,0.0225,19.38243587,0,0.04,19.38243587
15.72,19.38292165,0.04804693124,19.26013405,19.27392256,19.53518401,0,0,0,0,0.01,19.38292165,0,0.0225,19.38292165,0,0.04,19.38292165
15.73,19.38353313,0.09134301597,19.40092827,19.4397623,19.15006,0,0,0,0,0.01,19.38353313,0,0.0225,19.38353313,0,0.04,19.38353313
15.74,19.38438065,0.06808062173,19.44680336,19.11937845,19.16303403,0,0,0,0,0.01,19.38438065,0,0.0225,19.38438065,0,0.04,19.38438065
15.75,19.38491673,0.0574828281,19.33271212,19.6064668,19.44310875,0,0,0,0,0.01,19.38491673,0,0.0225,19.38491673,0,0.04,19.38491673
15.76,19.38546292,0.04609874502,19.37435966,19.43423899,19.11875273,0,0,0,0,0.01,19.38546292,0,0.0225,19.38546292,0,0.04,19.38546292
15.77,19.38576708,0.02200423692,19.142995,19.76042144,19.35441415,0,0,0,0,0.01,19.38576708,0,0.0225,19.38576708,0,0.04,19.38576708
15.78,19.3861717,0.05784087084,19.40724971,19.40908524,19.55419329,0,0,0,0,0.01,19.3861717,0,0.0225,19.3861717,0,0.04,19.3861717
15.79,19.38694514,0.08477956152,19.4786945,19.45515222,19.56146923,0,0,0,0,0.01,19.38694514,0,0.0225,19.38694514,0,0.04,19.38694514
15.8,19.38782396,0.08710752056,19.43196158,19.37733504,19.2197125,0,0,0,0,0.01,19.38782396,0,0.0225,19.38782396,0,0.04,19.38782396
15.81,19.38872133,0.0910849446,19.33579494,19.67530772,19.4461365,0,0,0,0,0.01,19.38872133,0,0.0225,19.38872133,0,0.04,19.38872133
15.82,19.38970098,0.09165275779,19.26796963,19.30724139,19.59997598,0,0,0,0,0.01,19.38970098,0,0.0225,19.38970098,0,0.04,19.38970098
15.83,19.39045567,0.06682619384,19.44429085,19.61970084,19.37068326,0,0,0,0,0.01,19.39045567,0,0.0225,19.39045567,0,0.04,19.39045567
15.84,19.39122259,0.1044754339,19.38170934,19.42114399,19.32318735,0,0,0,0,0.01,19.39122259,0,0.0225,19.39122259,0,0.04,19.39122259
15.85,19.39215037,0.07602101118,19.65970962,19.21223887,19.30057444,0,0,0,0,0.01,19.39215037,0,0.0225,19.39215037,0,0.04,19.39215037
15.86,19.39305564,0.09133069296,19.39045237,19.11052195,19.40869974,0,0,0,0,0.01,19.39305564,0,0.0225,19.39305564,0,0.04,19.39305564
15.87,19.39401512,0.1020359868,19.30473634,19.117017,19.29539243,0,0,0,0,0.01,19.39401512,0,0.0225,19.39401512,0,0.04,19.39401512
15.88,19.39505557,0.09169142304,19.45538379,19.31366102,19.31207677,0,0,0,0,0.01,19.39505557,0,0.0225,19.39505557,0,0.04,19.39505557
15.89,19.39587198,0.06292229009,19.37237431,19.29757139,19.5486577,0,0,0,0,0.01,19.39587198,0,0.0225,19.39587198,0,0.04,19.39587198
15.9,19.39664086,0.06738104611,19.40531322,19.24609488,19.16363141,0,0,0,0,0.01,19.39664086,0,0.0225,19.39664086,0,0.04,19.39664086
15.91,19.39722138,0.05369744765,19.41408997,19.44829185,19.41128145,0,0,0,0,0.01,19.39722138,0,0.0225,19.39722138,0,0.04,19.39722138
15.92,19.39781857,0.06663817727,19.45902065,19.39725573,19.3461246,0,0,0,0,0.01,19.39781857,0,0.0225,19.39781857,0,0.04,19.39781857
15.93,19.39832484,0.04279921068,19.26698874,19.29760806,19.3383342,0,0,0,0,0.01,19.39832484,0,0.0225,19.39832484,0,0.04,19.39832484
15.94,19.39862736,0.04313864525,19.23024501,19.3553541,18.95554513,0,0,0,0,0.01,19.39862736,0,0.0225,19.39862736,0,0.04,19.39862736
15.95,19.39895799,0.01545774192,19.34210276,19.42476967,19.38733981,0,0,0,0,0.01,19.39895799,0,0.0225,19.39895799,0,0.04,19.39895799
15.96,19.39918635,0.020822529,19.30540549,19.74968799,19.270174,0,0,0,0,0.01,19.39918635,0,0.0225,19.39918635,0,0.04,19.39918635
15.97,19.39944283,0.03450815858,19.43208391,19.67723393,19.52458168,0,0,0,0,0.01,19.39944283,0,0.0225,19.39944283,0,0.04,19.39944283
15.98,19.39972338,0.04302012275,19.32597025,19.26737306,19.57595879,0,0,0,0,0.01,19.39972338,0,0.0225,19.39972338,0,0.04,19.39972338
15.99,19.40000409,0.04092758859,19.33317965,19.46302718,19.31775393,0,0,0,0,0.01,19.40000409,0,0.0225,19.40000409,0,0.04,19.40000409
16,19.40030755,0.04016232608,19.40878306,19.40133886,19.25292385,0,0,0,0,0.01,19.40030755,0,0.0225,19.40030755,0,0.04,19.40030755
16.01,19.40074884,0.06371354199,19.22380898,19.59035694,19.07178154,0,0,0,0,0.01,19.40074884,0,0.0225,19.40074884,0,0.04,19.40074884
16.02,19.40131196,0.07359675469,19.58773917,19.29300066,19.30043468,0,0,0,0,0.01,19.40131196,0,0.0225,19.40131196,0,0.04,19.40131196
16.03,19.40210947,0.106815346,19.41524337,19.36586848,19.23790993,0,0,0,0,0.01,19.40210947,0,0.0225,19.40210947,0,0.04,19.40210947
16.04,19.40302642,0.08757782401,19.26073123,19.48879989,19.25200906,0,0,0,0,0.01,19.40302642,0,0.0225,19.40302642,0,0.04,19.40302642
16.05,19.40385373,0.08584526748,19.45376691,19.3907255,19.00480726,0,0,0,0,0.01,19.40385373,0,0.0225,19.40385373,0,0.04,19.40385373
16.06,19.40460791,0.04122397722,19.39712792,19.70254286,19.43068791,0,0,0,0,0.01,19.40460791,0,0.0225,19.40460791,0,0.04,19.40460791
16.07,19.40523037,0.05854693652,19.39533294,19.48587708,19.51776981,0,0,0,0,0.01,19.40523037,0,0.0225,19.40523037,0,0.04,19.40523037
16.08,19.40594744,0.06175580809,19.28344683,19.131242,19.01810391,0,0,0,0,0.01,19.40594744,0,0.0225,19.40594744,0,0.04,19.40594744
16.09,19.40683497,0.1135388904,19.33995888,19.41720727,19.35882335,0,0,0,0,0.01,19.40683497,0,0.0225,19.40683497,0,0.04,19.40683497
16.1,19.40796238,0.09601296544,19.36822282,19.39052366,19.39416163,0,0,0,0,0.01,19.40796238,0,0.0225,19.40796238,0,0.04,19.40796238
16.11,19.40873668,0.05219911477,19.45656986,19.44222308,19.40407864,0,0,0,0,0.01,19.40873668,0,0.0225,19.40873668,0,0.04,19.40873668
16.12,19.40915822,0.02510484731,19.23990052,19.64330984,19.23179257,0,0,0,0,0.01,19.40915822,0,0.0225,19.40915822,0,0.04,19.40915822
16.13,19.40916941,-0.0060920001,19.26868858,19.46952716,19.45285104,0,0,0,0,0.01,19.40916941,0,0.0225,19.40916941,0,0.04,19.40916941
16.14,19.40915887,-9.331337837e-05,19.45733191,19.41500389,19.19611702,0,0,0,0,0.01,19.40915887,0,0.0225,19.40915887,0,0.04,19.40915887
16.15,19.40902386,-0.02470640338,19.40338409,19.36082943,19.52263603,0,0,0,0,0.01,19.40902386,0,0.0225,19.40902386,0,0.04,19.40902386
16.16,19.40883234,-0.008145947419,19.34121613,19.61036008,19.34932603,0,0,0,0,0.01,19.40883234,0,0.0225,19.40883234,0,0.04,19.40883234
16.17,19.40868732,-0.0380293683,19.42215695,19.42482609,19.28434088,0,0,0,0,0.01,19.40868732,0,0.0225,19.40868732,0,0.04,19.40868732
16.18,19.40825022,-0.0344954711,19.3704215,19.26585724,19.8193295,0,0,0,0,0.01,19.40825022,0,0.0225,19.40825022,0,0.04,19.40825022
16.19,19.4079585,-0.04038833663,19.52877511,19.57441627,19.05492588,0,0,0,0,0.01,19.4079585,0,0.0225,19.4079585,0,0.04,19.4079585
16.2,19.40754705,-0.03962254568,19.61267098,19.37554223,19.58066465,0,0,0,0,0.01,19.40754705,0,0.0225,19.40754705,0,0.04,19.40754705
16.21,19.40733899,0.0005187100898,19.40958698,19.37644103,19.31043199,0,0,0,0,0.01,19.40733899,0,0.0225,19.40733899,0,0.04,19.40733899
16.22,19.40731526,-0.007586366083,19.39706759,19.26540554,19.47219541,0,0,0,0,0.01,19.40731526,0,0.0225,19.40731526,0,0.04,19.40731526
16.23,19.40753178,0.03749426643,19.24555959,19.47712586,18.9577719,0,0,0,0,0.01,19.40753178,0,0.0225,19.40753178,0,0.04,19.40753178
16.24,19.40810494,0.05419437653,19.34858601,19.13609207,19.72399115,0,0,0,0,0.01,19.40810494,0,0.0225,19.40810494,0,0.04,19.40810494
16.25,19.40881789,0.09806297012,19.34347759,19.51113682,19.13634667,0,0,0,0,0.01,19.40881789,0,0.0225,19.40881789,0,0.04,19.40881789
16.26,19.40995018,0.1166652347,19.33443248,19.44568925,19.11282401,0,0,0,0,0.01,19.40995018,0,0.0225,19.40995018,0,0.04,19.40995018
16.27,19.41120091,0.1352840657,19.34936784,19.53972358,19.58941931,0,0,0,0,0.01,19.41120091,0,0.0225,19.41120091,0,0.04,19.41120091
16.28,19.41250911,0.1165513708,19.44220196,19.42426403,19.44316346,0,0,0,0,0.01,19.41250911,0,0.0225,19.41250911,0,0.04,19.41250911
16.29,19.41363598,0.1267417668,19.35537448,19.46995425,19.242337,0,0,0,0,0.01,19.41363598,0,0.0225,19.41363598,0,0.04,19.41363598
16.3,19.41487514,0.1126424229,19.52624754,19.42063591,19.77555715,0,0,0,0,0.01,19.41487514,0,0.0225,19.41487514,0,0.04,19.41487514
16.31,19.4159752,0.1302673832,19.48829637,19.64989744,19.41197239,0,0,0,0,0.01,19.4159752,0,0.0225,19.4159752,0,0.04,19.4159752
16.32,19.4171349,0.1239310142,19.36266753,19.46905932,19.16575661,0,0,0,0,0.01,19.4171349,0,0.0225,19.4171349,0,0.04,19.4171349
16.33,19.41835301,0.1237915473,19.52396063,19.7077749,19.13509976,0,0,0,0,0.01,19.41835301,0,0.0225,19.41835301,0,0.04,19.41835301
16.34,19.41972293,0.1489594162,19.5033867,19.24580103,19.60629211,0,0,0,0,0.01,19.41972293,0,0.0225,19.41972293,0,0.04,19.41972293
16.35,19.42128449,0.150164602,19.31441043,19.30310821,19.17573148,0,0,0,0,0.01,19.42128449,0,0.0225,19.42128449,0,0.04,19.42128449
16.36,19.42294125,0.1777927648,19.52911446,19.13819246,19.45138659,0,0,0,0,0.01,19.42294125,0,0.0225,19.42294125,0,0.04,19.42294125
16.37,19.42446333,0.1565314817,19.34377367,19.2033285,19.23790151,0,0,0,0,0.01,19.42446333,0,0.0225,19.42446333,0,0.04,19.42446333
16.38,19.42601285,0.1511815863,19.41734659,19.47105328,19.18811914,0,0,0,0,0.01,19.42601285,0,0.0225,19.42601285,0,0.04,19.42601285
16.39,19.42748925,0.1332530368,19.40584099,19.58538092,19.34847492,0,0,0,0,0.01,19.42748925,0,0.0225,19.42748925,0,0.04,19.42748925
16.4,19.42877773,0.1240146119,19.21648068,19.29287549,19.20016049,0,0,0,0,0.01,19.42877773,0,0.0225,19.42877773,0,0.04,19.42877773
16.41,19.43005255,0.1468252131,19.45236099,19.33177425,19.2081019,0,0,0,0,0.01,19.43005255,0,0.0225,19.43005255,0,0.04,19.43005255
16.42,19.43168511,0.1645193331,19.43612439,19.51742212,19.40437635,0,0,0,0,0.01,19.43168511,0,0.0225,19.43168511,0,0.04,19.43168511
16.43,19.43332023,0.1558929973,19.44201837,19.37599509,19.55277247,0,0,0,0,0.01,19.43332023,0,0.0225,19.43332023,0,0.04,19.43332023
16.44,19.43480603,0.1510907219,19.45606976,19.53029295,19.52028811,0,0,0,0,0.01,19.43480603,0,0.0225,19.43480603,0,0.04,19.43480603
16.45,19.43628655,0.1457596645,19.41254625,19.53688125,19.32918285,0,0,0,0,0.01,19.43628655,0,0.0225,19.43628655,0,0.04,19.43628655
16.46,19.43784693,0.1422719745,19.42465674,19.24796907,19.45196508,0,0,0,0,0.01,19.43784693,0,0.0225,19.43784693,0,0.04,19.43784693
16.47,19.4389571,0.09775071241,19.75928963,19.33486989,19.41165651,0,0,0,0,0.01,19.4389571,0,0.0225,19.4389571,0,0.04,19.4389571
16.48,19.43976504,0.08559937304,19.48183532,19.67934566,19.63764978,0,0,0,0,0.01,19.43976504,0,0.0225,19.43976504,0,0.04,19.43976504
16.49,19.44044679,0.05147443498,19.3465409,19.48899332,19.32386379,0,0,0,0,0.01,19.44044679,0,0.0225,19.44044679,0,0.04,19.44044679
16.5,19.44096246,0.04687093578,19.44745935,19.32619447,19.72421852,0,0,0,0,0.01,19.44096246,0,0.0225,19.44096246,0,0.04,19.44096246
16.51,19.44127042,0.02140941704,19.44583329,19.65562701,19.46776729,0,0,0,0,0.01,19.44127042,0,0.0225,19.44127042,0,0.04,19.44127042
16.52,19.44146567,0.005436425491,19.44483843,19.32692826,19.46646013,0,0,0,0,0.01,19.44146567,0,0.0225,19.44146567,0,0.04,19.44146567
16.53,19.44156384,0.03544588047,19.43426483,19.38750905,19.29169995,0,0,0,0,0.01,19.44156384,0,0.0225,19.44156384,0,0.04,19.44156384
16.54,19.44206835,0.05937221549,19.53077775,19.28011561,19.80130799,0,0,0,0,0.01,19.44206835,0,0.0225,19.44206835,0,0.04,19.44206835
16.55,19.44256365,0.03975734677,19.57524186,19.40349742,19.53271808,0,0,0,0,0.01,19.44256365,0,0.0225,19.44256365,0,0.04,19.44256365
16.56,19.44299038,0.06472436113,19.49855913,19.39323804,19.49818216,0,0,0,0,0.01,19.44299038,0,0.0225,19.44299038,0,0.04,19.44299038
16.57,19.44369859,0.06573955182,19.28531527,19.54065231,19.62670988,0,0,0,0,0.01,19.44369859,0,0.0225,19.44369859,0,0.04,19.44369859
16.58,19.44425614,0.07727306662,19.46139175,19.41754055,19.67527147,0,0,0,0,0.01,19.44425614,0,0.0225,19.44425614,0,0.04,19.44425614
16.59,19.44501554,0.08468264758,19.39968655,19.50509952,19.52582574,0,0,0,0,0.01,19.44501554,0,0.0225,19.44501554,0,0.04,19.44501554
16.6,19.44588669,0.07725894407,19.25478735,19.53307601,19.43816108,0,0,0,0,0.01,19.44588669,0,0.0225,19.44588669,0,0.04,19.44588669
16.61,19.4465627,0.0892444552,19.50314218,19.29974601,19.3229869,0,0,0,0,0.01,19.4465627,0,0.0225,19.4465627,0,0.04,19.4465627
16.62,19.44740979,0.07071497528,19.44661317,19.59353682,19.75660514,0,0,0,0,0.01,19.44740979,0,0.0225,19.44740979,0,0.04,19.44740979
16.63,19.44828373,0.08399274147,19.44456598,19.49013366,19.55848883,0,0,0,0,0.01,19.44828373,0,0.0225,19.44828373,0,0.04,19.44828373
16.64,19.44944362,0.1373365171,19.45999534,19.52807318,19.69605261,0,0,0,0,0.01,19.44944362,0,0.0225,19.44944362,0,0.04,19.44944362
16.65,19.4509303,0.1669746514,19.52428403,19.48445464,19.50598005,0,0,0,0,0.01,19.4509303,0,0.0225,19.4509303,0,0.04,19.4509303
16.66,19.45258389,0.169242197,19.41220969,19.45399721,19.38952871,0,0,0,0,0.01,19.45258389,0,0.0225,19.45258389,0,0.04,19.45258389
16.67,19.45433605,0.1864853244,19.51089418,19.38116631,19.46611115,0,0,0,0,0.01,19.45433605,0,0.0225,19.45433605,0,0.04,19.45433605
16.68,19.45615803,0.1847326352,19.40559106,19.30757744,19.78549102,0,0,0,0,0.01,19.45615803,0,0.0225,19.45615803,0,0.04,19.45615803
16.69,19.45822388,0.2150984126,19.44612117,19.36948465,19.37138755,0,0,0,0,0.01,19.45822388,0,0.0225,19.45822388,0,0.04,19.45822388
16.7,19.46033233,0.2073974409,19.36562022,19.50180248,19.65864267,0,0,0,0,0.01,19.46033233,0,0.0225,19.46033233,0,0.04,19.46033233
16.71,19.46218782,0.1778335444,19.7105716,19.5722979,19.21596302,0,0,0,0,0.01,19.46218782,0,0.0225,19.46218782,0,0.04,19.46218782
16.72,19.46382397,0.15342425,19.47391796,19.19618712,19.61168085,0,0,0,0,0.01,19.46382397,0,0.0225,19.46382397,0,0.04,19.46382397
16.73,19.46522,0.1331207972,19.53220757,19.44945397,19.56953671,0,0,0,0,0.01,19.46522,0,0.0225,19.46522,0,0.04,19.46522
16.74,19.46646226,0.1162445856,19.34858975,19.56987339,19.40148895,0,0,0,0,0.01,19.46646226,0,0.0225,19.46646226,0,0.04,19.46646226
16.75,19.46738535,0.08760754635,19.46533846,19.59685591,19.42482835,0,0,0,0,0.01,19.46738535,0,0.0225,19.46738535,0,0.04,19.46738535
16.76,19.46802594,0.04508719135,19.51205137,19.47536085,19.62209715,0,0,0,0,0.01,19.46802594,0,0.0225,19.46802594,0,0.04,19.46802594
16.77,19.46843469,0.03545350213,19.36141849,19.42378201,19.43014398,0,0,0,0,0.01,19.46843469,0,0.0225,19.46843469,0,0.04,19.46843469
16.78,19.46889481,0.0306890699,19.41669042,19.20432826,19.69544933,0,0,0,0,0.01,19.46889481,0,0.0225,19.46889481,0,0.04,19.46889481
16.79,19.46904841,0.01042274607,19.35498037,19.55441115,19.64456903,0,0,0,0,0.01,19.46904841,0,0.0225,19.46904841,0,0.04,19.46904841
16.8,19.46928453,0.04400491582,19.62203948,19.54208915,19.73867457,0,0,0,0,0.01,19.46928453,0,0.0225,19.46928453,0,0.04,19.46928453
16.81,19.46980413,0.06195843848,19.46268536,19.25790318,19.53401216,0,0,0,0,0.01,19.46980413,0,0.0225,19.46980413,0,0.04,19.46980413
16.82,19.47023669,0.03279642263,19.52155757,19.59397119,19.73819713,0,0,0,0,0.01,19.47023669,0,0.0225,19.47023669,0,0.04,19.47023669
16.83,19.4703657,0.005926134641,19.44060748,19.62064578,19.56765053,0,0,0,0,0.01,19.4703657,0,0.0225,19.4703657,0,0.04,19.4703657
16.84,19.47040964,-0.0195318263,19.50819163,19.60212792,19.47337717,0,0,0,0,0.01,19.47040964,0,0.0225,19.47040964,0,0.04,19.47040964
16.85,19.47022854,-0.0182771577,19.49875806,19.49934408,19.72229178,0,0,0,0,0.01,19.47022854,0,0.0225,19.47022854,0,0.04,19.47022854
16.86,19.46966786,-0.06904931539,19.63815392,19.20825213,19.57545596,0,0,0,0,0.01,19.46966786,0,0.0225,19.46966786,0,0.04,19.46966786
16.87,19.46869115,-0.1196060425,19.49590831,19.24285174,19.54210592,0,0,0,0,0.01,19.46869115,0,0.0225,19.46869115,0,0.04,19.46869115
16.88,19.46752881,-0.1041769955,19.46735702,19.40291631,19.15373923,0,0,0,0,0.01,19.46752881,0,0.0225,19.46752881,0,0.04,19.46752881
16.89,19.46630891,-0.1273125067,19.39527377,19.46804044,19.52706064,0,0,0,0,0.01,19.46630891,0,0.0225,19.46630891,0,0.04,19.46630891
16.9,19.46510735,-0.1153322488,19.49477306,19.18456158,19.2975691,0,0,0,0,0.01,19.46510735,0,0.0225,19.46510735,0,0.04,19.46510735
16.91,19.46393528,-0.120135998,19.48179909,19.69242903,19.40718529,0,0,0,0,0.01,19.46393528,0,0.0225,19.46393528,0,0.04,19.46393528
16.92,19.46265563,-0.1261529231,19.52731598,19.24078193,19.83083321,0,0,0,0,0.01,19.46265563,0,0.0225,19.46265563,0,0.04,19.46265563
16.93,19.46125581,-0.1564789189,19.39847205,19.51854715,19.73499294,0,0,0,0,0.01,19.46125581,0,0.0225,19.46125581,0,0.04,19.46125581
16.94,19.45966849,-0.1608874735,19.51928848,19.67266034,19.44325817,0,0,0,0,0.01,19.45966849,0,0.0225,19.45966849,0,0.04,19.45966849
16.95,19.4581188,-0.1645016706,19.51025078,19.58100358,19.66709213,0,0,0,0,0.01,19.4581188,0,0.0225,19.4581188,0,0.04,19.4581188
16.96,19.45666028,-0.1438186639,19.59683319,19.56982473,19.65550164,0,0,0,0,0.01,19.45666028,0,0.0225,19.45666028,0,0.04,19.45666028
16.97,19.45514813,-0.159937278,19.32386009,19.60824268,19.73040235,0,0,0,0,0.01,19.45514813,0,0.0225,19.45514813,0,0.04,19.45514813
16.98,19.45351783,-0.1606297043,19.33936303,19.34028626,19.5643034,0,0,0,0,0.01,19.45351783,0,0.0225,19.45351783,0,0.04,19.45351783
16.99,19.45200365,-0.1387052942,19.53620188,19.51167602,19.06815308,0,0,0,0,0.01,19.45200365,0,0.0225,19.45200365,0,0.04,19.45200365
17,19.45060595,-0.1425941515,19.40067572,19.5197606,19.47392331,0,0,0,0,0.01,19.45060595,0,0.0225,19.45060595,0,0.04,19.45060595
17.01,19.44897707,-0.1764730167,19.49858944,19.68600939,19.14695952,0,0,0,0,0.01,19.44897707,0,0.0225,19.44897707,0,0.04,19.44897707
17.02,19.44725552,-0.1475101768,19.50627719,19.66048192,19.83854246,0,0,0,0,0.01,19.44725552,0,0.0225,19.44725552,0,0.04,19.44725552
17.03,19.44580754,-0.1371995118,19.51699379,19.1102013,19.5953357,0,0,0,0,0.01,19.44580754,0,0.0225,19.44580754,0,0.04,19.44580754
17.04,19.4445533,-0.1153570313,19.59107355,19.3117983,19.28583803,0,0,0,0,0.01,19.4445533,0,0.0225,19.4445533,0,0.04,19.4445533
17.05,19.44338722,-0.1135597592,19.38995193,19.26400355,19.51409803,0,0,0,0,0.01,19.44338722,0,0.0225,19.44338722,0,0.04,19.44338722
17.06,19.44194423,-0.1492015238,19.36250871,19.28859239,19.69175757,0,0,0,0,0.01,19.44194423,0,0.0225,19.44194423,0,0.04,19.44194423
17.07,19.44061063,-0.1383499171,19.51674475,19.37331675,19.55396076,0,0,0,0,0.01,19.44061063,0,0.0225,19.44061063,0,0.04,19.44061063
17.08,19.43931757,-0.1326088878,19.52423675,19.37615363,19.53728352,0,0,0,0,0.01,19.43931757,0,0.0225,19.43931757,0,0.04,19.43931757
17.09,19.43803526,-0.1293277723,19.31437344,19.3733129,19.38766983,0,0,0,0,0.01,19.43803526,0,0.0225,19.43803526,0,0.04,19.43803526
17.1,19.43674057,-0.1362752085,19.49352615,19.7676935,19.27718021,0,0,0,0,0.01,19.43674057,0,0.0225,19.43674057,0,0.04,19.43674057
17.11,19.43541704,-0.1337709602,19.48178461,19.52477136,19.39437609,0,0,0,0,0.01,19.43541704,0,0.0225,19.43541704,0,0.04,19.43541704
17.12,19.43417111,-0.1290958307,19.59608597,19.40520617,19.27490136,0,0,0,0,0.01,19.43417111,0,0.0225,19.43417111,0,0.04,19.43417111
17.13,19.43285967,-0.1302901119,19.35822665,19.40951398,19.4081954,0,0,0,0,0.01,19.43285967,0,0.0225,19.43285967,0,0.04,19.43285967
17.14,19.43170017,-0.109472327,19.44190253,19.41484272,19.4580236,0,0,0,0,0.01,19.43170017,0,0.0225,19.43170017,0,0.04,19.43170017
17.15,19.43073353,-0.1052962913,19.44405316,19.24260688,19.45725374,0,0,0,0,0.01,19.43073353,0,0.0225,19.43073353,0,0.04,19.43073353
17.16,19.42989638,-0.05696346457,19.40337006,19.22410161,19.53930886,0,0,0,0,0.01,19.42989638,0,0.0225,19.42989638,0,0.04,19.42989638
17.17,19.42947464,-0.02301668547,19.53467881,19.42008219,19.59471102,0,0,0,0,0.01,19.42947464,0,0.0225,19.42947464,0,0.04,19.42947464
17.18,19.42920881,-0.03529520286,19.4545729,19.4525461,19.44233985,0,0,0,0,0.01,19.42920881,0,0.0225,19.42920881,0,0.04,19.42920881
17.19,19.42896836,-0.01682440204,19.49245912,19.44094389,19.55183724,0,0,0,0,0.01,19.42896836,0,0.0225,19.42896836,0,0.04,19.42896836
17.2,19.42885495,-0.01009780139,19.454106,19.17964158,19.56474454,0,0,0,0,0.01,19.42885495,0,0.0225,19.42885495,0,0.04,19.42885495
17.21,19.42875266,-0.005546578483,19.52993728,19.50940885,19.76220174,0,0,0,0,0.01,19.42875266,0,0.0225,19.42875266,0,0.04,19.42875266
17.22,19.42865536,-0.003053140278,19.36065934,19.39278982,19.44382018,0,0,0,0,0.01,19.42865536,0,0.0225,19.42865536,0,0.04,19.42865536
17.23,19.42880404,0.04350771416,19.53764572,19.29665611,19.38959616,0,0,0,0,0.01,19.42880404,0,0.0225,19.42880404,0,0.04,19.42880404
17.24,19.42924155,0.03843991351,19.20282813,19.39100987,19.64576321,0,0,0,0,0.01,19.42924155,0,0.0225,19.42924155,0,0.04,19.42924155
17.25,19.42969194,0.04160924369,19.22797746,19.61897989,19.28147098,0,0,0,0,0.01,19.42969194,0,0.0225,19.42969194,0,0.04,19.42969194
17.26,19.43009785,0.02762946876,19.43703144,19.32782971,19.36219954,0,0,0,0,0.01,19.43009785,0,0.0225,19.43009785,0,0.04,19.43009785
17.27,19.43030661,0.007669668654,19.51987401,19.37671777,19.50495968,0,0,0,0,0.01,19.43030661,0,0.0225,19.43030661,0,0.04,19.43030661
17.28,19.43021716,-0.01677861871,19.39815206,19.52538093,19.22373232,0,0,0,0,0.01,19.43021716,0,0.0225,19.43021716,0,0.04,19.43021716
17.29,19.4302624,0.01710074272,19.58937843,19.54896343,19.55083816,0,0,0,0,0.01,19.4302624,0,0.0225,19.4302624,0,0.04,19.4302624
17.3,19.43028825,-0.05047162575,19.56803882,19.30365868,19.22691666,0,0,0,0,0.01,19.43028825,0,0.0225,19.43028825,0,0.04,19.43028825
17.31,19.42996276,-0.02776476307,19.62318201,19.59096042,19.38269307,0,0,0,0,0.01,19.42996276,0,0.0225,19.42996276,0,0.04,19.42996276
17.32,19.42960887,-0.03066635222,19.55144511,19.5991181,19.50140166,0,0,0,0,0.01,19.42960887,0,0.0225,19.42960887,0,0.04,19.42960887
17.33,19.42938512,-0.0193667661,19.70637094,19.57863003,19.53601699,0,0,0,0,0.01,19.42938512,0,0.0225,19.42938512,0,0.04,19.42938512
17.34,19.4293439,0.009810642341,19.34988366,19.37110453,19.68801296,0,0,0,0,0.01,19.4293439,0,0.0225,19.4293439,0,0.04,19.4293439
17.35,19.42948078,0.004413527176,19.18598144,19.52843416,19.57152261,0,0,0,0,0.01,19.42948078,0,0.0225,19.42948078,0,0.04,19.42948078
17.36,19.42924974,-0.0537155399,19.41220131,19.06617273,19.12915664,0,0,0,0,0.01,19.42924974,0,0.0225,19.42924974,0,0.04,19.42924974
17.37,19.42854763,-0.08746977774,19.55861619,19.50102375,19.40621057,0,0,0,0,0.01,19.42854763,0,0.0225,19.42854763,0,0.04,19.42854763
17.38,19.42765292,-0.1053228943,19.39647686,19.21058536,19.10366241,0,0,0,0,0.01,19.42765292,0,0.0225,19.42765292,0,0.04,19.42765292
17.39,19.42664319,-0.09985394433,19.58500167,19.5113304,19.19814209,0,0,0,0,0.01,19.42664319,0,0.0225,19.42664319,0,0.04,19.42664319
17.4,19.42557152,-0.1279610872,19.56197475,19.354345,19.59372766,0,0,0,0,0.01,19.42557152,0,0.0225,19.42557152,0,0.04,19.42557152
17.41,19.42424358,-0.1341676083,19.41410448,19.22816632,19.15188244,0,0,0,0,0.01,19.42424358,0,0.0225,19.42424358,0,0.04,19.42424358
17.42,19.42295208,-0.1221939687,19.17799683,19.47619932,19.36936436,0,0,0,0,0.01,19.42295208,0,0.0225,19.42295208,0,0.04,19.42295208
17.43,19.42180679,-0.09988691722,19.3829124,19.58752378,19.53273642,0,0,0,0,0.01,19.42180679,0,0.0225,19.42180679,0,0.04,19.42180679
17.44,19.42089388,-0.09069485754,19.2477406,19.50029134,19.38427134,0,0,0,0,0.01,19.42089388,0,0.0225,19.42089388,0,0.04,19.42089388
17.45,19.42023709,-0.04982210665,19.37803969,19.61221249,19.2902622,0,0,0,0,0.01,19.42023709,0,0.0225,19.42023709,0,0.04,19.42023709
17.46,19.41969399,-0.05673933925,19.45678376,19.44387906,19.35504411,0,0,0,0,0.01,19.41969399,0,0.0225,19.41969399,0,0.04,19.41969399
17.47,19.41911101,-0.04969498809,19.38081152,19.27347209,19.40379815,0,0,0,0,0.01,19.41911101,0,0.0225,19.41911101,0,0.04,19.41911101
17.48,19.41862352,-0.0411499636,19.377372,19.50948757,19.12891786,0,0,0,0,0.01,19.41862352,0,0.0225,19.41862352,0,0.04,19.41862352
17.49,19.41832158,-0.02048234531,19.46184157,19.30300322,19.21016892,0,0,0,0,0.01,19.41832158,0,0.0225,19.41832158,0,0.04,19.41832158
17.5,19.41825526,0.003673922129,19.44017559,19.52745526,19.29329439,0,0,0,0,0.01,19.41825526,0,0.0225,19.41825526,0,0.04,19.41825526
17.51,19.41825463,-0.0002956855559,19.27748254,19.12485933,19.46096122,0,0,0,0,0.01,19.41825463,0,0.0225,19.41825463,0,0.04,19.41825463
17.52,19.41822069,-0.004413508245,19.21391208,19.21231224,19.58351837,0,0,0,0,0.01,19.41822069,0,0.0225,19.41822069,0,0.04,19.41822069
17.53,19.41787173,-0.04707909355,19.37164983,19.59423273,19.45221744,0,0,0,0,0.01,19.41787173,0,0.0225,19.41787173,0,0.04,19.41787173
17.54,19.4176496,-0.03188729186,19.30755963,19.45758814,19.58408434,0,0,0,0,0.01,19.4176496,0,0.0225,19.4176496,0,0.04,19.4176496
17.55,19.41733876,-0.01940318211,19.38545686,19.34395629,19.14466103,0,0,0,0,0.01,19.41733876,0,0.0225,19.41733876,0,0.04,19.41733876
17.56,19.41735199,0.007954942779,19.40366094,19.39499933,19.30178655,0,0,0,0,0.01,19.41735199,0,0.0225,19.41735199,0,0.04,19.41735199
17.57,19.41752843,0.02459169804,19.42213838,19.38773189,19.24592304,0,0,0,0,0.01,19.41752843,0,0.0225,19.41752843,0,0.04,19.41752843
17.58,19.41773993,0.03229479225,19.56061621,19.4574481,19.49864337,0,0,0,0,0.01,19.41773993,0,0.0225,19.41773993,0,0.04,19.41773993
17.59,19.4182229,0.06265476557,19.41037207,19.25205573,19.17556486,0,0,0,0,0.01,19.4182229,0,0.0225,19.4182229,0,0.04,19.4182229
17.6,19.41881936,0.0629354933,19.64050427,19.01811467,19.58166341,0,0,0,0,0.01,19.41881936,0,0.0225,19.41881936,0,0.04,19.41881936
17.61,19.41939805,0.06761626807,19.37325021,19.28316265,19.80599729,0,0,0,0,0.01,19.41939805,0,0.0225,19.41939805,0,0.04,19.41939805
17.62,19.42002655,0.05973841772,19.40706458,19.368371,19.45901367,0,0,0,0,0.01,19.42002655,0,0.0225,19.42002655,0,0.04,19.42002655
17.63,19.42066635,0.0733246014,19.31493715,19.37669311,19.47564282,0,0,0,0,0.01,19.42066635,0,0.0225,19.42066635,0,0.04,19.42066635
17.64,19.42139305,0.05833960664,19.48749682,19.29219663,19.47040506,0,0,0,0,0.01,19.42139305,0,0.0225,19.42139305,0,0.04,19.42139305
17.65,19.42196902,0.06243286249,19.35860821,19.34523273,19.21886248,0,0,0,0,0.01,19.42196902,0,0.0225,19.42196902,0,0.04,19.42196902
17.66,19.42243838,0.04186674387,19.31580617,19.68352477,19.36896355,0,0,0,0,0.01,19.42243838,0,0.0225,19.42243838,0,0.04,19.42243838
17.67,19.42284974,0.04034431918,19.41275891,19.4601291,19.25354521,0,0,0,0,0.01,19.42284974,0,0.0225,19.42284974,0,0.04,19.42284974
17.68,19.42322787,0.04227540545,19.60972159,19.01612814,19.48776366,0,0,0,0,0.01,19.42322787,0,0.0225,19.42322787,0,0.04,19.42322787
17.69,19.42382243,0.06050530258,19.40636557,19.42181438,19.37961866,0,0,0,0,0.01,19.42382243,0,0.0225,19.42382243,0,0.04,19.42382243
17.7,19.42454125,0.07058531258,19.38957561,19.28923353,19.41661521,0,0,0,0,0.01,19.42454125,0,0.0225,19.42454125,0,0.04,19.42454125
17.71,19.42535456,0.111991866,19.71661138,19.6971139,19.8012263,0,0,0,0,0.01,19.42535456,0,0.0225,19.42535456,0,0.04,19.42535456
17.72,19.42633948,0.1007252986,19.49180012,19.06964791,19.5996322,0,0,0,0,0.01,19.42633948,0,0.0225,19.42633948,0,0.04,19.42633948
17.73,19.42729109,0.1039828001,19.37160502,19.17961605,19.4362464,0,0,0,0,0.01,19.42729109,0,0.0225,19.42729109,0,0.04,19.42729109
17.74,19.42825001,0.09513844982,19.4333031,19.2380284,19.075791,0,0,0,0,0.01,19.42825001,0,0.0225,19.42825001,0,0.04,19.42825001
17.75,19.42919489,0.08327248916,19.22606264,19.39297938,19.2991246,0,0,0,0,0.01,19.42919489,0,0.0225,19.42919489,0,0.04,19.42919489
17.76,19.43016361,0.1127927522,19.491181,19.1420343,19.58447915,0,0,0,0,0.01,19.43016361,0,0.0225,19.43016361,0,0.04,19.43016361
17.77,19.43140241,0.1417799689,19.49378558,19.56604319,19.5601111,0,0,0,0,0.01,19.43140241,0,0.0225,19.43140241,0,0.04,19.43140241
17.78,19.43284356,0.1370621237,19.49162456,19.34974243,19.2190348,0,0,0,0,0.01,19.43284356,0,0.0225,19.43284356,0,0.04,19.43284356
17.79,19.43408687,0.103715358,19.27389116,19.52662367,19.37572846,0,0,0,0,0.01,19.43408687,0,0.0225,19.43408687,0,0.04,19.43408687
17.8,19.43528949,0.1317368681,19.38329522,19.32553117,19.27213044,0,0,0,0,0.01,19.43528949,0,0.0225,19.43528949,0,0.04,19.43528949
17.81,19.43655467,0.1241734973,19.33001995,19.59734198,19.15212467,0,0,0,0,0.01,19.43655467,0,0.0225,19.43655467,0,0.04,19.43655467
17.82,19.43768236,0.1172478662,19.35907787,19.4691436,19.19449204,0,0,0,0,0.01,19.43768236,0,0.0225,19.43768236,0,0.04,19.43768236
17.83,19.43880709,0.1001380673,19.60594769,19.26535885,19.30243868,0,0,0,0,0.01,19.43880709,0,0.0225,19.43880709,0,0.04,19.43880709
17.84,19.43979826,0.08350856836,19.23089002,19.46946916,19.4072828,0,0,0,0,0.01,19.43979826,0,0.0225,19.43979826,0,0.04,19.43979826
17.85,19.44051761,0.08334977036,19.46590985,19.4215565,19.37533945,0,0,0,0,0.01,19.44051761,0,0.0225,19.44051761,0,0.04,19.44051761
17.86,19.44128435,0.06717646764,19.2918942,19.32979084,19.66486576,0,0,0,0,0.01,19.44128435,0,0.0225,19.44128435,0,0.04,19.44128435
17.87,19.44190406,0.07417409812,19.49895478,19.42257393,19.33052222,0,0,0,0,0.01,19.44190406,0,0.0225,19.44190406,0,0.04,19.44190406
17.88,19.4427065,0.08489171552,19.36755052,19.51119881,19.28719325,0,0,0,0,0.01,19.4427065,0,0.0225,19.4427065,0,0.04,19.4427065
17.89,19.44338646,0.04708215069,19.45805032,19.38652773,19.689554,0,0,0,0,0.01,19.44338646,0,0.0225,19.44338646,0,0.04,19.44338646
17.9,19.44382854,0.0360772774,19.28684488,19.51879671,19.56430559,0,0,0,0,0.01,19.44382854,0,0.0225,19.44382854,0,0.04,19.44382854
17.91,19.44399359,-0.004158856092,19.67309544,19.67316659,19.18797611,0,0,0,0,0.01,19.44399359,0,0.0225,19.44399359,0,0.04,19.44399359
17.92,19.44381497,-0.003683751855,19.2076424,19.45648848,19.46449878,0,0,0,0,0.01,19.44381497,0,0.0225,19.44381497,0,0.04,19.44381497
17.93,19.44389609,0.02357523219,19.40913575,19.52574836,19.52072792,0,0,0,0,0.01,19.44389609,0,0.0225,19.44389609,0,0.04,19.44389609
17.94,19.44400253,0.006926048001,19.56978132,19.50632509,19.25216181,0,0,0,0,0.01,19.44400253,0,0.0225,19.44400253,0,0.04,19.44400253
17.95,19.44413023,0.02134780467,19.35149938,19.31413358,18.97997908,0,0,0,0,0.01,19.44413023,0,0.0225,19.44413023,0,0.04,19.44413023
17.96,19.44436762,0.01344099108,19.32683174,19.52566515,19.59001163,0,0,0,0,0.01,19.44436762,0,0.0225,19.44436762,0,0.04,19.44436762
17.97,19.44443403,0.01551524733,19.29684822,19.24165192,19.18204788,0,0,0,0,0.01,19.44443403,0,0.0225,19.44443403,0,0.04,19.44443403
17.98,19.44471519,0.03394525821,19.41374551,19.49422572,19.15660048,0,0,0,0,0.01,19.44471519,0,0.0225,19.44471519,0,0.04,19.44471519
17.99,19.44498343,0.02400590324,19.5559099,19.34323487,19.20736055,0,0,0,0,0.01,19.44498343,0,0.0225,19.44498343,0,0.04,19.44498343
18,19.445317,0.04487184507,19.29405344,19.3249003,19.30635513,0,0,0,0,0.01,19.445317,0,0.0225,19.445317,0,0.04,19.445317
18.01,19.44575439,0.03242285194,19.44619727,19.53063683,19.27269175,0,0,0,0,0.01,19.44575439,0,0.0225,19.44575439,0,0.04,19.44575439
18.02,19.4460381,0.01931673081,19.39177009,19.31379445,19.20659539,0,0,0,0,0.01,19.4460381,0,0.0225,19.4460381,0,0.04,19.4460381
18.03,19.4463119,0.02321500773,19.50609993,19.16056788,19.63131887,0,0,0,0,0.01,19.4463119,0,0.0225,19.4463119,0,0.04,19.4463119
18.04,19.446149,-0.03171045906,19.32153006,19.32242638,19.59063296,0,0,0,0,0.01,19.446149,0,0.0225,19.446149,0,0.04,19.446149
18.05,19.44580168,-0.05434923844,19.45524341,19.45028407,19.09721065,0,0,0,0,0.01,19.44580168,0,0.0225,19.44580168,0,0.04,19.44580168
18.06,19.44532887,-0.0503004507,19.47195278,19.42047072,19.45632816,0,0,0,0,0.01,19.44532887,0,0.0225,19.44532887,0,0.04,19.44532887
18.07,19.44505541,-0.01616300401,19.42290829,19.56761762,19.37871127,0,0,0,0,0.01,19.44505541,0,0.0225,19.44505541,0,0.04,19.44505541
18.08,19.44471869,-0.046190034,19.46688071,19.80501961,19.2042332,0,0,0,0,0.01,19.44471869,0,0.0225,19.44471869,0,0.04,19.44471869
18.09,19.44422754,-0.05873237309,19.34427034,19.66499115,19.92623148,0,0,0,0,0.01,19.44422754,0,0.0225,19.44422754,0,0.04,19.44422754
18.1,19.44356732,-0.04924168232,19.26279938,19.47693869,19.31007361,0,0,0,0,0.01,19.44356732,0,0.0225,19.44356732,0,0.04,19.44356732
18.11,19.44313624,-0.04557020714,19.55936435,19.23518057,19.10375954,0,0,0,0,0.01,19.44313624,0,0.0225,19.44313624,0,0.04,19.44313624
18.12,19.44273116,-0.02893571937,19.37681762,19.25199452,19.33661893,0,0,0,0,0.01,19.44273116,0,0.0225,19.44273116,0,0.04,19.44273116
18.13,19.4424781,-0.02719877443,19.35099651,19.43853613,19.37519368,0,0,0,0,0.01,19.4424781,0,0.0225,19.4424781,0,0.04,19.4424781
18.14,19.44221031,-0.02715155705,19.50650746,19.36702329,19.23202791,0,0,0,0,0.01,19.44221031,0,0.0225,19.44221031,0,0.04,19.44221031
18.15,19.44201408,-0.0063954191,19.58061464,19.41840821,19.1695579,0,0,0,0,0.01,19.44201408,0,0.0225,19.44201408,0,0.04,19.44201408
18.16,19.44184948,-0.02611316774,19.30856796,19.31192569,19.27572926,0,0,0,0,0.01,19.44184948,0,0.0225,19.44184948,0,0.04,19.44184948
18.17,19.44136805,-0.05840140282,19.45243565,19.53426571,19.70628048,0,0,0,0,0.01,19.44136805,0,0.0225,19.44136805,0,0.04,19.44136805
18.18,19.44070082,-0.07197215354,19.37624325,19.23639114,19.62623154,0,0,0,0,0.01,19.44070082,0,0.0225,19.44070082,0,0.04,19.44070082
18.19,19.43980341,-0.1028643526,19.59759821,19.34094739,19.5300618,0,0,0,0,0.01,19.43980341,0,0.0225,19.43980341,0,0.04,19.43980341
18.2,19.43885992,-0.09084707796,19.42929268,19.2259675,19.30389925,0,0,0,0,0.01,19.43885992,0,0.0225,19.43885992,0,0.04,19.43885992
18.21,19.43773604,-0.1359839615,19.31974799,19.62179579,19.49954561,0,0,0,0,0.01,19.43773604,0,0.0225,19.43773604,0,0.04,19.43773604
18.22,19.43600026,-0.1829133613,19.31964191,19.55912439,19.57479463,0,0,0,0,0.01,19.43600026,0,0.0225,19.43600026,0,0.04,19.43600026
18.23,19.43413483,-0.1875933588,19.35177338,19.50412729,19.33598969,0,0,0,0,0.01,19.43413483,0,0.0225,19.43413483,0,0.04,19.43413483
18.24,19.43220534,-0.1954512619,19.30644308,19.31820434,19.32108954,0,0,0,0,0.01,19.43220534,0,0.0225,19.43220534,0,0.04,19.43220534
18.25,19.43033903,-0.1919301322,19.32400496,19.26229473,19.64000895,0,0,0,0,0.01,19.43033903,0,0.0225,19.43033903,0,0.04,19.43033903
18.26,19.42828868,-0.2097078143,19.68081263,19.35933583,19.54117161,0,0,0,0,0.01,19.42828868,0,0.0225,19.42828868,0,0.04,19.42828868
18.27,19.42629476,-0.1906664904,19.4201363,19.62561738,19.50736076,0,0,0,0,0.01,19.42629476,0,0.0225,19.42629476,0,0.04,19.42629476
18.28,19.42447693,-0.187894128,19.31226426,19.37467532,19.15401444,0,0,0,0,0.01,19.42447693,0,0.0225,19.42447693,0,0.04,19.42447693
18.29,19.42271837,-0.1654803991,19.25190072,19.6692885,19.12797868,0,0,0,0,0.01,19.42271837,0,0.0225,19.42271837,0,0.04,19.42271837
18.3,19.42132332,-0.1404533364,19.41512522,19.40497927,19.46808968,0,0,0,0,0.01,19.42132332,0,0.0225,19.42132332,0,0.04,19.42132332
18.31,19.41980954,-0.1660383021,19.56671569,19.32315636,19.53818398,0,0,0,0,0.01,19.41980954,0,0.0225,19.41980954,0,0.04,19.41980954
18.32,19.41773092,-0.2261594054,19.61740563,19.44769931,19.60623131,0,0,0,0,0.01,19.41773092,0,0.0225,19.41773092,0,0.04,19.41773092
18.33,19.41535639,-0.219304997,19.60336011,19.6135321,19.49217958,0,0,0,0,0.01,19.41535639,0,0.0225,19.41535639,0,0.04,19.41535639
18.34,19.41325429,-0.1964688378,19.34834619,19.5056303,19.30470182,0,0,0,0,0.01,19.41325429,0,0.0225,19.41325429,0,0.04,19.41325429
18.35,19.41136379,-0.1886344964,19.36150742,19.27307619,19.17047956,0,0,0,0,0.01,19.41136379,0,0.0225,19.41136379,0,0.04,19.41136379
18.36,19.40974919,-0.1258593067,19.35046314,19.35364445,19.17460864,0,0,0,0,0.01,19.40974919,0,0.0225,19.40974919,0,0.04,19.40974919
18.37,19.40835044,-0.1501649836,19.45796011,19.67177981,19.52493453,0,0,0,0,0.01,19.40835044,0,0.0225,19.40835044,0,0.04,19.40835044
18.38,19.40714077,-0.1136765189,19.40831,19.52701244,19.57395444,0,0,0,0,0.01,19.40714077,0,0.0225,19.40714077,0,0.04,19.40714077
18.39,19.4060145,-0.1004795776,19.50726923,19.64405721,19.21993267,0,0,0,0,0.01,19.4060145,0,0.0225,19.4060145,0,0.04,19.4060145
18.4,19.40502753,-0.09665549576,19.43811629,19.35500011,19.65622176,0,0,0,0,0.01,19.40502753,0,0.0225,19.40502753,0,0.04,19.40502753
18.41,19.40401861,-0.1112049325,19.46862904,19.65420083,19.5978356,0,0,0,0,0.01,19.40401861,0,0.0225,19.40401861,0,0.04,19.40401861
18.42,19.40301162,-0.09834818017,19.31226173,19.61362469,19.66468113,0,0,0,0,0.01,19.40301162,0,0.0225,19.40301162,0,0.04,19.40301162
18.43,19.40210009,-0.07272973462,19.4230395,19.192092,19.0421211,0,0,0,0,0.01,19.40210009,0,0.0225,19.40210009,0,0.04,19.40210009
18.44,19.40160345,-0.06904638051,19.4480119,19.20786834,19.4917605,0,0,0,0,0.01,19.40160345,0,0.0225,19.40160345,0,0.04,19.40160345
18.45,19.40086874,-0.09263916676,19.51732934,19.56365587,19.012654,0,0,0,0,0.01,19.40086874,0,0.0225,19.40086874,0,0.04,19.40086874
18.46,19.39983249,-0.1052423448,19.37685262,19.2264284,19.2960898,0,0,0,0,0.01,19.39983249,0,0.0225,19.39983249,0,0.04,19.39983249
18.47,19.39886637,-0.09191433339,19.34854951,19.39272538,19.44541266,0,0,0,0,0.01,19.39886637,0,0.0225,19.39886637,0,0.04,19.39886637
18.48,19.39786497,-0.08757694378,19.53090833,19.63113139,19.10390349,0,0,0,0,0.01,19.39786497,0,0.0225,19.39786497,0,0.04,19.39786497
18.49,19.39724704,-0.04840917956,19.36502293,19.39263916,19.3119662,0,0,0,0,0.01,19.39724704,0,0.0225,19.39724704,0,0.04,19.39724704
18.5,19.39680741,-0.02550929524,19.21234816,19.12849376,19.2633926,0,0,0,0,0.01,19.39680741,0,0.0225,19.39680741,0,0.04,19.39680741
18.51,19.39647542,-0.03287822812,19.42330041,19.4076136,19.38658859,0,0,0,0,0.01,19.39647542,0,0.0225,19.39647542,0,0.04,19.39647542
18.52,19.39606727,-0.05425147441,19.33955667,19.57060366,19.40536537,0,0,0,0,0.01,19.39606727,0,0.0225,19.39606727,0,0.04,19.39606727
18.53,19.39530426,-0.08716974823,19.37864326,19.29751665,18.93922944,0,0,0,0,0.01,19.39530426,0,0.0225,19.39530426,0,0.04,19.39530426
18.54,19.39434087,-0.1148884812,19.23691551,19.19304176,19.65189475,0,0,0,0,0.01,19.39434087,0,0.0225,19.39434087,0,0.04,19.39434087
18.55,19.39304858,-0.1178029191,19.15063647,19.32222308,19.6425403,0,0,0,0,0.01,19.39304858,0,0.0225,19.39304858,0,0.04,19.39304858
18.56,19.39162392,-0.1550446479,19.40166316,19.32487252,19.5654898,0,0,0,0,0.01,19.39162392,0,0.0225,19.39162392,0,0.04,19.39162392
18.57,19.389831,-0.1844505822,19.18838592,19.24334303,19.58395363,0,0,0,0,0.01,19.389831,0,0.0225,19.389831,0,0.04,19.389831
18.58,19.38787107,-0.1968415592,19.23970929,19.48991971,19.35998873,0,0,0,0,0.01,19.38787107,0,0.0225,19.38787107,0,0.04,19.38787107
18.59,19.38585813,-0.2338772451,19.23353017,19.39256395,19.26459962,0,0,0,0,0.01,19.38585813,0,0.0225,19.38585813,0,0.04,19.38585813
18.6,19.38353574,-0.2255522494,19.50284012,19.53349604,19.24184389,0,0,0,0,0.01,19.38353574,0,0.0225,19.38353574,0,0.04,19.38353574
18.61,19.38149276,-0.1870930768,19.41440707,19.6364313,19.41363914,0,0,0,0,0.01,19.38149276,0,0.0225,19.38149276,0,0.04,19.38149276
18.62,19.37964625,-0.165548398,19.31548177,19.4293199,19.1253675,0,0,0,0,0.01,19.37964625,0,0.0225,19.37964625,0,0.04,19.37964625
18.63,19.3780338,-0.1512543963,19.38378568,19.22024323,19.07713396,0,0,0,0,0.01,19.3780338,0,0.0225,19.3780338,0,0.04,19.3780338
18.64,19.37634702,-0.1653440659,19.3513568,19.42625451,19.19247984,0,0,0,0,0.01,19.37634702,0,0.0225,19.37634702,0,0.04,19.37634702
18.65,19.37474711,-0.1562287544,19.36879146,19.53799553,19.47246451,0,0,0,0,0.01,19.37474711,0,0.0225,19.37474711,0,0.04,19.37474711
18.66,19.37337465,-0.1277283955,19.50764296,19.44629736,19.29928313,0,0,0,0,0.01,19.37337465,0,0.0225,19.37337465,0,0.04,19.37337465
18.67,19.37212104,-0.1129377462,19.5191196,19.34894677,19.60748333,0,0,0,0,0.01,19.37212104,0,0.0225,19.37212104,0,0.04,19.37212104
18.68,19.37117641,-0.09726832018,19.28590437,19.45543724,18.93338707,0,0,0,0,0.01,19.37117641,0,0.0225,19.37117641,0,0.04,19.37117641
18.69,19.37024767,-0.0915250919,19.56762583,19.42543279,19.49381332,0,0,0,0,0.01,19.37024767,0,0.0225,19.37024767,0,0.04,19.37024767
18.7,19.36935025,-0.08556815777,19.55353811,18.95530396,19.00558542,0,0,0,0,0.01,19.36935025,0,0.0225,19.36935025,0,0.04,19.36935025
18.71,19.36847698,-0.1017228311,19.38044885,19.19498815,19.54083316,0,0,0,0,0.01,19.36847698,0,0.0225,19.36847698,0,0.04,19.36847698
18.72,19.36753833,-0.08016497965,19.21377272,19.21266347,19.02424493,0,0,0,0,0.01,19.36753833,0,0.0225,19.36753833,0,0.04,19.36753833
18.73,19.36671955,-0.08126211618,19.39347853,19.31395752,19.66791437,0,0,0,0,0.01,19.36671955,0,0.0225,19.36671955,0,0.04,19.36671955
18.74,19.36586548,-0.09212772851,19.2744282,19.41858469,19.38686775,0,0,0,0,0.01,19.36586548,0,0.0225,19.36586548,0,0.04,19.36586548
18.75,19.36479179,-0.103167109,19.3379737,19.59551664,19.51007942,0,0,0,0,0.01,19.36479179,0,0.0225,19.36479179,0,0.04,19.36479179
18.76,19.36361642,-0.1322297729,19.47525656,19.5318016,19.24340066,0,0,0,0,0.01,19.36361642,0,0.0225,19.36361642,0,0.04,19.36361642
18.77,19.36226513,-0.1474702839,19.41895325,19.25427635,19.57631908,0,0,0,0,0.01,19.36226513,0,0.0225,19.36226513,0,0.04,19.36226513
18.78,19.36082018,-0.1237390593,19.63678903,19.33371042,19.42904627,0,0,0,0,0.01,19.36082018,0,0.0225,19.36082018,0,0.04,19.36082018
18.79,19.35936696,-0.1561673803,19.43561429,19.43119561,19.70833521,0,0,0,0,0.01,19.35936696,0,0.0225,19.35936696,0,0.04,19.35936696
18.8,19.35776263,-0.1715129439,19.23974195,19.40325567,19.36864799,0,0,0,0,0.01,19.35776263,0,0.0225,19.35776263,0,0.04,19.35776263
18.81,19.35602267,-0.1780079748,19.41413354,19.47149227,19.02242133,0,0,0,0,0.01,19.35602267,0,0.0225,19.35602267,0,0.04,19.35602267
18.82,19.35409016,-0.2045953403,19.18157781,19.3226323,18.99010353,0,0,0,0,0.01,19.35409016,0,0.0225,19.35409016,0,0.04,19.35409016
18.83,19.35199163,-0.2142573957,19.15071682,19.30353712,19.51111837,0,0,0,0,0.01,19.35199163,0,0.0225,19.35199163,0,0.04,19.35199163
18.84,19.34989811,-0.2036132222,19.59972846,19.36281651,19.00684424,0,0,0,0,0.01,19.34989811,0,0.0225,19.34989811,0,0.04,19.34989811
18.85,19.34769982,-0.2111066103,19.38248896,19.44616874,19.07654343,0,0,0,0,0.01,19.34769982,0,0.0225,19.34769982,0,0.04,19.34769982
18.86,19.34541822,-0.2594401596,19.39306005,19.32655266,19.21894386,0,0,0,0,0.01,19.34541822,0,0.0225,19.34541822,0,0.04,19.34541822
18.87,19.34278419,-0.2595581392,19.31723511,19.26826781,19.17933986,0,0,0,0,0.01,19.34278419,0,0.0225,19.34278419,0,0.04,19.34278419
18.88,19.33995633,-0.3058863839,19.31276478,19.4568513,19.19379339,0,0,0,0,0.01,19.33995633,0,0.0225,19.33995633,0,0.04,19.33995633
18.89,19.33694767,-0.2764440595,19.48536923,19.11773503,19.39367136,0,0,0,0,0.01,19.33694767,0,0.0225,19.33694767,0,0.04,19.33694767
18.9,19.33440793,-0.2433357788,19.33431709,19.16210251,19.1395935,0,0,0,0,0.01,19.33440793,0,0.0225,19.33440793,0,0.04,19.33440793
18.91,19.33194598,-0.248274917,19.29724169,19.39130091,19.52509208,0,0,0,0,0.01,19.33194598,0,0.0225,19.33194598,0,0.04,19.33194598
18.92,19.32958268,-0.2266408463,19.4338764,19.4091087,19.17302427,0,0,0,0,0.01,19.32958268,0,0.0225,19.32958268,0,0.04,19.32958268
18.93,19.32733127,-0.2377414402,19.33015076,19.71715246,19.10968104,0,0,0,0,0.01,19.32733127,0,0.0225,19.32733127,0,0.04,19.32733127
18.94,19.32511024,-0.2190625035,19.30072229,19.34955762,19.63306202,0,0,0,0,0.01,19.32511024,0,0.0225,19.32511024,0,0.04,19.32511024
18.95,19.32301094,-0.205933418,19.13258411,19.43834062,19.68765497,0,0,0,0,0.01,19.32301094,0,0.0225,19.32301094,0,0.04,19.32301094
18.96,19.32080844,-0.2411134956,19.36863202,19.29109188,19.16221322,0,0,0,0,0.01,19.32080844,0,0.0225,19.32080844,0,0.04,19.32080844
18.97,19.31838211,-0.2272208435,19.13784987,19.25824553,19.13732014,0,0,0,0,0.01,19.31838211,0,0.0225,19.31838211,0,0.04,19.31838211
18.98,19.3163757,-0.1652133349,19.34522813,19.54773553,19.25723632,0,0,0,0,0.01,19.3163757,0,0.0225,19.3163757,0,0.04,19.3163757
18.99,19.31476039,-0.1718603935,19.3417502,19.31312055,19.49271292,0,0,0,0,0.01,19.31476039,0,0.0225,19.31476039,0,0.04,19.31476039
19,19.3130402,-0.1642923618,19.47102641,19.1908264,19.21820597,0,0,0,0,0.01,19.3130402,0,0.0225,19.3130402,0,0.04,19.3130402
19.01,19.31150189,-0.1451950214,19.37069753,19.39320287,19.08904587,0,0,0,0,0.01,19.31150189,0,0.0225,19.31150189,0,0.04,19.31150189
19.02,19.30998768,-0.1675645453,19.09418506,19.47341013,19.58830172,0,0,0,0,0.01,19.30998768,0,0.0225,19.30998768,0,0.04,19.30998768
19.03,19.30837132,-0.1688676674,19.34614356,19.17695631,19.37703292,0,0,0,0,0.01,19.30837132,0,0.0225,19.30837132,0,0.04,19.30837132
19.04,19.30664407,-0.1614816906,19.28683239,19.19570879,19.39336512,0,0,0,0,0.01,19.30664407,0,0.0225,19.30664407,0,0.04,19.30664407
19.05,19.3052775,-0.1369161021,19.25364682,19.08546169,19.29584201,0,0,0,0,0.01,19.3052775,0,0.0225,19.3052775,0,0.04,19.3052775
19.06,19.30396185,-0.1254943671,19.44819824,19.26357334,19.3166682,0,0,0,0,0.01,19.30396185,0,0.0225,19.30396185,0,0.04,19.30396185
19.07,19.30288418,-0.08705437566,19.26904633,19.35992551,19.40647022,0,0,0,0,0.01,19.30288418,0,0.0225,19.30288418,0,0.04,19.30288418
19.08,19.30202402,-0.07756793462,19.44493379,19.42859721,19.37041967,0,0,0,0,0.01,19.30202402,0,0.0225,19.30202402,0,0.04,19.30202402
19.09,19.30119864,-0.09009504564,19.31796571,19.52551682,19.21325196,0,0,0,0,0.01,19.30119864,0,0.0225,19.30119864,0,0.04,19.30119864
19.1,19.30039179,-0.06448890102,19.35500574,19.42298095,19.29886123,0,0,0,0,0.01,19.30039179,0,0.0225,19.30039179,0,0.04,19.30039179
19.11,19.29977636,-0.05707877972,19.21647752,19.13230754,18.82306248,0,0,0,0,0.01,19.29977636,0,0.0225,19.29977636,0,0.04,19.29977636
19.12,19.29936373,-0.05712992409,19.15407479,19.31814999,18.99227755,0,0,0,0,0.01,19.29936373,0,0.0225,19.29936373,0,0.04,19.29936373
19.13,19.29862339,-0.07610003169,19.37849205,19.34738769,19.42939578,0,0,0,0,0.01,19.29862339,0,0.0225,19.29862339,0,0.04,19.29862339
19.14,19.29783163,-0.09877449001,19.25417236,19.05139366,19.34764179,0,0,0,0,0.01,19.29783163,0,0.0225,19.29783163,0,0.04,19.29783163
19.15,19.29682921,-0.1008631399,19.34882397,19.01008161,19.44948797,0,0,0,0,0.01,19.29682921,0,0.0225,19.29682921,0,0.04,19.29682921
19.16,19.29593812,-0.06860250416,19.13284721,19.32287367,19.0893708,0,0,0,0,0.01,19.29593812,0,0.0225,19.29593812,0,0.04,19.29593812
19.17,19.29516541,-0.07977791117,19.28977542,19.26993973,19.4374949,0,0,0,0,0.01,19.29516541,0,0.0225,19.29516541,0,0.04,19.29516541
19.18,19.29424294,-0.09831802428,19.34872023,19.29100935,19.17373457,0,0,0,0,0.01,19.29424294,0,0.0225,19.29424294,0,0.04,19.29424294
19.19,19.2934537,-0.0732165573,19.40911263,19.42130129,19.06892199,0,0,0,0,0.01,19.2934537,0,0.0225,19.2934537,0,0.04,19.2934537
19.2,19.29282276,-0.04832742353,19.15969338,19.24624699,18.97239576,0,0,0,0,0.01,19.29282276,0,0.0225,19.29282276,0,0.04,19.29282276
19.21,19.29233053,-0.06535128026,19.2071016,19.17136939,19.15730297,0,0,0,0,0.01,19.29233053,0,0.0225,19.29233053,0,0.04,19.29233053
19.22,19.29144517,-0.1157905619,19.09252099,19.17166925,19.49766572,0,0,0,0,0.01,19.29144517,0,0.0225,19.29144517,0,0.04,19.29144517
19.23,19.29050182,-0.07594493089,19.43944819,19.27666564,19.2136317,0,0,0,0,0.01,19.29050182,0,0.0225,19.29050182,0,0.04,19.29050182
19.24,19.28972578,-0.06500975503,19.44679413,19.50363813,19.26717815,0,0,0,0,0.01,19.28972578,0,0.0225,19.28972578,0,0.04,19.28972578
19.25,19.28907112,-0.07741948572,19.32828734,19.15977634,19.43174269,0,0,0,0,0.01,19.28907112,0,0.0225,19.28907112,0,0.04,19.28907112
19.26,19.2881142,-0.1059973682,19.14928372,19.33136291,19.27809485,0,0,0,0,0.01,19.2881142,0,0.0225,19.2881142,0,0.04,19.2881142
19.27,19.28706208,-0.08108738678,19.30925823,19.11342404,19.30700275,0,0,0,0,0.01,19.28706208,0,0.0225,19.28706208,0,0.04,19.28706208
19.28,19.28610836,-0.1115405732,19.48996711,19.23691852,19.14490269,0,0,0,0,0.01,19.28610836,0,0.0225,19.28610836,0,0.04,19.28610836
19.29,19.28511875,-0.09665444428,19.25600921,19.42454765,19.41811677,0,0,0,0,0.01,19.28511875,0,0.0225,19.28511875,0,0.04,19.28511875
19.3,19.28406076,-0.1168876314,19.23806189,19.1718961,19.33158735,0,0,0,0,0.01,19.28406076,0,0.0225,19.28406076,0,0.04,19.28406076
19.31,19.28308162,-0.07658496186,19.30789564,19.14181713,19.18140924,0,0,0,0,0.01,19.28308162,0,0.0225,19.28308162,0,0.04,19.28308162
19.32,19.28220786,-0.09803910845,19.39052758,19.09439479,19.32958884,0,0,0,0,0.01,19.28220786,0,0.0225,19.28220786,0,0.04,19.28220786
19.33,19.28139684,-0.05350755178,19.32734472,19.13806757,19.13297063,0,0,0,0,0.01,19.28139684,0,0.0225,19.28139684,0,0.04,19.28139684
19.34,19.28102637,-0.03712040981,19.3443267,19.12345308,19.38209556,0,0,0,0,0.01,19.28102637,0,0.0225,19.28102637,0,0.04,19.28102637
19.35,19.28062374,-0.05050288138,19.02499164,19.32803246,19.16575582,0,0,0,0,0.01,19.28062374,0,0.0225,19.28062374,0,0.04,19.28062374
19.36,19.28019756,-0.05083627803,19.13973847,19.27894328,19.1624051,0,0,0,0,0.01,19.28019756,0,0.0225,19.28019756,0,0.04,19.28019756
19.37,19.27967958,-0.06106349877,19.34217488,19.16214499,19.27691305,0,0,0,0,0.01,19.27967958,0,0.0225,19.27967958,0,0.04,19.27967958
19.38,19.27903408,-0.08615132612,19.40099131,19.05612712,19.50870734,0,0,0,0,0.01,19.27903408,0,0.0225,19.27903408,0,0.04,19.27903408
19.39,19.27817116,-0.07633358092,19.15032497,19.31683613,19.57392172,0,0,0,0,0.01,19.27817116,0,0.0225,19.27817116,0,0.04,19.27817116
19.4,19.27755785,-0.05703486239,19.24013872,19.59367789,19.28475051,0,0,0,0,0.01,19.27755785,0,0.0225,19.27755785,0,0.04,19.27755785
19.41,19.27671087,-0.08675687356,19.28027492,19.1118978,19.41082646,0,0,0,0,0.01,19.27671087,0,0.0225,19.27671087,0,0.04,19.27671087
19.42,19.27571804,-0.1146215414,19.13393394,19.27112314,19.49354782,0,0,0,0,0.01,19.27571804,0,0.0225,19.27571804,0,0.04,19.27571804
19.43,19.27444818,-0.1274479313,19.30578908,19.45368439,19.33628431,0,0,0,0,0.01,19.27444818,0,0.0225,19.27444818,0,0.04,19.27444818
19.44,19.27322122,-0.1128711711,19.34077157,19.24821627,19.2169299,0,0,0,0,0.01,19.27322122,0,0.0225,19.27322122,0,0.04,19.27322122
19.45,19.27239661,-0.06273584736,19.13218092,19.39044691,19.31208869,0,0,0,0,0.01,19.27239661,0,0.0225,19.27239661,0,0.04,19.27239661
19.46,19.27184714,-0.04473535977,19.38099439,19.15983246,19.07494154,0,0,0,0,0.01,19.27184714,0,0.0225,19.27184714,0,0.04,19.27184714
19.47,19.27137987,-0.02171160987,19.23750547,19.17468093,19.08066382,0,0,0,0,0.01,19.27137987,0,0.0225,19.27137987,0,0.04,19.27137987
19.48,19.27103314,-0.03565493143,19.34525971,19.25322878,19.12166792,0,0,0,0,0.01,19.27103314,0,0.0225,19.27103314,0,0.04,19.27103314
19.49,19.27061701,-0.0560103133,19.23285654,18.9742311,19.0963408,0,0,0,0,0.01,19.27061701,0,0.0225,19.27061701,0,0.04,19.27061701
19.5,19.27021523,-0.04043964364,19.20424152,19.27573756,19.32423626,0,0,0,0,0.01,19.27021523,0,0.0225,19.27021523,0,0.04,19.27021523
19.51,19.26965135,-0.05587999654,19.41381993,19.21478099,19.64831718,0,0,0,0,0.01,19.26965135,0,0.0225,19.26965135,0,0.04,19.26965135
19.52,19.26908419,-0.04628878494,19.26812044,19.11793067,19.21280924,0,0,0,0,0.01,19.26908419,0,0.0225,19.26908419,0,0.04,19.26908419
19.53,19.26866218,-0.04581574626,19.30839648,19.02272552,19.1968814,0,0,0,0,0.01,19.26866218,0,0.0225,19.26866218,0,0.04,19.26866218
19.54,19.26800707,-0.07435308864,19.27638113,19.17536475,19.30364613,0,0,0,0,0.01,19.26800707,0,0.0225,19.26800707,0,0.04,19.26800707
19.55,19.26724369,-0.07239953961,19.41520133,19.23809672,19.35730124,0,0,0,0,0.01,19.26724369,0,0.0225,19.26724369,0,0.04,19.26724369
19.56,19.26646222,-0.08121302568,19.33867144,19.00906675,19.45090943,0,0,0,0,0.01,19.26646222,0,0.0225,19.26646222,0,0.04,19.26646222
19.57,19.26562328,-0.06942673083,19.20690031,19.13267339,19.23241831,0,0,0,0,0.01,19.26562328,0,0.0225,19.26562328,0,0.04,19.26562328
19.58,19.26489006,-0.07749163586,19.26892677,19.27137168,19.3054942,0,0,0,0,0.01,19.26489006,0,0.0225,19.26489006,0,0.04,19.26489006
19.59,19.2639947,-0.104638283,19.23911574,19.47102305,19.54415747,0,0,0,0,0.01,19.2639947,0,0.0225,19.2639947,0,0.04,19.2639947
19.6,19.26294878,-0.09619729545,19.34528278,19.1597187,19.37399887,0,0,0,0,0.01,19.26294878,0,0.0225,19.26294878,0,0.04,19.26294878
19.61,19.26197379,-0.09181785467,19.32605544,19.31780538,19.37425248,0,0,0,0,0.01,19.26197379,0,0.0225,19.26197379,0,0.04,19.26197379
19.62,19.26105536,-0.1012784637,19.34810531,19.2682699,19.27903941,0,0,0,0,0.01,19.26105536,0,0.0225,19.26105536,0,0.04,19.26105536
19.63,19.26014438,-0.09238354532,19.29781541,18.92311982,19.4537142,0,0,0,0,0.01,19.26014438,0,0.0225,19.26014438,0,0.04,19.26014438
19.64,19.25937343,-0.07368851244,19.25842495,19.47505788,19.26759111,0,0,0,0,0.01,19.25937343,0,0.0225,19.25937343,0,0.04,19.25937343
19.65,19.25845109,-0.1270250504,19.20753098,19.14973002,19.29489802,0,0,0,0,0.01,19.25845109,0,0.0225,19.25845109,0,0.04,19.25845109
19.66,19.25721944,-0.1223694662,19.10887251,19.04965201,19.24974781,0,0,0,0,0.01,19.25721944,0,0.0225,19.25721944,0,0.04,19.25721944
19.67,19.25594838,-0.116478128,19.09172674,19.20412897,19.45035838,0,0,0,0,0.01,19.25594838,0,0.0225,19.25594838,0,0.04,19.25594838
19.68,19.25450548,-0.1683685924,19.21993608,19.23631452,19.49236074,0,0,0,0,0.01,19.25450548,0,0.0225,19.25450548,0,0.04,19.25450548
19.69,19.25294241,-0.1711207751,19.17395923,19.24330148,19.29886153,0,0,0,0,0.01,19.25294241,0,0.0225,19.25294241,0,0.04,19.25294241
19.7,19.25142786,-0.1465055265,19.26296766,19.0752715,18.89008325,0,0,0,0,0.01,19.25142786,0,0.0225,19.25142786,0,0.04,19.25142786
19.71,19.24988712,-0.145442538,19.33453139,19.16218112,19.1332199,0,0,0,0,0.01,19.24988712,0,0.0225,19.24988712,0,0.04,19.24988712
19.72,19.24850648,-0.1570571091,19.4311287,19.24717541,19.21757091,0,0,0,0,0.01,19.24850648,0,0.0225,19.24850648,0,0.04,19.24850648
19.73,19.24690336,-0.1684802453,19.17251,19.12455781,19.36828402,0,0,0,0,0.01,19.24690336,0,0.0225,19.24690336,0,0.04,19.24690336
19.74,19.24536438,-0.1525419467,19.09789296,19.41917517,19.48535685,0,0,0,0,0.01,19.24536438,0,0.0225,19.24536438,0,0.04,19.24536438
19.75,19.24391968,-0.1465635053,19.28646693,19.282941,19.34712107,0,0,0,0,0.01,19.24391968,0,0.0225,19.24391968,0,0.04,19.24391968
19.76,19.24229023,-0.1665187421,19.28320881,19.16741232,19.02681206,0,0,0,0,0.01,19.24229023,0,0.0225,19.24229023,0,0.04,19.24229023
19.77,19.24065862,-0.1600129819,19.15536455,19.2682263,19.45415913,0,0,0,0,0.01,19.24065862,0,0.0225,19.24065862,0,0.04,19.24065862
19.78,19.23922883,-0.1283658476,19.25261656,19.10246696,19.26322183,0,0,0,0,0.01,19.23922883,0,0.0225,19.23922883,0,0.04,19.23922883
19.79,19.23803825,-0.1132134132,19.13458832,19.3461278,18.90107018,0,0,0,0,0.01,19.23803825,0,0.0225,19.23803825,0,0.04,19.23803825
19.8,19.23693559,-0.09528021893,19.22040762,19.28399343,19.1117934,0,0,0,0,0.01,19.23693559,0,0.0225,19.23693559,0,0.04,19.23693559
19.81,19.23620586,-0.04254371092,19.2089133,19.09644326,19.45822217,0,0,0,0,0.01,19.23620586,0,0.0225,19.23620586,0,0.04,19.23620586
19.82,19.23569828,-0.05927225646,19.25914677,19.30008922,18.91770906,0,0,0,0,0.01,19.23569828,0,0.0225,19.23569828,0,0.04,19.23569828
19.83,19.23505548,-0.07476192614,19.23856853,19.08402143,19.21740312,0,0,0,0,0.01,19.23505548,0,0.0225,19.23505548,0,0.04,19.23505548
19.84,19.23444736,-0.05799628195,19.26870115,19.05229417,19.41795525,0,0,0,0,0.01,19.23444736,0,0.0225,19.23444736,0,0.04,19.23444736
19.85,19.23399638,-0.0286447717,19.41320998,19.45429809,19.15295088,0,0,0,0,0.01,19.23399638,0,0.0225,19.23399638,0,0.04,19.23399638
19.86,19.23378116,-0.02118510386,19.1901749,19.15159168,19.25877526,0,0,0,0,0.01,19.23378116,0,0.0225,19.23378116,0,0.04,19.23378116
19.87,19.23352385,-0.02984997892,19.22204828,19.55087143,19.1473463,0,0,0,0,0.01,19.23352385,0,0.0225,19.23352385,0,0.04,19.23352385
19.88,19.23337607,-0.01771408191,19.28169036,19.18073579,19.52170693,0,0,0,0,0.01,19.23337607,0,0.0225,19.23337607,0,0.04,19.23337607
19.89,19.23327188,-0.02383147454,19.19789069,19.47602657,19.26784926,0,0,0,0,0.01,19.23327188,0,0.0225,19.23327188,0,0.04,19.23327188
19.9,19.23294495,-0.0305756754,19.29244987,19.12803437,19.00510075,0,0,0,0,0.01,19.23294495,0,0.0225,19.23294495,0,0.04,19.23294495
19.91,19.23271726,-0.02901802916,19.24596192,19.04959086,19.07100655,0,0,0,0,0.01,19.23271726,0,0.0225,19.23271726,0,0.04,19.23271726
19.92,19.23246608,-0.02243323057,19.36949368,19.00607125,19.10525287,0,0,0,0,0.01,19.23246608,0,0.0225,19.23246608,0,0.04,19.23246608
19.93,19.23237789,0.005823606219,19.23730151,19.19766391,19.20231318,0,0,0,0,0.01,19.23237789,0,0.0225,19.23237789,0,0.04,19.23237789
19.94,19.23257832,0.0275044826,19.25540971,19.24918398,18.93530212,0,0,0,0,0.01,19.23257832,0,0.0225,19.23257832,0,0.04,19.23257832
19.95,19.23288764,0.03524892836,19.08200765,19.2071598,19.71665081,0,0,0,0,0.01,19.23288764,0,0.0225,19.23288764,0,0.04,19.23288764
19.96,19.23323006,0.02402732342,19.32426976,19.22601984,19.49692402,0,0,0,0,0.01,19.23323006,0,0.0225,19.23323006,0,0.04,19.23323006
19.97,19.23351998,0.03805664008,19.21578817,18.98638515,19.28426034,0,0,0,0,0.01,19.23351998,0,0.0225,19.23351998,0,0.04,19.23351998
19.98,19.23389789,0.04538334484,19.21305825,19.1516,19.35817842,0,0,0,0,0.01,19.23389789,0,0.0225,19.23389789,0,0.04,19.23389789
19.99,19.23435468,0.06543580075,19.08511242,19.30419279,19.1729642,0,0,0,0,0.01,19.23435468,0,0.0225,19.23435468,0,0.04,19.23435468
20,19.23491501,0.05923426997,19.2538899,20.16283141,17.80633349,0,1,1,0,0.01,19.23491501,1,0.0225,19.23491501,0,1.2,19.23491501
20.01,19.23541555,0.02723557678,19.23212626,20.52485498,19.56017842,0,1,1,0,0.01,19.23541555,1,0.0225,19.23541555,0,1.2,19.23541555
20.02,19.23577205,0.05071251307,19.20132821,20.14277443,17.35265219,0,1,1,0,0.01,19.23577205,1,0.0225,19.23577205,0,1.2,19.23577205
20.03,19.23621915,0.05252183357,19.32666088,20.35218182,18.5129706,0,1,1,0,0.01,19.23621915,1,0.0225,19.23621915,0,1.2,19.23621915
20.04,19.23674264,0.02862151046,19.18059024,20.2751534,17.44324113,0,1,1,0,0.01,19.23674264,1,0.0225,19.23674264,0,1.2,19.23674264
20.05,19.23700315,0.03864895879,19.26322924,20.29017816,19.69611475,0,1,1,0,0.01,19.23700315,1,0.0225,19.23700315,0,1.2,19.23700315
20.06,19.23733747,0.05116108818,19.17221989,20.34409027,19.72627518,0,1,1,0,0.01,19.23733747,1,0.0225,19.23733747,0,1.2,19.23733747
20.07,19.23776966,0.04422578402,19.15356595,20.39956364,21.07190905,0,1,1,0,0.01,19.23776966,1,0.0225,19.23776966,0,1.2,19.23776966
20.08,19.23807779,0.02354349288,19.20775744,20.26847775,18.86267006,0,1,1,0,0.01,19.23807779,1,0.0225,19.23807779,0,1.2,19.23807779
20.09,19.23829773,0.01753163487,19.24199176,20.28631588,20.12775088,0,1,1,0,0.01,19.23829773,1,0.0225,19.23829773,0,1.2,19.23829773
20.1,19.23830212,0.00272610654,19.20671881,20.18254355,21.68839526,0,1,1,0,0.01,19.23830212,1,0.0225,19.23830212,0,1.2,19.23830212
20.11,19.23821455,-0.01452902354,19.40088321,20.18109754,20.3312557,0,1,1,0,0.01,19.23821455,1,0.0225,19.23821455,0,1.2,19.23821455
20.12,19.23792034,-0.02250310554,19.17194994,20.5241449,18.24901846,0,1,1,0,0.01,19.23792034,1,0.0225,19.23792034,0,1.2,19.23792034
20.13,19.23766251,-0.03134541023,19.30345488,20.07894132,19.12184401,0,1,1,0,0.01,19.23766251,1,0.0225,19.23766251,0,1.2,19.23766251
20.14,19.23742626,-0.01355467028,19.25494287,19.96328329,17.81004406,0,1,1,0,0.01,19.23742626,1,0.0225,19.23742626,0,1.2,19.23742626
20.15,19.23709755,-0.03681643813,19.38802262,20.1160898,20.98375207,0,1,1,0,0.01,19.23709755,1,0.0225,19.23709755,0,1.2,19.23709755
20.16,19.23689351,-0.006830265599,19.17662619,20.54292235,21.30097575,0,1,1,0,0.01,19.23689351,1,0.0225,19.23689351,0,1.2,19.23689351
20.17,19.23686575,-0.006083969071,19.33547305,20.28038309,19.13811555,0,1,1,0,0.01,19.23686575,1,0.0225,19.23686575,0,1.2,19.23686575
20.18,19.23645109,-0.04971998829,19.01613943,20.37192228,18.65090613,0,1,1,0,0.01,19.23645109,1,0.0225,19.23645109,0,1.2,19.23645109
20.19,19.23576787,-0.07888993811,19.4311911,20.46051066,18.75229451,0,1,1,0,0.01,19.23576787,1,0.0225,19.23576787,0,1.2,19.23576787
20.2,19.23514407,-0.039377044,19.07579861,20.33075542,18.73830131,0,1,1,0,0.01,19.23514407,1,0.0225,19.23514407,0,1.2,19.23514407
20.21,19.23483863,-0.01115160997,19.21408774,20.08652061,19.18147115,0,1,1,0,0.01,19.23483863,1,0.0225,19.23483863,0,1.2,19.23483863
20.22,19.23461966,-0.02621431382,19.20702823,20.02528276,21.05993893,0,1,1,0,0.01,19.23461966,1,0.0225,19.23461966,0,1.2,19.23461966
20.23,19.23443827,-0.01152953289,19.25129854,20.20382437,19.09970857,0,1,1,0,0.01,19.23443827,1,0.0225,19.23443827,0,1.2,19.23443827
20.24,19.23440669,0.02178179473,19.22140195,20.26636449,19.12263743,0,1,1,0,0.01,19.23440669,1,0.0225,19.23440669,0,1.2,19.23440669
20.25,19.23444014,-0.01129508267,19.19234917,20.08397199,18.2466242,0,1,1,0,0.01,19.23444014,1,0.0225,19.23444014,0,1.2,19.23444014
20.26,19.23436569,-0.007198760887,19.37572201,20.05625884,21.07456308,0,1,1,0,0.01,19.23436569,1,0.0225,19.23436569,0,1.2,19.23436569
20.27,19.23412079,-0.03262734986,19.28669768,20.19677504,18.97274702,0,1,1,0,0.01,19.23412079,1,0.0225,19.23412079,0,1.2,19.23412079
20.28,19.23388375,0.009816503444,19.21219001,20.16486449,21.6501256,0,1,1,0,0.01,19.23388375,1,0.0225,19.23388375,0,1.2,19.23388375
20.29,19.2339729,0.01018230816,19.23845552,20.39613861,20.75091833,0,1,1,0,0.01,19.2339729,1,0.0225,19.2339729,0,1.2,19.2339729
20.3,19.23403293,-0.01563846872,19.26314989,20.41231702,19.3012725,0,1,1,0,0.01,19.23403293,1,0.0225,19.23403293,0,1.2,19.23403293
20.31,19.23388886,0.0006029757251,19.36014041,20.34442813,19.13095348,0,1,1,0,0.01,19.23388886,1,0.0225,19.23388886,0,1.2,19.23388886
20.32,19.23414878,0.03091966866,19.27290234,20.29750526,20.0194264,0,1,1,0,0.01,19.23414878,1,0.0225,19.23414878,0,1.2,19.23414878
20.33,19.23456296,0.04979391322,19.2918865,20.30551653,17.83946133,0,1,1,0,0.01,19.23456296,1,0.0225,19.23456296,0,1.2,19.23456296
20.34,19.23504199,0.05276610375,19.38889151,20.24278084,19.73660519,0,1,1,0,0.01,19.23504199,1,0.0225,19.23504199,0,1.2,19.23504199
20.35,19.23571841,0.0634348874,19.29386967,20.23932159,19.83614795,0,1,1,0,0.01,19.23571841,1,0.0225,19.23571841,0,1.2,19.23571841
20.36,19.23631375,0.07232440224,19.10031198,20.17404448,19.08147849,0,1,1,0,0.01,19.23631375,1,0.0225,19.23631375,0,1.2,19.23631375
20.37,19.23693164,0.0560360465,19.25361384,19.92193652,18.70751422,0,1,1,0,0.01,19.23693164,1,0.0225,19.23693164,0,1.2,19.23693164
20.38,19.23760904,0.0794915178,19.12803222,20.13887164,19.73739788,0,1,1,0,0.01,19.23760904,1,0.0225,19.23760904,0,1.2,19.23760904
20.39,19.23846033,0.08777867146,19.22583368,20.38826737,18.65161245,0,1,1,0,0.01,19.23846033,1,0.0225,19.23846033,0,1.2,19.23846033
20.4,19.23925143,0.08874968492,19.34753873,20.19638003,18.24359894,0,1,1,0,0.01,19.23925143,1,0.0225,19.23925143,0,1.2,19.23925143
20.41,19.24006662,0.05647459771,19.12364845,20.23300471,18.21648131,0,1,1,0,0.01,19.24006662,1,0.0225,19.24006662,0,1.2,19.24006662
20.42,19.24054046,0.05020101583,19.27189283,20.02521594,20.42043998,0,1,1,0,0.01,19.24054046,1,0.0225,19.24054046,0,1.2,19.24054046
20.43,19.24093262,0.02915040913,19.14633442,20.17355335,20.00794835,0,1,1,0,0.01,19.24093262,1,0.0225,19.24093262,0,1.2,19.24093262
20.44,19.24134246,0.03488935975,19.1582131,20.27444048,19.13234866,0,1,1,0,0.01,19.24134246,1,0.0225,19.24134246,0,1.2,19.24134246
20.45,19.24169969,0.05666058419,19.16074794,20.26447135,18.52066766,0,1,1,0,0.01,19.24169969,1,0.0225,19.24169969,0,1.2,19.24169969
20.46,19.24212311,0.0275208563,19.19065653,20.04601802,18.57780416,0,1,1,0,0.01,19.24212311,1,0.0225,19.24212311,0,1.2,19.24212311
20.47,19.2423447,0.01521071131,19.39713045,20.25813291,19.37478973,0,1,1,0,0.01,19.2423447,1,0.0225,19.2423447,0,1.2,19.2423447
20.48,19.24235958,-0.01281890893,19.21194688,20.47934952,20.29848526,0,1,1,0,0.01,19.24235958,1,0.0225,19.24235958,0,1.2,19.24235958
20.49,19.24220128,-0.01885626928,19.30843446,20.0657781,17.96935488,0,1,1,0,0.01,19.24220128,1,0.0225,19.24220128,0,1.2,19.24220128
20.5,19.24202483,-0.005034232081,19.37148868,20.28359306,19.25809834,0,1,1,0,0.01,19.24202483,1,0.0225,19.24202483,0,1.2,19.24202483
20.51,19.24193222,-0.01004249156,19.21047385,20.16534949,20.28755865,0,1,1,0,0.01,19.24193222,1,0.0225,19.24193222,0,1.2,19.24193222
20.52,19.24180427,-0.0050698602,19.11671715,20.18796912,18.00941687,0,1,1,0,0.01,19.24180427,1,0.0225,19.24180427,0,1.2,19.24180427
20.53,19.24183385,-0.002957530291,19.18845398,20.24590182,21.03184555,0,1,1,0,0.01,19.24183385,1,0.0225,19.24183385,0,1.2,19.24183385
20.54,19.24179374,0.007819254448,19.17696987,20.42804672,18.89550002,0,1,1,0,0.01,19.24179374,1,0.0225,19.24179374,0,1.2,19.24179374
20.55,19.24201685,0.01317745539,19.32609851,20.26849942,19.77832084,0,1,1,0,0.01,19.24201685,1,0.0225,19.24201685,0,1.2,19.24201685
20.56,19.24225513,0.05255090692,19.20268478,20.01095524,19.09536115,0,1,1,0,0.01,19.24225513,1,0.0225,19.24225513,0,1.2,19.24225513
20.57,19.24263782,0.01131178279,19.36842221,20.06486123,18.57260541,0,1,1,0,0.01,19.24263782,1,0.0225,19.24263782,0,1.2,19.24263782
20.58,19.24274101,0.004512619209,19.23442668,20.02452818,18.58536908,0,1,1,0,0.01,19.24274101,1,0.0225,19.24274101,0,1.2,19.24274101
20.59,19.24284939,0.0337540917,19.27089693,20.34915878,19.15853244,0,1,1,0,0.01,19.24284939,1,0.0225,19.24284939,0,1.2,19.24284939
20.6,19.24318077,0.04259725572,19.1992712,20.32542417,21.88276972,0,1,1,0,0.01,19.24318077,1,0.0225,19.24318077,0,1.2,19.24318077
20.61,19.24375824,0.06924321832,19.29631819,20.32885315,19.31127529,0,1,1,0,0.01,19.24375824,1,0.0225,19.24375824,0,1.2,19.24375824
20.62,19.24418461,0.02807872843,19.29859496,20.58495497,18.10931899,0,1,1,0,0.01,19.24418461,1,0.0225,19.24418461,0,1.2,19.24418461
20.63,19.24443132,0.03536197619,19.32933193,20.19335649,18.98405977,0,1,1,0,0.01,19.24443132,1,0.0225,19.24443132,0,1.2,19.24443132
20.64,19.24459491,-0.004816352528,19.28458867,20.48931232,19.99359299,0,1,1,0,0.01,19.24459491,1,0.0225,19.24459491,0,1.2,19.24459491
20.65,19.24465337,0.01390329351,19.19224377,20.19549196,19.90652824,0,1,1,0,0.01,19.24465337,1,0.0225,19.24465337,0,1.2,19.24465337
20.66,19.24468198,-0.008703957869,19.30238354,20.21182567,20.97773353,0,1,1,0,0.01,19.24468198,1,0.0225,19.24468198,0,1.2,19.24468198
20.67,19.24459952,-0.01548823605,19.16775993,20.24831101,20.57795262,0,1,1,0,0.01,19.24459952,1,0.0225,19.24459952,0,1.2,19.24459952
20.68,19.24442417,-0.02451936629,19.32501659,20.34816708,19.9548773,0,1,1,0,0.01,19.24442417,1,0.0225,19.24442417,0,1.2,19.24442417
20.69,19.24394896,-0.03401881997,19.17694881,20.34993351,18.20857455,0,1,1,0,0.01,19.24394896,1,0.0225,19.24394896,0,1.2,19.24394896
20.7,19.24358684,-0.04196851175,19.28576546,20.33009215,18.83408728,0,1,1,0,0.01,19.24358684,1,0.0225,19.24358684,0,1.2,19.24358684
20.71,19.24318009,-0.0391701602,19.25820169,20.35978393,18.59590492,0,1,1,0,0.01,19.24318009,1,0.0225,19.24318009,0,1.2,19.24318009
20.72,19.24280966,-0.05418148738,19.30573783,20.30851397,19.8186863,0,1,1,0,0.01,19.24280966,1,0.0225,19.24280966,0,1.2,19.24280966
20.73,19.24228473,-0.0604514166,19.1891373,20.24234593,18.72149557,0,1,1,0,0.01,19.24228473,1,0.0225,19.24228473,0,1.2,19.24228473
20.74,19.24170451,-0.06795407957,19.30146366,20.3558335,18.65215736,0,1,1,0,0.01,19.24170451,1,0.0225,19.24170451,0,1.2,19.24170451
20.75,19.24119545,-0.05287814138,19.21454358,20.49445327,19.8183999,0,1,1,0,0.01,19.24119545,1,0.0225,19.24119545,0,1.2,19.24119545
20.76,19.2406041,-0.05255174336,19.13039446,20.13460396,19.72228425,0,1,1,0,0.01,19.2406041,1,0.0225,19.2406041,0,1.2,19.2406041
20.77,19.23996486,-0.08593420345,19.32855923,20.36116228,21.72005668,0,1,1,0,0.01,19.23996486,1,0.0225,19.23996486,0,1.2,19.23996486
20.78,19.23921104,-0.05827410496,19.12004893,20.29829931,20.65288566,0,1,1,0,0.01,19.23921104,1,0.0225,19.23921104,0,1.2,19.23921104
20.79,19.23861862,-0.05867920461,19.04043483,20.10110927,18.67624905,0,1,1,0,0.01,19.23861862,1,0.0225,19.23861862,0,1.2,19.23861862
20.8,19.2381091,-0.05296723972,19.30526764,20.29692527,18.47834386,0,1,1,0,0.01,19.2381091,1,0.0225,19.2381091,0,1.2,19.2381091
20.81,19.23758411,-0.05938036898,19.33144149,20.43098667,19.54700243,0,1,1,0,0.01,19.23758411,1,0.0225,19.23758411,0,1.2,19.23758411
20.82,19.23710759,-0.04028831631,19.25213291,20.05244025,20.02560908,0,1,1,0,0.01,19.23710759,1,0.0225,19.23710759,0,1.2,19.23710759
20.83,19.23662564,-0.04848901304,19.21684294,20.30687094,19.19537068,0,1,1,0,0.01,19.23662564,1,0.0225,19.23662564,0,1.2,19.23662564
20.84,19.2361658,-0.04365175644,19.15400462,20.25015831,21.29359106,0,1,1,0,0.01,19.2361658,1,0.0225,19.2361658,0,1.2,19.2361658
20.85,19.23588096,-0.01882592674,19.12018627,20.11804249,17.53162913,0,1,1,0,0.01,19.23588096,1,0.0225,19.23588096,0,1.2,19.23588096
20.86,19.2357325,-0.01504812584,19.1982003,20.46446871,18.38107423,0,1,1,0,0.01,19.2357325,1,0.0225,19.2357325,0,1.2,19.2357325
20.87,19.23539546,-0.05002802857,19.30046397,20.29257929,19.14544137,0,1,1,0,0.01,19.23539546,1,0.0225,19.23539546,0,1.2,19.23539546
20.88,19.23490905,-0.05066316463,19.16448908,20.47558336,19.634788,0,1,1,0,0.01,19.23490905,1,0.0225,19.23490905,0,1.2,19.23490905
20.89,19.23454999,-0.03067462123,19.30345093,20.23788577,19.84196027,0,1,1,0,0.01,19.23454999,1,0.0225,19.23454999,0,1.2,19.23454999
20.9,19.23404942,-0.05573291902,19.23687417,20.38517669,18.82344794,0,1,1,0,0.01,19.23404942,1,0.0225,19.23404942,0,1.2,19.23404942
20.91,19.23343094,-0.07810410254,19.09739163,20.53184174,18.81564689,0,1,1,0,0.01,19.23343094,1,0.0225,19.23343094,0,1.2,19.23343094
20.92,19.232559,-0.08831570627,19.26423322,20.01595383,18.63472551,0,1,1,0,0.01,19.232559,1,0.0225,19.232559,0,1.2,19.232559
20.93,19.23171038,-0.07675064795,19.02115007,20.41774747,19.43910149,0,1,1,0,0.01,19.23171038,1,0.0225,19.23171038,0,1.2,19.23171038
20.94,19.23094127,-0.0828890505,19.11763801,20.23380193,18.88727849,0,1,1,0,0.01,19.23094127,1,0.0225,19.23094127,0,1.2,19.23094127
20.95,19.22991978,-0.1166139492,19.0059239,20.13532997,18.00441342,0,1,1,0,0.01,19.22991978,1,0.0225,19.22991978,0,1.2,19.22991978
20.96,19.22854345,-0.1286748587,19.09668522,20.43792195,21.63436138,0,1,1,0,0.01,19.22854345,1,0.0225,19.22854345,0,1.2,19.22854345
20.97,19.22703484,-0.1723997791,19.14879484,20.19269168,16.8563101,0,1,1,0,0.01,19.22703484,1,0.0225,19.22703484,0,1.2,19.22703484
20.98,19.22528463,-0.1878085534,19.31232453,20.1104495,20.63995619,0,1,1,0,0.01,19.22528463,1,0.0225,19.22528463,0,1.2,19.22528463
20.99,19.22340636,-0.2084439549,19.11139099,20.33720362,17.40740827,0,1,1,0,0.01,19.22340636,1,0.0225,19.22340636,0,1.2,19.22340636
21,19.2213463,-0.2105514259,19.05598036,20.17276794,19.65218763,0,1,1,0,0.01,19.2213463,1,0.0225,19.2213463,0,1.2,19.2213463
21.01,19.21936563,-0.1881634252,19.28898472,20.03099374,18.57006599,0,1,1,0,0.01,19.21936563,1,0.0225,19.21936563,0,1.2,19.21936563
21.02,19.2174017,-0.1923680756,19.14204698,19.87852619,18.64037742,0,1,1,0,0.01,19.2174017,1,0.0225,19.2174017,0,1.2,19.2174017
21.03,19.21548265,-0.186972071,19.25175097,20.33106739,18.34842315,0,1,1,0,0.01,19.21548265,1,0.0225,19.21548265,0,1.2,19.21548265
21.04,19.21379396,-0.1457023642,19.17399098,20.13635452,19.68344443,0,1,1,0,0.01,19.21379396,1,0.0225,19.21379396,0,1.2,19.21379396
21.05,19.212643,-0.1098849879,19.12417173,20.42561687,19.50746108,0,1,1,0,0.01,19.212643,1,0.0225,19.212643,0,1.2,19.212643
21.06,19.2112295,-0.1542828301,19.1304084,20.33278934,19.53532077,0,1,1,0,0.01,19.2112295,1,0.0225,19.2112295,0,1.2,19.2112295
21.07,19.20967883,-0.1547694855,19.23467667,20.23910953,18.18458175,0,1,1,0,0.01,19.20967883,1,0.0225,19.20967883,0,1.2,19.20967883
21.08,19.20798137,-0.1849458206,19.18698194,19.87399303,18.90642851,0,1,1,0,0.01,19.20798137,1,0.0225,19.20798137,0,1.2,19.20798137
21.09,19.20627741,-0.1769487372,19.21353741,20.38399999,16.43979361,0,1,1,0,0.01,19.20627741,1,0.0225,19.20627741,0,1.2,19.20627741
21.1,19.20440098,-0.2004629817,19.19925557,20.10662059,17.9824381,0,1,1,0,0.01,19.20440098,1,0.0225,19.20440098,0,1.2,19.20440098
21.11,19.20243416,-0.2037710896,19.25586153,20.37118758,19.005585,0,1,1,0,0.01,19.20243416,1,0.0225,19.20243416,0,1.2,19.20243416
21.12,19.20030664,-0.2126075884,19.11355568,20.12147274,18.5569159,0,1,1,0,0.01,19.20030664,1,0.0225,19.20030664,0,1.2,19.20030664
21.13,19.19818904,-0.2066239653,19.26313173,20.17870959,18.23661122,0,1,1,0,0.01,19.19818904,1,0.0225,19.19818904,0,1.2,19.19818904
21.14,19.19616608,-0.2038999191,19.27248477,20.22043195,18.50472779,0,1,1,0,0.01,19.19616608,1,0.0225,19.19616608,0,1.2,19.19616608
21.15,19.19408461,-0.2458016193,19.2120842,20.1355055,19.68831306,0,1,1,0,0.01,19.19408461,1,0.0225,19.19408461,0,1.2,19.19408461
21.16,19.19174552,-0.220075581,19.25462153,19.84288951,18.01841735,0,1,1,0,0.01,19.19174552,1,0.0225,19.19174552,0,1.2,19.19174552
21.17,19.1896594,-0.2003937039,19.06773097,19.84256424,19.3193635,0,1,1,0,0.01,19.1896594,1,0.0225,19.1896594,0,1.2,19.1896594
21.18,19.18783751,-0.1762652703,19.03815149,20.13409497,19.80572482,0,1,1,0,0.01,19.18783751,1,0.0225,19.18783751,0,1.2,19.18783751
21.19,19.18590858,-0.1896493793,19.18753188,20.29197592,18.58080077,0,1,1,0,0.01,19.18590858,1,0.0225,19.18590858,0,1.2,19.18590858
21.2,19.18389839,-0.2295889625,19.34557906,20.20325173,16.94158394,0,1,1,0,0.01,19.18389839,1,0.0225,19.18389839,0,1.2,19.18389839
21.21,19.18148017,-0.2484916306,19.17013924,20.08581619,16.46840935,0,1,1,0,0.01,19.18148017,1,0.0225,19.18148017,0,1.2,19.18148017
21.22,19.17902941,-0.2464669695,19.2845214,20.17295161,18.40116748,0,1,1,0,0.01,19.17902941,1,0.0225,19.17902941,0,1.2,19.17902941
21.23,19.17668794,-0.229226608,19.19043294,20.58791882,19.5534957,0,1,1,0,0.01,19.17668794,1,0.0225,19.17668794,0,1.2,19.17668794
21.24,19.17435002,-0.2212988902,19.07735153,20.33685103,17.27864236,0,1,1,0,0.01,19.17435002,1,0.0225,19.17435002,0,1.2,19.17435002
21.25,19.17223828,-0.1959844123,19.10979408,20.18417206,18.49318476,0,1,1,0,0.01,19.17223828,1,0.0225,19.17223828,0,1.2,19.17223828
21.26,19.17032047,-0.1814684418,19.12885993,20.11687851,20.18286138,0,1,1,0,0.01,19.17032047,1,0.0225,19.17032047,0,1.2,19.17032047
21.27,19.16826407,-0.2389895113,19.01557279,20.12206983,16.64561116,0,1,1,0,0.01,19.16826407,1,0.0225,19.16826407,0,1.2,19.16826407
21.28,19.16583225,-0.2502434918,19.23912954,20.09570112,18.37951038,0,1,1,0,0.01,19.16583225,1,0.0225,19.16583225,0,1.2,19.16583225
21.29,19.1629522,-0.319360664,19.17012428,20.23410206,20.67489004,0,1,1,0,0.01,19.1629522,1,0.0225,19.1629522,0,1.2,19.1629522
21.3,19.15974335,-0.3059394408,19.11048665,20.28051967,18.63591458,0,1,1,0,0.01,19.15974335,1,0.0225,19.15974335,0,1.2,19.15974335
21.31,19.15678189,-0.2911439736,19.10627166,19.89452372,19.39145014,0,1,1,0,0.01,19.15678189,1,0.0225,19.15678189,0,1.2,19.15678189
21.32,19.15384835,-0.3006840262,19.22836946,20.11498334,19.37334214,0,1,1,0,0.01,19.15384835,1,0.0225,19.15384835,0,1.2,19.15384835
21.33,19.15092225,-0.3009534053,19.11244006,19.7598174,18.42469954,0,1,1,0,0.01,19.15092225,1,0.0225,19.15092225,0,1.2,19.15092225
21.34,19.14789197,-0.3036611945,19.06907988,20.19035978,19.72715588,0,1,1,0,0.01,19.14789197,1,0.0225,19.14789197,0,1.2,19.14789197
21.35,19.14485135,-0.3097786065,19.15620028,20.18777645,20.93174781,0,1,1,0,0.01,19.14485135,1,0.0225,19.14485135,0,1.2,19.14485135
21.36,19.14175572,-0.3202148563,19.09306998,19.90106284,18.53151045,0,1,1,0,0.01,19.14175572,1,0.0225,19.14175572,0,1.2,19.14175572
21.37,19.13857133,-0.3258774943,19.03193832,20.25386396,21.57890687,0,1,1,0,0.01,19.13857133,1,0.0225,19.13857133,0,1.2,19.13857133
21.38,19.13543737,-0.3196693984,19.13967059,20.20352591,18.34707712,0,1,1,0,0.01,19.13543737,1,0.0225,19.13543737,0,1.2,19.13543737
21.39,19.13227686,-0.3305514376,19.03619706,19.89315253,19.35346656,0,1,1,0,0.01,19.13227686,1,0.0225,19.13227686,0,1.2,19.13227686
21.4,19.12888755,-0.3327268197,19.06873974,20.08050522,20.74365849,0,1,1,0,0.01,19.12888755,1,0.0225,19.12888755,0,1.2,19.12888755
21.41,19.12549348,-0.337161979,19.30302899,20.25343858,18.76803695,0,1,1,0,0.01,19.12549348,1,0.0225,19.12549348,0,1.2,19.12549348
21.42,19.1222758,-0.3037065245,19.17107309,19.91515168,20.39746199,0,1,1,0,0.01,19.1222758,1,0.0225,19.1222758,0,1.2,19.1222758
21.43,19.11934344,-0.2710221218,19.11110668,20.18297435,21.67604131,0,1,1,0,0.01,19.11934344,1,0.0225,19.11934344,0,1.2,19.11934344
21.44,19.11655452,-0.2945136966,19.11495175,20.35646971,20.58103409,0,1,1,0,0.01,19.11655452,1,0.0225,19.11655452,0,1.2,19.11655452
21.45,19.11354146,-0.3150497455,19.27160898,19.83146962,20.15555609,0,1,1,0,0.01,19.11354146,1,0.0225,19.11354146,0,1.2,19.11354146
21.46,19.11052633,-0.296968476,19.17554582,20.3294471,19.42973855,0,1,1,0,0.01,19.11052633,1,0.0225,19.11052633,0,1.2,19.11052633
21.47,19.10750462,-0.2960778633,18.93675239,19.99987597,16.76489567,0,1,1,0,0.01,19.10750462,1,0.0225,19.10750462,0,1.2,19.10750462
21.48,19.10427878,-0.3304951938,19.10566347,20.03780326,20.33694196,0,1,1,0,0.01,19.10427878,1,0.0225,19.10427878,0,1.2,19.10427878
21.49,19.10107156,-0.3192410435,19.04443096,20.00698617,18.84322567,0,1,1,0,0.01,19.10107156,1,0.0225,19.10107156,0,1.2,19.10107156
21.5,19.09764275,-0.3560866249,19.10235313,20.2020025,20.56173117,0,1,1,0,0.01,19.09764275,1,0.0225,19.09764275,0,1.2,19.09764275
21.51,19.09427417,-0.3416228013,19.0229073,19.92405142,19.1278722,0,1,1,0,0.01,19.09427417,1,0.0225,19.09427417,0,1.2,19.09427417
21.52,19.0908541,-0.3407272054,19.13395526,20.12886302,19.41498298,0,1,1,0,0.01,19.0908541,1,0.0225,19.0908541,0,1.2,19.0908541
21.53,19.08751255,-0.3303169835,19.07388123,20.19711199,19.64651259,0,1,1,0,0.01,19.08751255,1,0.0225,19.08751255,0,1.2,19.08751255
21.54,19.08429403,-0.3337628527,19.10147055,19.91531302,19.20237862,0,1,1,0,0.01,19.08429403,1,0.0225,19.08429403,0,1.2,19.08429403
21.55,19.08083458,-0.3310232964,18.99026886,20.27518785,20.31758993,0,1,1,0,0.01,19.08083458,1,0.0225,19.08083458,0,1.2,19.08083458
21.56,19.07765471,-0.3202766134,18.99658723,20.01836121,17.948215,0,1,1,0,0.01,19.07765471,1,0.0225,19.07765471,0,1.2,19.07765471
21.57,19.07462586,-0.2849221801,19.0305813,19.81333983,18.60140259,0,1,1,0,0.01,19.07462586,1,0.0225,19.07462586,0,1.2,19.07462586
21.58,19.07191074,-0.2603343346,18.94157415,20.32748618,19.16409556,0,1,1,0,0.01,19.07191074,1,0.0225,19.07191074,0,1.2,19.07191074
21.59,19.0693607,-0.2451545014,19.09596845,20.2959062,18.99018852,0,1,1,0,0.01,19.0693607,1,0.0225,19.0693607,0,1.2,19.0693607
21.6,19.06667438,-0.2738998573,19.03273442,19.89770932,19.61838644,0,1,1,0,0.01,19.06667438,1,0.0225,19.06667438,0,1.2,19.06667438
21.61,19.0638199,-0.3042023171,18.95884661,20.05302771,18.83875396,0,1,1,0,0.01,19.0638199,1,0.0225,19.0638199,0,1.2,19.0638199
21.62,19.06067754,-0.3098121737,19.12066958,20.19321569,20.80568308,0,1,1,0,0.01,19.06067754,1,0.0225,19.06067754,0,1.2,19.06067754
21.63,19.0575607,-0.315676652,19.11633518,20.11152738,20.10289347,0,1,1,0,0.01,19.0575607,1,0.0225,19.0575607,0,1.2,19.0575607
21.64,19.05425082,-0.3415074091,19.06137716,20.11227764,17.05163575,0,1,1,0,0.01,19.05425082,1,0.0225,19.05425082,0,1.2,19.05425082
21.65,19.050902,-0.3163383497,19.20744684,20.18844051,20.81468821,0,1,1,0,0.01,19.050902,1,0.0225,19.050902,0,1.2,19.050902
21.66,19.04761531,-0.3389059217,19.33877241,20.11142639,17.33902096,0,1,1,0,0.01,19.04761531,1,0.0225,19.04761531,0,1.2,19.04761531
21.67,19.04383749,-0.4060979183,19.1124453,20.18950205,18.92680024,0,1,1,0,0.01,19.04383749,1,0.0225,19.04383749,0,1.2,19.04383749
21.68,19.03977718,-0.3978808087,19.14461499,20.0393975,19.50252681,0,1,1,0,0.01,19.03977718,1,0.0225,19.03977718,0,1.2,19.03977718
21.69,19.03577032,-0.3871397798,19.07306297,19.90163622,17.28259853,0,1,1,0,0.01,19.03577032,1,0.0225,19.03577032,0,1.2,19.03577032
21.7,19.03162619,-0.428948326,19.01604379,20.34282761,19.35931238,0,1,1,0,0.01,19.03162619,1,0.0225,19.03162619,0,1.2,19.03162619
21.71,19.02735003,-0.4226614722,18.78560337,19.99010256,19.92962517,0,1,1,0,0.01,19.02735003,1,0.0225,19.02735003,0,1.2,19.02735003
21.72,19.02291798,-0.4414941422,19.1188738,20.07575673,19.50687209,0,1,1,0,0.01,19.02291798,1,0.0225,19.02291798,0,1.2,19.02291798
21.73,19.01866608,-0.4145003678,19.03951057,20.08123502,18.83490213,0,1,1,0,0.01,19.01866608,1,0.0225,19.01866608,0,1.2,19.01866608
21.74,19.01453768,-0.4194595181,18.95983005,20.28998783,18.49138523,0,1,1,0,0.01,19.01453768,1,0.0225,19.01453768,0,1.2,19.01453768
21.75,19.01026111,-0.4446557262,18.99198432,20.03139178,20.242111,0,1,1,0,0.01,19.01026111,1,0.0225,19.01026111,0,1.2,19.01026111
21.76,19.00592073,-0.4283920805,19.05372223,19.9656948,18.87684735,0,1,1,0,0.01,19.00592073,1,0.0225,19.00592073,0,1.2,19.00592073
21.77,19.00159021,-0.4252448677,18.95171371,19.96889531,20.35378309,0,1,1,0,0.01,19.00159021,1,0.0225,19.00159021,0,1.2,19.00159021
21.78,18.9973655,-0.4441163626,18.93095354,19.85927316,20.18610026,0,1,1,0,0.01,18.9973655,1,0.0225,18.9973655,0,1.2,18.9973655
21.79,18.99282227,-0.4562496036,19.15889658,20.06082354,17.56444416,0,1,1,0,0.01,18.99282227,1,0.0225,18.99282227,0,1.2,18.99282227
21.8,18.98851667,-0.429892283,18.9060283,19.87289624,18.91227457,0,1,1,0,0.01,18.98851667,1,0.0225,18.98851667,0,1.2,18.98851667
21.81,18.98424814,-0.417571521,19.06391445,20.03959221,18.30488209,0,1,1,0,0.01,18.98424814,1,0.0225,18.98424814,0,1.2,18.98424814
21.82,18.98001659,-0.4325547343,18.97088477,20.18227811,21.06858953,0,1,1,0,0.01,18.98001659,1,0.0225,18.98001659,0,1.2,18.98001659
21.83,18.97592157,-0.4035444126,18.86371247,20.08061546,19.64398637,0,1,1,0,0.01,18.97592157,1,0.0225,18.97592157,0,1.2,18.97592157
21.84,18.97183841,-0.4049195301,19.04151925,19.835268,20.06515687,0,1,1,0,0.01,18.97183841,1,0.0225,18.97183841,0,1.2,18.97183841
21.85,18.96773671,-0.4025636426,19.05994459,20.02966669,19.24725493,0,1,1,0,0.01,18.96773671,1,0.0225,18.96773671,0,1.2,18.96773671
21.86,18.96397675,-0.3562312965,18.99136822,19.55767519,19.15443838,0,1,1,0,0.01,18.96397675,1,0.0225,18.96397675,0,1.2,18.96397675
21.87,18.96050896,-0.3543247813,18.91916919,19.88233267,19.29723393,0,1,1,0,0.01,18.96050896,1,0.0225,18.96050896,0,1.2,18.96050896
21.88,18.95701639,-0.3493015639,18.93378237,19.7689613,19.59955561,0,1,1,0,0.01,18.95701639,1,0.0225,18.95701639,0,1.2,18.95701639
21.89,18.95336423,-0.3810871434,19.02637668,19.95368899,18.15380367,0,1,1,0,0.01,18.95336423,1,0.0225,18.95336423,0,1.2,18.95336423
21.9,18.94942645,-0.3758389685,19.04144221,19.85269644,18.41930797,0,1,1,0,0.01,18.94942645,1,0.0225,18.94942645,0,1.2,18.94942645
21.91,18.9457195,-0.361107372,19.00874438,19.73050859,17.46242589,0,1,1,0,0.01,18.9457195,1,0.0225,18.9457195,0,1.2,18.9457195
21.92,18.94199571,-0.3817888075,19.08106251,19.84360301,18.25959894,0,1,1,0,0.01,18.94199571,1,0.0225,18.94199571,0,1.2,18.94199571
21.93,18.93840111,-0.363579334,19.05444801,19.64760301,19.51364065,0,1,1,0,0.01,18.93840111,1,0.0225,18.93840111,0,1.2,18.93840111
21.94,18.93490489,-0.3325552534,19.0932754,19.93185145,19.05997765,0,1,1,0,0.01,18.93490489,1,0.0225,18.93490489,0,1.2,18.93490489
21.95,18.9316372,-0.3207736647,18.89644583,19.91670004,18.52602921,0,1,1,0,0.01,18.9316372,1,0.0225,18.9316372,0,1.2,18.9316372
21.96,18.92846748,-0.2934978569,18.99284245,19.92126631,19.8012993,0,1,1,0,0.01,18.92846748,1,0.0225,18.92846748,0,1.2,18.92846748
21.97,18.9254183,-0.2982690683,18.74367645,19.86343881,19.14414415,0,1,1,0,0.01,18.9254183,1,0.0225,18.9254183,0,1.2,18.9254183
21.98,18.92246097,-0.304771123,18.80728706,20.05191383,16.57767731,0,1,1,0,0.01,18.92246097,1,0.0225,18.92246097,0,1.2,18.92246097
21.99,18.91934198,-0.314724528,18.88811905,20.10886217,18.9809746,0,1,1,0,0.01,18.91934198,1,0.0225,18.91934198,0,1.2,18.91934198
22,18.91628823,-0.3240363946,18.79887846,20.10192382,19.14127917,0,1,1,0,0.01,18.91628823,1,0.0225,18.91628823,0,1.2,18.91628823
22.01,18.91304886,-0.3200717022,18.84064799,19.82707115,18.84679694,0,1,1,0,0.01,18.91304886,1,0.0225,18.91304886,0,1.2,18.91304886
22.02,18.90975173,-0.3340416437,18.91186982,19.97517471,19.17706089,0,1,1,0,0.01,18.90975173,1,0.0225,18.90975173,0,1.2,18.90975173
22.03,18.90645038,-0.3175978579,18.9264993,19.92552522,20.00494275,0,1,1,0,0.01,18.90645038,1,0.0225,18.90645038,0,1.2,18.90645038
22.04,18.90324912,-0.3391484928,18.86311398,19.64763813,19.70555945,0,1,1,0,0.01,18.90324912,1,0.0225,18.90324912,0,1.2,18.90324912
22.05,18.89982017,-0.3515225107,18.9296281,20.12595638,18.26508974,0,1,1,0,0.01,18.89982017,1,0.0225,18.89982017,0,1.2,18.89982017
22.06,18.89631231,-0.3580180805,18.94388698,19.81776388,19.29006557,0,1,1,0,0.01,18.89631231,1,0.0225,18.89631231,0,1.2,18.89631231
22.07,18.8929195,-0.3258017161,18.90560773,19.99362746,18.55513825,0,1,1,0,0.01,18.8929195,1,0.0225,18.8929195,0,1.2,18.8929195
22.08,18.88973106,-0.3157895027,18.77233611,19.98016603,19.27609046,0,1,1,0,0.01,18.88973106,1,0.0225,18.88973106,0,1.2,18.88973106
22.09,18.88664272,-0.2843746487,19.09857057,19.76718732,20.60041689,0,1,1,0,0.01,18.88664272,1,0.0225,18.88664272,0,1.2,18.88664272
22.1,18.88360505,-0.3226038393,18.66019988,19.83226382,17.72176286,0,1,1,0,0.01,18.88360505,1,0.0225,18.88360505,0,1.2,18.88360505
22.11,18.88031592,-0.3034115497,18.92370337,19.82172714,17.95079674,0,1,1,0,0.01,18.88031592,1,0.0225,18.88031592,0,1.2,18.88031592
22.12,18.87727625,-0.2820640866,18.8974941,19.79285835,17.69007978,0,1,1,0,0.01,18.87727625,1,0.0225,18.87727625,0,1.2,18.87727625
22.13,18.87467371,-0.2452666168,18.86813519,19.85698291,18.88678544,0,1,1,0,0.01,18.87467371,1,0.0225,18.87467371,0,1.2,18.87467371
22.14,18.87224791,-0.244280419,18.91503134,19.88920417,17.77387934,0,1,1,0,0.01,18.87224791,1,0.0225,18.87224791,0,1.2,18.87224791
22.15,18.86975808,-0.2535686318,18.77555628,20.35934663,21.31967514,0,1,1,0,0.01,18.86975808,1,0.0225,18.86975808,0,1.2,18.86975808
22.16,18.86707681,-0.2531604753,18.99655524,19.414187,18.40283477,0,1,1,0,0.01,18.86707681,1,0.0225,18.86707681,0,1.2,18.86707681
22.17,18.86463089,-0.2425305877,18.76118499,19.85309788,18.59534688,0,1,1,0,0.01,18.86463089,1,0.0225,18.86463089,0,1.2,18.86463089
22.18,18.86226976,-0.2454677062,18.93801903,19.78801016,19.48884609,0,1,1,0,0.01,18.86226976,1,0.0225,18.86226976,0,1.2,18.86226976
22.19,18.85986453,-0.2364205728,18.78600359,20.02539196,17.34422626,0,1,1,0,0.01,18.85986453,1,0.0225,18.85986453,0,1.2,18.85986453
22.2,18.85779413,-0.2064747742,18.7158005,19.6502655,17.61006439,0,1,1,0,0.01,18.85779413,1,0.0225,18.85779413,0,1.2,18.85779413
22.21,18.85576163,-0.205357174,18.81825724,19.74348132,20.81111776,0,1,1,0,0.01,18.85576163,1,0.0225,18.85576163,0,1.2,18.85576163
22.22,18.85374391,-0.1993342356,18.83899453,19.80609635,19.42245209,0,1,1,0,0.01,18.85374391,1,0.0225,18.85374391,0,1.2,18.85374391
22.23,18.85192465,-0.1615519409,18.80975531,19.66903392,18.17152301,0,1,1,0,0.01,18.85192465,1,0.0225,18.85192465,0,1.2,18.85192465
22.24,18.85019325,-0.1787744944,18.87467004,19.95831335,18.72693609,0,1,1,0,0.01,18.85019325,1,0.0225,18.85019325,0,1.2,18.85019325
22.25,18.84841116,-0.1673757664,18.84010233,19.91766804,18.69532982,0,1,1,0,0.01,18.84841116,1,0.0225,18.84841116,0,1.2,18.84841116
22.26,18.84667427,-0.1788205246,18.88236799,19.74074106,18.99597026,0,1,1,0,0.01,18.84667427,1,0.0225,18.84667427,0,1.2,18.84667427
22.27,18.84485215,-0.1873055461,18.69760526,19.59800754,19.14203756,0,1,1,0,0.01,18.84485215,1,0.0225,18.84485215,0,1.2,18.84485215
22.28,18.84290183,-0.2167789078,18.79071973,19.87287165,18.73695779,0,1,1,0,0.01,18.84290183,1,0.0225,18.84290183,0,1.2,18.84290183
22.29,18.84068008,-0.225798054,18.71683152,20.14436598,18.26912925,0,1,1,0,0.01,18.84068008,1,0.0225,18.84068008,0,1.2,18.84068008
22.3,18.83869269,-0.1811776166,18.92629489,19.95320929,20.32619634,0,1,1,0,0.01,18.83869269,1,0.0225,18.83869269,0,1.2,18.83869269
22.31,18.83705911,-0.129478457,18.85395119,19.96878363,17.39612263,0,1,1,0,0.01,18.83705911,1,0.0225,18.83705911,0,1.2,18.83705911
22.32,18.83584935,-0.13299748,18.74622173,19.75009604,18.20801716,0,1,1,0,0.01,18.83584935,1,0.0225,18.83584935,0,1.2,18.83584935
22.33,18.83434809,-0.1637886305,18.57776886,19.51034199,18.32530978,0,1,1,0,0.01,18.83434809,1,0.0225,18.83434809,0,1.2,18.83434809
22.34,18.83240687,-0.2172366504,18.82363454,19.91239843,18.03698601,0,1,1,0,0.01,18.83240687,1,0.0225,18.83240687,0,1.2,18.83240687
22.35,18.83018583,-0.2214414362,18.99308691,19.93671559,18.08979736,0,1,1,0,0.01,18.83018583,1,0.0225,18.83018583,0,1.2,18.83018583
22.36,18.82788899,-0.2405419665,18.80007145,19.95525184,18.93900239,0,1,1,0,0.01,18.82788899,1,0.0225,18.82788899,0,1.2,18.82788899
22.37,18.8254881,-0.2457014368,18.93422313,19.66208201,19.50142229,0,1,1,0,0.01,18.8254881,1,0.0225,18.8254881,0,1.2,18.8254881
22.38,18.82264459,-0.3001051841,18.79907959,19.80445614,15.51939323,0,1,1,0,0.01,18.82264459,1,0.0225,18.82264459,0,1.2,18.82264459
22.39,18.81967731,-0.2945262205,18.81151988,19.80885614,18.4962144,0,1,1,0,0.01,18.81967731,1,0.0225,18.81967731,0,1.2,18.81967731
22.4,18.81686063,-0.2683780444,18.87677092,19.77603131,17.96800473,0,1,1,0,0.01,18.81686063,1,0.0225,18.81686063,0,1.2,18.81686063
22.41,18.81409769,-0.2739321153,18.72439465,19.69003504,20.48737702,0,1,1,0,0.01,18.81409769,1,0.0225,18.81409769,0,1.2,18.81409769
22.42,18.81129789,-0.2667949011,18.98971829,20.0076497,19.3852462,0,1,1,0,0.01,18.81129789,1,0.0225,18.81129789,0,1.2,18.81129789
22.43,18.80866359,-0.2691470953,18.78884889,19.8043709,18.38372609,0,1,1,0,0.01,18.80866359,1,0.0225,18.80866359,0,1.2,18.80866359
22.44,18.80589666,-0.2804096773,18.60878,19.73840717,19.0024853,0,1,1,0,0.01,18.80589666,1,0.0225,18.80589666,0,1.2,18.80589666
22.45,18.80297782,-0.3213917924,18.85089927,19.79422914,17.69990029,0,1,1,0,0.01,18.80297782,1,0.0225,18.80297782,0,1.2,18.80297782
22.46,18.79975416,-0.3199636753,18.76077971,19.7758773,18.38273355,0,1,1,0,0.01,18.79975416,1,0.0225,18.79975416,0,1.2,18.79975416
22.47,18.79664972,-0.2959186101,18.80757662,19.71734637,18.94024524,0,1,1,0,0.01,18.79664972,1,0.0225,18.79664972,0,1.2,18.79664972
22.48,18.79365164,-0.3029695611,18.79156154,19.79368886,15.17693745,0,1,1,0,0.01,18.79365164,1,0.0225,18.79365164,0,1.2,18.79365164
22.49,18.79063407,-0.3130591112,18.91206419,19.58933502,18.18578715,0,1,1,0,0.01,18.79063407,1,0.0225,18.79063407,0,1.2,18.79063407
22.5,18.78751651,-0.3252869482,18.7618596,20.06603706,18.52788707,0,1,1,0,0.01,18.78751651,1,0.0225,18.78751651,0,1.2,18.78751651
22.51,18.78405628,-0.3743662339,18.83445546,19.89004186,19.17732371,0,1,1,0,0.01,18.78405628,1,0.0225,18.78405628,0,1.2,18.78405628
22.52,18.78026673,-0.3832373818,18.68014218,19.80555062,21.26722614,0,1,1,0,0.01,18.78026673,1,0.0225,18.78026673,0,1.2,18.78026673
22.53,18.77643029,-0.3637807797,18.6937333,19.80017611,18.85042108,0,1,1,0,0.01,18.77643029,1,0.0225,18.77643029,0,1.2,18.77643029
22.54,18.77311992,-0.3310256508,18.79472702,19.87650378,18.84866839,0,1,1,0,0.01,18.77311992,1,0.0225,18.77311992,0,1.2,18.77311992
22.55,18.7696682,-0.3306063514,18.75900477,19.4707169,17.22982961,0,1,1,0,0.01,18.7696682,1,0.0225,18.7696682,0,1.2,18.7696682
22.56,18.76634591,-0.326077954,18.75359354,19.92710974,19.63901205,0,1,1,0,0.01,18.76634591,1,0.0225,18.76634591,0,1.2,18.76634591
22.57,18.76324985,-0.3006724884,18.68783759,19.69635709,17.97456375,0,1,1,0,0.01,18.76324985,1,0.0225,18.76324985,0,1.2,18.76324985
22.58,18.76046147,-0.2657052614,18.93126254,19.85140686,17.30590325,0,1,1,0,0.01,18.76046147,1,0.0225,18.76046147,0,1.2,18.76046147
22.59,18.75770673,-0.2999100158,18.67456887,19.94398294,19.36430016,0,1,1,0,0.01,18.75770673,1,0.0225,18.75770673,0,1.2,18.75770673
22.6,18.75475194,-0.2942900212,18.86193322,19.81559679,18.82074088,0,1,1,0,0.01,18.75475194,1,0.0225,18.75475194,0,1.2,18.75475194
22.61,18.75172027,-0.3148417182,18.8438811,19.66321949,17.10914176,0,1,1,0,0.01,18.75172027,1,0.0225,18.75172027,0,1.2,18.75172027
22.62,18.7487566,-0.284739436,18.82546611,20.0886449,20.66994033,0,1,1,0,0.01,18.7487566,1,0.0225,18.7487566,0,1.2,18.7487566
22.63,18.74572955,-0.2966107751,18.6182759,19.33533708,18.27450322,0,1,1,0,0.01,18.74572955,1,0.0225,18.74572955,0,1.2,18.74572955
22.64,18.74248356,-0.3575802217,18.67808473,19.89862022,18.59505117,0,1,1,0,0.01,18.74248356,1,0.0225,18.74248356,0,1.2,18.74248356
22.65,18.73905692,-0.3516363377,18.60251166,19.76099534,17.8151633,0,1,1,0,0.01,18.73905692,1,0.0225,18.73905692,0,1.2,18.73905692
22.66,18.73579531,-0.2925017223,18.77161995,20.03168799,20.90507492,0,1,1,0,0.01,18.73579531,1,0.0225,18.73579531,0,1.2,18.73579531
22.67,18.7328973,-0.2678506659,18.83470389,19.80032914,18.29606045,0,1,1,0,0.01,18.7328973,1,0.0225,18.7328973,0,1.2,18.7328973
22.68,18.73031382,-0.2626182095,18.85026264,19.69959914,19.68658472,0,1,1,0,0.01,18.73031382,1,0.0225,18.73031382,0,1.2,18.73031382
22.69,18.72765124,-0.2692400997,18.74969464,19.73932432,18.4075924,0,1,1,0,0.01,18.72765124,1,0.0225,18.72765124,0,1.2,18.72765124
22.7,18.72513388,-0.2456115085,18.63264032,19.51154886,20.67158489,0,1,1,0,0.01,18.72513388,1,0.0225,18.72513388,0,1.2,18.72513388
22.71,18.72252864,-0.2595968933,18.77080855,19.69288451,18.89610941,0,1,1,0,0.01,18.72252864,1,0.0225,18.72252864,0,1.2,18.72252864
22.72,18.72006872,-0.2272225044,18.66843614,19.60814434,19.81091898,0,1,1,0,0.01,18.72006872,1,0.0225,18.72006872,0,1.2,18.72006872
22.73,18.71781408,-0.2320811978,18.836668,19.52204191,16.97823559,0,1,1,0,0.01,18.71781408,1,0.0225,18.71781408,0,1.2,18.71781408
22.74,18.71546828,-0.2368466176,18.85594622,19.78429066,18.71239582,0,1,1,0,0.01,18.71546828,1,0.0225,18.71546828,0,1.2,18.71546828
22.75,18.71309369,-0.240380868,18.76769814,19.5843765,20.45980284,0,1,1,0,0.01,18.71309369,1,0.0225,18.71309369,0,1.2,18.71309369
22.76,18.71091178,-0.1931579562,18.74017956,19.43469936,17.64689505,0,1,1,0,0.01,18.71091178,1,0.0225,18.71091178,0,1.2,18.71091178
22.77,18.70899459,-0.1913371124,18.79138163,19.87101134,17.2923885,0,1,1,0,0.01,18.70899459,1,0.0225,18.70899459,0,1.2,18.70899459
22.78,18.70705492,-0.2010179502,18.54882691,19.68601972,18.76063171,0,1,1,0,0.01,18.70705492,1,0.0225,18.70705492,0,1.2,18.70705492
22.79,18.70503178,-0.2121262413,18.67233306,19.32346226,17.93292659,0,1,1,0,0.01,18.70503178,1,0.0225,18.70503178,0,1.2,18.70503178
22.8,18.70296482,-0.1971356112,18.82949053,19.79556511,20.36266226,0,1,1,0,0.01,18.70296482,1,0.0225,18.70296482,0,1.2,18.70296482
22.81,18.70101142,-0.1766225403,18.82393574,19.56526431,18.67496259,0,1,1,0,0.01,18.70101142,1,0.0225,18.70101142,0,1.2,18.70101142
22.82,18.69929544,-0.1807757317,18.70270934,20.04818132,19.83586218,0,1,1,0,0.01,18.69929544,1,0.0225,18.69929544,0,1.2,18.69929544
22.83,18.69741203,-0.1941535907,18.70664524,19.59783142,21.69316496,0,1,1,0,0.01,18.69741203,1,0.0225,18.69741203,0,1.2,18.69741203
22.84,18.69545036,-0.1926668579,18.68173244,19.76118961,19.00077104,0,1,1,0,0.01,18.69545036,1,0.0225,18.69545036,0,1.2,18.69545036
22.85,18.69367764,-0.1900624656,18.77583173,19.73866997,20.16343874,0,1,1,0,0.01,18.69367764,1,0.0225,18.69367764,0,1.2,18.69367764
22.86,18.69173446,-0.196400663,18.68735898,19.62826355,18.85599237,0,1,1,0,0.01,18.69173446,1,0.0225,18.69173446,0,1.2,18.69173446
22.87,18.68957055,-0.2266464431,18.72382658,19.40185787,16.67704161,0,1,1,0,0.01,18.68957055,1,0.0225,18.68957055,0,1.2,18.68957055
22.88,18.68713168,-0.2741010634,18.63563156,19.53646515,17.53008173,0,1,1,0,0.01,18.68713168,1,0.0225,18.68713168,0,1.2,18.68713168
22.89,18.68424323,-0.2796254513,18.53750297,19.28023564,19.34518464,0,1,1,0,0.01,18.68424323,1,0.0225,18.68424323,0,1.2,18.68424323
22.9,18.68137446,-0.2640074076,18.72098805,19.76384045,17.49402116,0,1,1,0,0.01,18.68137446,1,0.0225,18.68137446,0,1.2,18.68137446
22.91,18.67870747,-0.2717737473,18.67452833,19.70867876,18.1091642,0,1,1,0,0.01,18.67870747,1,0.0225,18.67870747,0,1.2,18.67870747
22.92,18.6760033,-0.2815150646,18.54170067,19.9318602,16.72833795,0,1,1,0,0.01,18.6760033,1,0.0225,18.6760033,0,1.2,18.6760033
22.93,18.67310969,-0.2956215749,18.71316051,19.53197271,18.59372993,0,1,1,0,0.01,18.67310969,1,0.0225,18.67310969,0,1.2,18.67310969
22.94,18.67016336,-0.3109451752,18.82134819,19.75588507,20.62251996,0,1,1,0,0.01,18.67016336,1,0.0225,18.67016336,0,1.2,18.67016336
22.95,18.66693429,-0.3381555801,18.6755619,19.84866954,18.90145734,0,1,1,0,0.01,18.66693429,1,0.0225,18.66693429,0,1.2,18.66693429
22.96,18.66349467,-0.3404313252,18.80245749,19.49703144,18.24411443,0,1,1,0,0.01,18.66349467,1,0.0225,18.66349467,0,1.2,18.66349467
22.97,18.6599731,-0.3553127384,18.81321339,19.62794111,17.46495112,0,1,1,0,0.01,18.6599731,1,0.0225,18.6599731,0,1.2,18.6599731
22.98,18.65627559,-0.3955965325,18.74370745,19.45022474,20.71648733,0,1,1,0,0.01,18.65627559,1,0.0225,18.65627559,0,1.2,18.65627559
22.99,18.65231344,-0.3937458051,18.48652027,19.62923152,18.00451079,0,1,1,0,0.01,18.65231344,1,0.0225,18.65231344,0,1.2,18.65231344
23,18.64846726,-0.3683409263,18.73432169,19.56620323,19.30920887,0,1,1,0,0.01,18.64846726,1,0.0225,18.64846726,0,1.2,18.64846726
23.01,18.64467307,-0.3947722679,18.58064656,19.57317445,19.31515723,0,1,1,0,0.01,18.64467307,1,0.0225,18.64467307,0,1.2,18.64467307
23.02,18.6406869,-0.3983285574,18.78908843,19.53117528,18.30563065,0,1,1,0,0.01,18.6406869,1,0.0225,18.6406869,0,1.2,18.6406869
23.03,18.63661282,-0.4190477155,18.47465346,19.56018525,18.00041352,0,1,1,0,0.01,18.63661282,1,0.0225,18.63661282,0,1.2,18.63661282
23.04,18.63242856,-0.4128838094,18.48180846,19.67522483,18.47927455,0,1,1,0,0.01,18.63242856,1,0.0225,18.63242856,0,1.2,18.63242856
23.05,18.62820887,-0.4219142766,18.61732868,19.85432208,20.49205585,0,1,1,0,0.01,18.62820887,1,0.0225,18.62820887,0,1.2,18.62820887
23.06,18.6239174,-0.4404019479,18.67569675,19.75185191,20.11358218,0,1,1,0,0.01,18.6239174,1,0.0225,18.6239174,0,1.2,18.6239174
23.07,18.61946515,-0.4542827222,18.57680863,19.56811353,19.31833348,0,1,1,0,0.01,18.61946515,1,0.0225,18.61946515,0,1.2,18.61946515
23.08,18.61485951,-0.4749137935,18.55105362,19.14190664,19.42568324,0,1,1,0,0.01,18.61485951,1,0.0225,18.61485951,0,1.2,18.61485951
23.09,18.60984116,-0.5205062429,18.57176306,19.37340022,19.93153343,0,1,1,0,0.01,18.60984116,1,0.0225,18.60984116,0,1.2,18.60984116
23.1,18.6047028,-0.5203587024,18.53038991,19.43673595,17.33438846,0,1,1,0,0.01,18.6047028,1,0.0225,18.6047028,0,1.2,18.6047028
23.11,18.59954837,-0.5227728657,18.55804545,19.55305144,17.13141003,0,1,1,0,0.01,18.59954837,1,0.0225,18.59954837,0,1.2,18.59954837
23.12,18.59441769,-0.5066283668,18.43511267,19.45287338,20.8152526,0,1,1,0,0.01,18.59441769,1,0.0225,18.59441769,0,1.2,18.59441769
23.13,18.58937376,-0.4977214996,18.53120083,19.73381821,18.16851524,0,1,1,0,0.01,18.58937376,1,0.0225,18.58937376,0,1.2,18.58937376
23.14,18.58458317,-0.4752295968,18.55058117,19.8160364,19.14434717,0,1,1,0,0.01,18.58458317,1,0.0225,18.58458317,0,1.2,18.58458317
23.15,18.57967135,-0.510999847,18.70687216,19.56608032,18.66587835,0,1,1,0,0.01,18.57967135,1,0.0225,18.57967135,0,1.2,18.57967135
23.16,18.57452579,-0.5256606576,18.55094204,19.88150702,17.89834986,0,1,1,0,0.01,18.57452579,1,0.0225,18.57452579,0,1.2,18.57452579
23.17,18.56909187,-0.549664998,18.64461303,19.7482625,18.12115829,0,1,1,0,0.01,18.56909187,1,0.0225,18.56909187,0,1.2,18.56909187
23.18,18.56388966,-0.5026502063,18.69709128,19.72296618,18.13077959,0,1,1,0,0.01,18.56388966,1,0.0225,18.56388966,0,1.2,18.56388966
23.19,18.55911172,-0.472278477,18.66629899,19.44747703,17.64911122,0,1,1,0,0.01,18.55911172,1,0.0225,18.55911172,0,1.2,18.55911172
23.2,18.55446691,-0.4597938155,18.72368223,19.54548019,19.08693429,0,1,1,0,0.01,18.55446691,1,0.0225,18.55446691,0,1.2,18.55446691
23.21,18.5498281,-0.4724382976,18.53923762,19.72504916,18.48393601,0,1,1,0,0.01,18.5498281,1,0.0225,18.5498281,0,1.2,18.5498281
23.22,18.5451277,-0.4676809624,18.47118198,19.31697716,19.00695749,0,1,1,0,0.01,18.5451277,1,0.0225,18.5451277,0,1.2,18.5451277
23.23,18.54045446,-0.4880858617,18.33310007,19.72368205,17.33099266,0,1,1,0,0.01,18.54045446,1,0.0225,18.54045446,0,1.2,18.54045446
23.24,18.53549114,-0.5149202597,18.4851606,19.44767099,19.03525342,0,1,1,0,0.01,18.53549114,1,0.0225,18.53549114,0,1.2,18.53549114
23.25,18.5304606,-0.4780893567,18.53543166,19.32551786,20.56824977,0,1,1,0,0.01,18.5304606,1,0.0225,18.5304606,0,1.2,18.5304606
23.26,18.52560093,-0.4878408485,18.47239751,19.52666015,18.12563759,0,1,1,0,0.01,18.52560093,1,0.0225,18.52560093,0,1.2,18.52560093
23.27,18.52089362,-0.459849041,18.36174644,19.4016316,18.43403476,0,1,1,0,0.01,18.52089362,1,0.0225,18.52089362,0,1.2,18.52089362
23.28,18.51638685,-0.4453974229,18.45166414,19.58619023,20.30837115,0,1,1,0,0.01,18.51638685,1,0.0225,18.51638685,0,1.2,18.51638685
23.29,18.51188629,-0.4598359852,18.48408691,19.46769047,18.19157511,0,1,1,0,0.01,18.51188629,1,0.0225,18.51188629,0,1.2,18.51188629
23.3,18.50735356,-0.4390228103,18.5489063,19.52957501,19.20150089,0,1,1,0,0.01,18.50735356,1,0.0225,18.50735356,0,1.2,18.50735356
23.31,18.50292437,-0.4244401107,18.55881025,19.4683244,19.36605545,0,1,1,0,0.01,18.50292437,1,0.0225,18.50292437,0,1.2,18.50292437
23.32,18.49849716,-0.4383303242,18.50392234,19.60453166,19.39837402,0,1,1,0,0.01,18.49849716,1,0.0225,18.49849716,0,1.2,18.49849716
23.33,18.49411751,-0.4579801053,18.49666266,19.22687906,19.17297274,0,1,1,0,0.01,18.49411751,1,0.0225,18.49411751,0,1.2,18.49411751
23.34,18.48947234,-0.4750819145,18.29369788,19.67678284,19.81587741,0,1,1,0,0.01,18.48947234,1,0.0225,18.48947234,0,1.2,18.48947234
23.35,18.48485238,-0.4296279245,18.60171589,19.79368335,18.69853807,0,1,1,0,0.01,18.48485238,1,0.0225,18.48485238,0,1.2,18.48485238
23.36,18.4805455,-0.443318009,18.52207511,19.64341667,18.36802948,0,1,1,0,0.01,18.4805455,1,0.0225,18.4805455,0,1.2,18.4805455
23.37,18.4762501,-0.4269843456,18.34403353,19.5215362,20.49646254,0,1,1,0,0.01,18.4762501,1,0.0225,18.4762501,0,1.2,18.4762501
23.38,18.47208044,-0.4134308622,18.22268956,19.40719295,18.65269459,0,1,1,0,0.01,18.47208044,1,0.0225,18.47208044,0,1.2,18.47208044
23.39,18.4678706,-0.4234948642,18.38678445,19.21368795,20.29649909,0,1,1,0,0.01,18.4678706,1,0.0225,18.4678706,0,1.2,18.4678706
23.4,18.46362612,-0.4145594881,18.26791658,19.40876678,18.36270271,0,1,1,0,0.01,18.46362612,1,0.0225,18.46362612,0,1.2,18.46362612
23.41,18.45943099,-0.4143976185,18.47765776,19.26899319,15.01569714,0,1,1,0,0.01,18.45943099,1,0.0225,18.45943099,0,1.2,18.45943099
23.42,18.45542174,-0.37680491,18.39767711,19.31853195,19.54671796,0,1,1,0,0.01,18.45542174,1,0.0225,18.45542174,0,1.2,18.45542174
23.43,18.45158552,-0.3734710222,18.55681553,19.47021329,17.58692744,0,1,1,0,0.01,18.45158552,1,0.0225,18.45158552,0,1.2,18.45158552
23.44,18.44786831,-0.3892095949,18.32264734,19.23733355,20.59157591,0,1,1,0,0.01,18.44786831,1,0.0225,18.44786831,0,1.2,18.44786831
23.45,18.44393138,-0.397136202,18.25507375,19.2385916,18.10321534,0,1,1,0,0.01,18.44393138,1,0.0225,18.44393138,0,1.2,18.44393138
23.46,18.43987122,-0.4233202459,18.30487056,19.65653871,20.18283389,0,1,1,0,0.01,18.43987122,1,0.0225,18.43987122,0,1.2,18.43987122
23.47,18.43556922,-0.4226099652,18.35295133,19.43855374,18.34203633,0,1,1,0,0.01,18.43556922,1,0.0225,18.43556922,0,1.2,18.43556922
23.48,18.43144181,-0.4015305453,18.54781469,19.42282529,20.21885367,0,1,1,0,0.01,18.43144181,1,0.0225,18.43144181,0,1.2,18.43144181
23.49,18.42755423,-0.3823714885,18.4095414,19.63795337,18.86473192,0,1,1,0,0.01,18.42755423,1,0.0225,18.42755423,0,1.2,18.42755423
23.5,18.42361618,-0.401827036,18.47463745,19.31632118,19.58165608,0,1,1,0,0.01,18.42361618,1,0.0225,18.42361618,0,1.2,18.42361618
23.51,18.41953857,-0.4361127031,18.45054215,19.49471595,20.15838853,0,1,1,0,0.01,18.41953857,1,0.0225,18.41953857,0,1.2,18.41953857
23.52,18.41520361,-0.4390851894,18.49255207,19.28603173,17.85522051,0,1,1,0,0.01,18.41520361,1,0.0225,18.41520361,0,1.2,18.41520361
23.53,18.41071795,-0.4468993384,18.33235412,19.29122718,19.65709949,0,1,1,0,0.01,18.41071795,1,0.0225,18.41071795,0,1.2,18.41071795
23.54,18.40613059,-0.461252348,18.49209613,19.41015086,19.13438525,0,1,1,0,0.01,18.40613059,1,0.0225,18.40613059,0,1.2,18.40613059
23.55,18.40168543,-0.4393179179,18.35055641,19.24519668,16.88477809,0,1,1,0,0.01,18.40168543,1,0.0225,18.40168543,0,1.2,18.40168543
23.56,18.39744058,-0.405853645,18.3393242,19.56408275,19.22341157,0,1,1,0,0.01,18.39744058,1,0.0225,18.39744058,0,1.2,18.39744058
23.57,18.39327662,-0.4147015557,18.45780201,19.45968224,17.47223487,0,1,1,0,0.01,18.39327662,1,0.0225,18.39327662,0,1.2,18.39327662
23.58,18.38909435,-0.3959314028,18.32626473,18.97536725,18.3879594,0,1,1,0,0.01,18.38909435,1,0.0225,18.38909435,0,1.2,18.38909435
23.59,18.38497707,-0.4206970996,18.22775375,19.28177775,17.5506454,0,1,1,0,0.01,18.38497707,1,0.0225,18.38497707,0,1.2,18.38497707
23.6,18.38065571,-0.4490493361,18.68063141,19.28413973,15.98828715,0,1,1,0,0.01,18.38065571,1,0.0225,18.38065571,0,1.2,18.38065571
23.61,18.37593294,-0.5021262673,18.3681121,19.36461687,18.2271077,0,1,1,0,0.01,18.37593294,1,0.0225,18.37593294,0,1.2,18.37593294
23.62,18.37083337,-0.5108604633,18.50929732,19.51928478,15.74864293,0,1,1,0,0.01,18.37083337,1,0.0225,18.37083337,0,1.2,18.37083337
23.63,18.36583649,-0.5028882212,18.38153603,19.30168893,19.69269205,0,1,1,0,0.01,18.36583649,1,0.0225,18.36583649,0,1.2,18.36583649
23.64,18.36076447,-0.5178009376,18.09113007,19.07294272,18.00803548,0,1,1,0,0.01,18.36076447,1,0.0225,18.36076447,0,1.2,18.36076447
23.65,18.35552206,-0.5247965365,18.38895532,19.43093495,18.80991057,0,1,1,0,0.01,18.35552206,1,0.0225,18.35552206,0,1.2,18.35552206
23.66,18.35034224,-0.5097264215,18.45542183,19.44144776,19.12352082,0,1,1,0,0.01,18.35034224,1,0.0225,18.35034224,0,1.2,18.35034224
23.67,18.34514634,-0.5074337061,18.44986846,19.21706433,17.2595437,0,1,1,0,0.01,18.34514634,1,0.0225,18.34514634,0,1.2,18.34514634
23.68,18.3401145,-0.5013177095,18.39639929,19.31946531,18.21120361,0,1,1,0,0.01,18.3401145,1,0.0225,18.3401145,0,1.2,18.3401145
23.69,18.33523453,-0.4761505818,18.29224246,19.46305625,19.71394866,0,1,1,0,0.01,18.33523453,1,0.0225,18.33523453,0,1.2,18.33523453
23.7,18.33046289,-0.4899899883,18.26939828,19.49829174,18.17588029,0,1,1,0,0.01,18.33046289,1,0.0225,18.33046289,0,1.2,18.33046289
23.71,18.32550773,-0.4968523492,18.36611164,19.28734831,17.23204749,0,1,1,0,0.01,18.32550773,1,0.0225,18.32550773,0,1.2,18.32550773
23.72,18.32066902,-0.4584699525,18.36021235,19.1587735,18.65955037,0,1,1,0,0.01,18.32066902,1,0.0225,18.32066902,0,1.2,18.32066902
23.73,18.31593391,-0.4849088289,18.26700461,19.06055925,18.53337314,0,1,1,0,0.01,18.31593391,1,0.0225,18.31593391,0,1.2,18.31593391
23.74,18.31091759,-0.4982154931,18.37217334,19.33819438,18.02480618,0,1,1,0,0.01,18.31091759,1,0.0225,18.31091759,0,1.2,18.31091759
23.75,18.30584328,-0.544972534,18.23204115,19.67009808,19.49432272,0,1,1,0,0.01,18.30584328,1,0.0225,18.30584328,0,1.2,18.30584328
23.76,18.30061111,-0.5067381645,18.42024695,19.10625464,19.18627321,0,1,1,0,0.01,18.30061111,1,0.0225,18.30061111,0,1.2,18.30061111
23.77,18.29560597,-0.4978042991,18.18086761,19.53330806,19.69056903,0,1,1,0,0.01,18.29560597,1,0.0225,18.29560597,0,1.2,18.29560597
23.78,18.29073655,-0.4824331328,18.20244803,19.1876231,17.39028325,0,1,1,0,0.01,18.29073655,1,0.0225,18.29073655,0,1.2,18.29073655
23.79,18.28579674,-0.510369934,18.31047786,19.29380319,17.40354227,0,1,1,0,0.01,18.28579674,1,0.0225,18.28579674,0,1.2,18.28579674
23.8,18.28075866,-0.5025924682,18.25451185,19.25277166,17.30567788,0,1,1,0,0.01,18.28075866,1,0.0225,18.28075866,0,1.2,18.28075866
23.81,18.27569472,-0.4972443506,18.41342191,19.2767681,18.56785104,0,1,1,0,0.01,18.27569472,1,0.0225,18.27569472,0,1.2,18.27569472
23.82,18.27099156,-0.4453774206,18.28040416,19.34154859,19.59586945,0,1,1,0,0.01,18.27099156,1,0.0225,18.27099156,0,1.2,18.27099156
23.83,18.26666938,-0.4440353893,18.26183255,19.38227079,18.60925507,0,1,1,0,0.01,18.26666938,1,0.0225,18.26666938,0,1.2,18.26666938
23.84,18.2624754,-0.3993284576,18.3168285,19.25535592,20.04309626,0,1,1,0,0.01,18.2624754,1,0.0225,18.2624754,0,1.2,18.2624754
23.85,18.25827318,-0.4352251135,18.24724765,19.155098,18.23423032,0,1,1,0,0.01,18.25827318,1,0.0225,18.25827318,0,1.2,18.25827318
23.86,18.25401024,-0.4394604994,18.31171828,19.39870478,17.57004211,0,1,1,0,0.01,18.25401024,1,0.0225,18.25401024,0,1.2,18.25401024
23.87,18.24961008,-0.4204656795,18.35815758,19.43046309,17.79964588,0,1,1,0,0.01,18.24961008,1,0.0225,18.24961008,0,1.2,18.24961008
23.88,18.24525708,-0.4351576003,18.07311264,18.88155782,17.56925221,0,1,1,0,0.01,18.24525708,1,0.0225,18.24525708,0,1.2,18.24525708
23.89,18.24080926,-0.4400155208,18.35109898,19.25045879,18.67119431,0,1,1,0,0.01,18.24080926,1,0.0225,18.24080926,0,1.2,18.24080926
23.9,18.23660518,-0.4092040337,18.31537805,19.22879651,20.30975972,0,1,1,0,0.01,18.23660518,1,0.0225,18.23660518,0,1.2,18.23660518
23.91,18.23215637,-0.4405123026,18.27026897,18.82892566,18.30563777,0,1,1,0,0.01,18.23215637,1,0.0225,18.23215637,0,1.2,18.23215637
23.92,18.22796863,-0.4037356684,18.15463282,19.19976423,19.01899404,0,1,1,0,0.01,18.22796863,1,0.0225,18.22796863,0,1.2,18.22796863
23.93,18.22401368,-0.3748701412,18.24848188,19.40771816,18.4115388,0,1,1,0,0.01,18.22401368,1,0.0225,18.22401368,0,1.2,18.22401368
23.94,18.22043202,-0.3434027393,18.26217508,19.22075356,18.8725472,0,1,1,0,0.01,18.22043202,1,0.0225,18.22043202,0,1.2,18.22043202
23.95,18.2170958,-0.3435349086,18.17356486,19.07859483,19.18527354,0,1,1,0,0.01,18.2170958,1,0.0225,18.2170958,0,1.2,18.2170958
23.96,18.21343776,-0.3850083071,18.14292042,19.22040574,17.52959542,0,1,1,0,0.01,18.21343776,1,0.0225,18.21343776,0,1.2,18.21343776
23.97,18.20969824,-0.3711470701,18.27403222,19.09268415,18.44750412,0,1,1,0,0.01,18.20969824,1,0.0225,18.20969824,0,1.2,18.20969824
23.98,18.20584508,-0.3840321365,18.28129241,19.24115922,17.07309378,0,1,1,0,0.01,18.20584508,1,0.0225,18.20584508,0,1.2,18.20584508
23.99,18.20208105,-0.3856963402,18.10762474,18.97025707,18.16113291,0,1,1,0,0.01,18.20208105,1,0.0225,18.20208105,0,1.2,18.20208105
24,18.19843578,-0.3601859555,18.18040721,19.01343398,17.57289758,0,1,1,0,0.01,18.19843578,1,0.0225,18.19843578,0,1.2,18.19843578
24.01,18.19475683,-0.36942194,18.22044714,19.23098169,19.74852022,0,1,1,0,0.01,18.19475683,1,0.0225,18.19475683,0,1.2,18.19475683
24.02,18.19097941,-0.3974018897,18.34460982,19.25372546,17.16140439,0,1,1,0,0.01,18.19097941,1,0.0225,18.19097941,0,1.2,18.19097941
24.03,18.18704356,-0.3963089356,18.22533219,18.9796241,17.43320943,0,1,1,0,0.01,18.18704356,1,0.0225,18.18704356,0,1.2,18.18704356
24.04,18.18305309,-0.4134885001,18.11717981,19.13249845,17.18005778,0,1,1,0,0.01,18.18305309,1,0.0225,18.18305309,0,1.2,18.18305309
24.05,18.17889556,-0.4001780834,18.03733542,18.99122573,17.37890525,0,1,1,0,0.01,18.17889556,1,0.0225,18.17889556,0,1.2,18.17889556
24.06,18.17492791,-0.3997034232,18.21143202,19.22112857,18.27499315,0,1,1,0,0.01,18.17492791,1,0.0225,18.17492791,0,1.2,18.17492791
24.07,18.17096455,-0.4025715436,18.24853584,19.15984094,18.4074279,0,1,1,0,0.01,18.17096455,1,0.0225,18.17096455,0,1.2,18.17096455
24.08,18.16689503,-0.4150575688,18.11597609,19.1289054,18.48262298,0,1,1,0,0.01,18.16689503,1,0.0225,18.16689503,0,1.2,18.16689503
24.09,18.1625814,-0.4388043322,18.14737335,18.95432488,18.15038882,0,1,1,0,0.01,18.1625814,1,0.0225,18.1625814,0,1.2,18.1625814
24.1,18.15800025,-0.4526443343,18.01856315,19.1039102,18.06388842,0,1,1,0,0.01,18.15800025,1,0.0225,18.15800025,0,1.2,18.15800025
24.11,18.15347593,-0.4670632462,18.25415617,19.20570799,19.10770392,0,1,1,0,0.01,18.15347593,1,0.0225,18.15347593,0,1.2,18.15347593
24.12,18.14882322,-0.4586262416,18.18561345,19.05134468,19.38453145,0,1,1,0,0.01,18.14882322,1,0.0225,18.14882322,0,1.2,18.14882322
24.13,18.14425918,-0.4507547545,18.28451488,18.71351091,19.13518868,0,1,1,0,0.01,18.14425918,1,0.0225,18.14425918,0,1.2,18.14425918
24.14,18.1395207,-0.4710810393,17.98883895,18.86647266,17.61823279,0,1,1,0,0.01,18.1395207,1,0.0225,18.1395207,0,1.2,18.1395207
24.15,18.13464271,-0.499213663,18.06335891,19.16602014,19.00248201,0,1,1,0,0.01,18.13464271,1,0.0225,18.13464271,0,1.2,18.13464271
24.16,18.12950983,-0.5064620446,18.26153554,19.27128563,15.64569477,0,1,1,0,0.01,18.12950983,1,0.0225,18.12950983,0,1.2,18.12950983
24.17,18.12446532,-0.5084730446,18.10330449,19.28009999,18.27457131,0,1,1,0,0.01,18.12446532,1,0.0225,18.12446532,0,1.2,18.12446532
24.18,18.11926835,-0.5235415766,18.08760728,19.00655013,17.89276383,0,1,1,0,0.01,18.11926835,1,0.0225,18.11926835,0,1.2,18.11926835
24.19,18.11399608,-0.5295810603,17.98811539,19.31099222,16.13639961,0,1,1,0,0.01,18.11399608,1,0.0225,18.11399608,0,1.2,18.11399608
24.2,18.10858697,-0.5506381015,17.97854636,19.14545944,18.06191353,0,1,1,0,0.01,18.10858697,1,0.0225,18.10858697,0,1.2,18.10858697
24.21,18.10307173,-0.5640212298,18.01803337,19.16273108,18.57611966,0,1,1,0,0.01,18.10307173,1,0.0225,18.10307173,0,1.2,18.10307173
24.22,18.097298,-0.5905260466,18.14446602,19.110699,19.87508997,0,1,1,0,0.01,18.097298,1,0.0225,18.097298,0,1.2,18.097298
24.23,18.09142276,-0.5948932013,18.04365548,19.28268503,17.52153316,0,1,1,0,0.01,18.09142276,1,0.0225,18.09142276,0,1.2,18.09142276
24.24,18.08548422,-0.5951549625,18.03236384,19.0080522,17.15224913,0,1,1,0,0.01,18.08548422,1,0.0225,18.08548422,0,1.2,18.08548422
24.25,18.07958582,-0.5675641961,17.98303792,19.06047415,17.31502399,0,1,1,0,0.01,18.07958582,1,0.0225,18.07958582,0,1.2,18.07958582
24.26,18.07388603,-0.5572037833,17.96165636,19.08909457,17.85350776,0,1,1,0,0.01,18.07388603,1,0.0225,18.07388603,0,1.2,18.07388603
24.27,18.06838573,-0.5394362145,18.1776558,19.08371884,17.97514103,0,1,1,0,0.01,18.06838573,1,0.0225,18.06838573,0,1.2,18.06838573
24.28,18.06304049,-0.52874576,18.0117702,19.03224405,18.28546221,0,1,1,0,0.01,18.06304049,1,0.0225,18.06304049,0,1.2,18.06304049
24.29,18.05784151,-0.5081896654,18.07604209,18.99955516,16.87026941,0,1,1,0,0.01,18.05784151,1,0.0225,18.05784151,0,1.2,18.05784151
24.3,18.05270867,-0.5221725615,18.15881653,18.83120793,20.78572874,0,1,1,0,0.01,18.05270867,1,0.0225,18.05270867,0,1.2,18.05270867
24.31,18.04725492,-0.5667953717,17.95015987,19.15889388,18.29495346,0,1,1,0,0.01,18.04725492,1,0.0225,18.04725492,0,1.2,18.04725492
24.32,18.04148552,-0.5809602159,18.03542015,19.06263808,17.4206224,0,1,1,0,0.01,18.04148552,1,0.0225,18.04148552,0,1.2,18.04148552
24.33,18.03580222,-0.5667592961,17.83466536,19.15631799,17.82908843,0,1,1,0,0.01,18.03580222,1,0.0225,18.03580222,0,1.2,18.03580222
24.34,18.03007068,-0.5716962986,18.0799918,19.27575849,16.08979823,0,1,1,0,0.01,18.03007068,1,0.0225,18.03007068,0,1.2,18.03007068
24.35,18.0244713,-0.5435774072,18.02427154,19.13690043,18.54504338,0,1,1,0,0.01,18.0244713,1,0.0225,18.0244713,0,1.2,18.0244713
24.36,18.01925416,-0.4967347378,18.10065079,18.91022196,18.48678002,0,1,1,0,0.01,18.01925416,1,0.0225,18.01925416,0,1.2,18.01925416
24.37,18.014316,-0.5212100906,18.08401654,19.01302752,17.65691906,0,1,1,0,0.01,18.014316,1,0.0225,18.014316,0,1.2,18.014316
24.38,18.00908062,-0.5412335594,18.18783775,18.62733363,17.42705967,0,1,1,0,0.01,18.00908062,1,0.0225,18.00908062,0,1.2,18.00908062
24.39,18.00367618,-0.5642568366,18.096091,19.16173023,18.09563652,0,1,1,0,0.01,18.00367618,1,0.0225,18.00367618,0,1.2,18.00367618
24.4,17.99810539,-0.5473994196,18.05634819,18.96356604,18.04237073,0,1,1,0,0.01,17.99810539,1,0.0225,17.99810539,0,1.2,17.99810539
24.41,17.9926445,-0.5438319456,18.05002425,18.8333833,16.85282274,0,1,1,0,0.01,17.9926445,1,0.0225,17.9926445,0,1.2,17.9926445
24.42,17.98736365,-0.5043463533,17.7806107,18.94584511,17.40878111,0,1,1,0,0.01,17.98736365,1,0.0225,17.98736365,0,1.2,17.98736365
24.43,17.98209651,-0.5404463954,18.16465107,19.11298379,19.28070701,0,1,1,0,0.01,17.98209651,1,0.0225,17.98209651,0,1.2,17.98209651
24.44,17.97666721,-0.5532378257,17.9188329,19.13862288,18.16941598,0,1,1,0,0.01,17.97666721,1,0.0225,17.97666721,0,1.2,17.97666721
24.45,17.97103401,-0.5396708492,17.96895747,18.85545374,18.54213867,0,1,1,0,0.01,17.97103401,1,0.0225,17.97103401,0,1.2,17.97103401
24.46,17.96552516,-0.5604158384,17.89865755,19.01671489,19.51695142,0,1,1,0,0.01,17.96552516,1,0.0225,17.96552516,0,1.2,17.96552516
24.47,17.96021711,-0.5511459552,17.91935148,19.0854793,17.79891265,0,1,1,0,0.01,17.96021711,1,0.0225,17.96021711,0,1.2,17.96021711
24.48,17.95479202,-0.5300110284,17.88777766,18.88328022,18.43763274,0,1,1,0,0.01,17.95479202,1,0.0225,17.95479202,0,1.2,17.95479202
24.49,17.94949944,-0.5309191724,17.8262239,18.86134234,17.75545955,0,1,1,0,0.01,17.94949944,1,0.0225,17.94949944,0,1.2,17.94949944
24.5,17.94407484,-0.5516524251,18.0072176,18.68022347,16.65118166,0,1,1,0,0.01,17.94407484,1,0.0225,17.94407484,0,1.2,17.94407484
24.51,17.93850246,-0.5591190374,17.89262241,18.75876686,17.66142558,0,1,1,0,0.01,17.93850246,1,0.0225,17.93850246,0,1.2,17.93850246
24.52,17.93284398,-0.5875467169,17.88491495,19.16803924,17.3276129,0,1,1,0,0.01,17.93284398,1,0.0225,17.93284398,0,1.2,17.93284398
24.53,17.92709926,-0.5654050559,17.92828442,18.8340414,18.65920309,0,1,1,0,0.01,17.92709926,1,0.0225,17.92709926,0,1.2,17.92709926
24.54,17.92141035,-0.5830196532,18.05447298,18.72323269,18.85535392,0,1,1,0,0.01,17.92141035,1,0.0225,17.92141035,0,1.2,17.92141035
24.55,17.91547554,-0.5929160278,17.96443912,19.10281207,17.22213234,0,1,1,0,0.01,17.91547554,1,0.0225,17.91547554,0,1.2,17.91547554
24.56,17.90969672,-0.5794573819,17.85698195,18.676568,17.66836314,0,1,1,0,0.01,17.90969672,1,0.0225,17.90969672,0,1.2,17.90969672
24.57,17.90393701,-0.571264252,17.94766951,18.88200298,17.00163769,0,1,1,0,0.01,17.90393701,1,0.0225,17.90393701,0,1.2,17.90393701
24.58,17.89791622,-0.6091691273,17.83445358,18.6569136,19.30433149,0,1,1,0,0.01,17.89791622,1,0.0225,17.89791622,0,1.2,17.89791622
24.59,17.89182958,-0.611121113,17.84380021,18.75010629,18.51142569,0,1,1,0,0.01,17.89182958,1,0.0225,17.89182958,0,1.2,17.89182958
24.6,17.88560387,-0.6262325326,17.9643055,18.63393292,18.54325536,0,1,1,0,0.01,17.88560387,1,0.0225,17.88560387,0,1.2,17.88560387
24.61,17.87951215,-0.6103701001,17.86295681,18.79252998,18.79942651,0,1,1,0,0.01,17.87951215,1,0.0225,17.87951215,0,1.2,17.87951215
24.62,17.87336665,-0.5988802784,17.83783518,18.82669195,18.19682332,0,1,1,0,0.01,17.87336665,1,0.0225,17.87336665,0,1.2,17.87336665
24.63,17.86743045,-0.5963953715,18.05420967,18.94489132,19.6368213,0,1,1,0,0.01,17.86743045,1,0.0225,17.86743045,0,1.2,17.86743045
24.64,17.86168483,-0.5527606526,18.0521033,18.57362112,18.95443554,0,1,1,0,0.01,17.86168483,1,0.0225,17.86168483,0,1.2,17.86168483
24.65,17.85616083,-0.5475460291,18.00570386,18.80503079,19.45958643,0,1,1,0,0.01,17.85616083,1,0.0225,17.85616083,0,1.2,17.85616083
24.66,17.85059175,-0.565485658,17.84966554,18.84166564,17.82975598,0,1,1,0,0.01,17.85059175,1,0.0225,17.85059175,0,1.2,17.85059175
24.67,17.84491243,-0.5678711316,17.87638573,18.64669682,16.26185705,0,1,1,0,0.01,17.84491243,1,0.0225,17.84491243,0,1.2,17.84491243
24.68,17.83914164,-0.6127580238,17.69429578,19.01250266,19.01809878,0,1,1,0,0.01,17.83914164,1,0.0225,17.83914164,0,1.2,17.83914164
24.69,17.83301709,-0.6038806292,17.93702927,18.83962669,18.55710989,0,1,1,0,0.01,17.83301709,1,0.0225,17.83301709,0,1.2,17.83301709
24.7,17.82702682,-0.6049308358,17.75141331,18.76573661,18.06730194,0,1,1,0,0.01,17.82702682,1,0.0225,17.82702682,0,1.2,17.82702682
24.71,17.82093606,-0.6200921247,17.85118883,18.77386672,18.83785781,0,1,1,0,0.01,17.82093606,1,0.0225,17.82093606,0,1.2,17.82093606
24.72,17.81450686,-0.6573817446,17.68176916,18.81206989,17.65881769,0,1,1,0,0.01,17.81450686,1,0.0225,17.81450686,0,1.2,17.81450686
24.73,17.80795181,-0.6757653915,17.71675376,19.03196038,18.55103685,0,1,1,0,0.01,17.80795181,1,0.0225,17.80795181,0,1.2,17.80795181
24.74,17.80137981,-0.649481421,17.9576667,18.78930776,20.50712753,0,1,1,0,0.01,17.80137981,1,0.0225,17.80137981,0,1.2,17.80137981
24.75,17.79493586,-0.6590690229,17.65842439,18.65459357,19.73813293,0,1,1,0,0.01,17.79493586,1,0.0225,17.79493586,0,1.2,17.79493586
24.76,17.78850884,-0.6041569039,17.70755118,18.91319705,20.34457865,0,1,1,0,0.01,17.78850884,1,0.0225,17.78850884,0,1.2,17.78850884
24.77,17.78228073,-0.6466649485,17.77992573,18.76818913,17.55019742,0,1,1,0,0.01,17.78228073,1,0.0225,17.78228073,0,1.2,17.78228073
24.78,17.77579606,-0.6381646262,17.7253851,19.04728515,17.6216019,0,1,1,0,0.01,17.77579606,1,0.0225,17.77579606,0,1.2,17.77579606
24.79,17.76955774,-0.613699256,17.69238673,18.44305202,19.17531566,0,1,1,0,0.01,17.76955774,1,0.0225,17.76955774,0,1.2,17.76955774
24.8,17.76347828,-0.61643828,17.66335369,18.78707543,16.1004085,0,1,1,0,0.01,17.76347828,1,0.0225,17.76347828,0,1.2,17.76347828
24.81,17.75731708,-0.6187959674,17.64890634,18.81617852,17.20569986,0,1,1,0,0.01,17.75731708,1,0.0225,17.75731708,0,1.2,17.75731708
24.82,17.75104246,-0.6498634959,17.51827505,18.80104814,18.34075338,0,1,1,0,0.01,17.75104246,1,0.0225,17.75104246,0,1.2,17.75104246
24.83,17.74449963,-0.6486282648,17.80724337,18.75155682,18.87406433,0,1,1,0,0.01,17.74449963,1,0.0225,17.74449963,0,1.2,17.74449963
24.84,17.73785906,-0.6569667174,17.72816178,18.74008166,18.54120459,0,1,1,0,0.01,17.73785906,1,0.0225,17.73785906,0,1.2,17.73785906
24.85,17.73124319,-0.6607764492,17.62209398,18.78866997,18.46182757,0,1,1,0,0.01,17.73124319,1,0.0225,17.73124319,0,1.2,17.73124319
24.86,17.72459501,-0.6764132788,17.83204783,18.88226272,16.89663885,0,1,1,0,0.01,17.72459501,1,0.0225,17.72459501,0,1.2,17.72459501
24.87,17.71782823,-0.6651678844,17.81733196,18.50941945,19.23859697,0,1,1,0,0.01,17.71782823,1,0.0225,17.71782823,0,1.2,17.71782823
24.88,17.71120428,-0.6597147803,17.92086538,18.71497366,18.43375574,0,1,1,0,0.01,17.71120428,1,0.0225,17.71120428,0,1.2,17.71120428
24.89,17.70464495,-0.6559655947,17.83287108,18.48059865,17.38778684,0,1,1,0,0.01,17.70464495,1,0.0225,17.70464495,0,1.2,17.70464495
24.9,17.69813353,-0.6568884091,17.6758734,18.69031433,17.57248882,0,1,1,0,0.01,17.69813353,1,0.0225,17.69813353,0,1.2,17.69813353
24.91,17.69159433,-0.6685144009,17.77824813,18.69294454,17.91068792,0,1,1,0,0.01,17.69159433,1,0.0225,17.69159433,0,1.2,17.69159433
24.92,17.68512062,-0.6413417374,17.73462847,18.71916935,19.57902828,0,1,1,0,0.01,17.68512062,1,0.0225,17.68512062,0,1.2,17.68512062
24.93,17.67854142,-0.6750562072,17.60016909,18.93032586,17.21819789,0,1,1,0,0.01,17.67854142,1,0.0225,17.67854142,0,1.2,17.67854142
24.94,17.67187983,-0.6539314223,17.81170677,18.55916354,17.49108625,0,1,1,0,0.01,17.67187983,1,0.0225,17.67187983,0,1.2,17.67187983
24.95,17.665105,-0.6825157715,17.55637882,18.88808867,17.76798181,0,1,1,0,0.01,17.665105,1,0.0225,17.665105,0,1.2,17.665105
24.96,17.65849265,-0.664571059,17.44237647,18.90830921,16.59808809,0,1,1,0,0.01,17.65849265,1,0.0225,17.65849265,0,1.2,17.65849265
24.97,17.65193549,-0.6410199128,17.68167746,18.71143528,18.91451889,0,1,1,0,0.01,17.65193549,1,0.0225,17.65193549,0,1.2,17.65193549
24.98,17.64534322,-0.6685956406,17.63038377,18.92922647,18.09055886,0,1,1,0,0.01,17.64534322,1,0.0225,17.64534322,0,1.2,17.64534322
24.99,17.63857504,-0.6854447264,17.55683516,18.57058361,17.67890863,0,1,1,0,0.01,17.63857504,1,0.0225,17.63857504,0,1.2,17.63857504
25,17.63179665,-0.6824448171,17.49290361,18.91383852,16.66830734,0,1,1,0,0.01,17.63179665,1,0.0225,17.63179665,0,1.2,17.63179665
25.01,17.62481151,-0.7334746329,17.64623999,18.56841063,18.13181802,0,1,1,0,0.01,17.62481151,1,0.0225,17.62481151,0,1.2,17.62481151
25.02,17.61730815,-0.7609468435,17.66022788,18.6978382,18.40229019,0,1,1,0,0.01,17.61730815,1,0.0225,17.61730815,0,1.2,17.61730815
25.03,17.60968181,-0.7555421014,17.63488251,18.6399242,17.70668202,0,1,1,0,0.01,17.60968181,1,0.0225,17.60968181,0,1.2,17.60968181
25.04,17.6020505,-0.7761120323,17.58182553,18.31816598,18.05857847,0,1,1,0,0.01,17.6020505,1,0.0225,17.6020505,0,1.2,17.6020505
25.05,17.59458029,-0.7491999313,17.82018876,18.4424755,18.6453271,0,1,1,0,0.01,17.59458029,1,0.0225,17.59458029,0,1.2,17.59458029
25.06,17.58730694,-0.7107207032,17.61340434,18.49518542,16.3162307,0,1,1,0,0.01,17.58730694,1,0.0225,17.58730694,0,1.2,17.58730694
25.07,17.58030181,-0.6997152139,17.53403071,18.5877857,16.42916778,0,1,1,0,0.01,17.58030181,1,0.0225,17.58030181,0,1.2,17.58030181
25.08,17.57336662,-0.6915628858,17.61224113,18.6270217,15.84712814,0,1,1,0,0.01,17.57336662,1,0.0225,17.57336662,0,1.2,17.57336662
25.09,17.56635773,-0.7061351925,17.60275195,18.56755907,17.20768677,0,1,1,0,0.01,17.56635773,1,0.0225,17.56635773,0,1.2,17.56635773
25.1,17.55946425,-0.6999299343,17.52302121,18.62493028,16.3264947,0,1,1,0,0.01,17.55946425,1,0.0225,17.55946425,0,1.2,17.55946425
25.11,17.55255862,-0.6989870384,17.58479731,18.67139726,17.4732991,0,1,1,0,0.01,17.55255862,1,0.0225,17.55255862,0,1.2,17.55255862
25.12,17.54526016,-0.7455603416,17.6698617,18.39393961,17.87250852,0,1,1,0,0.01,17.54526016,1,0.0225,17.54526016,0,1.2,17.54526016
25.13,17.53775428,-0.747454238,17.63574472,18.28962647,15.2428342,0,1,1,0,0.01,17.53775428,1,0.0225,17.53775428,0,1.2,17.53775428
25.14,17.53031734,-0.7490368267,17.52006385,18.44009752,18.21041096,0,1,1,0,0.01,17.53031734,1,0.0225,17.53031734,0,1.2,17.53031734
25.15,17.52291664,-0.7406881134,17.56399603,18.78454932,17.08262018,0,1,1,0,0.01,17.52291664,1,0.0225,17.52291664,0,1.2,17.52291664
25.16,17.51559706,-0.7324028441,17.47234359,18.59555381,18.63584691,0,1,1,0,0.01,17.51559706,1,0.0225,17.51559706,0,1.2,17.51559706
25.17,17.50835896,-0.7130689614,17.71150084,18.39070837,16.98028612,0,1,1,0,0.01,17.50835896,1,0.0225,17.50835896,0,1.2,17.50835896
25.18,17.50128389,-0.7043744209,17.37803113,18.1599329,16.93740251,0,1,1,0,0.01,17.50128389,1,0.0225,17.50128389,0,1.2,17.50128389
25.19,17.49415334,-0.7274554675,17.6193752,18.33055588,18.75828175,0,1,1,0,0.01,17.49415334,1,0.0225,17.49415334,0,1.2,17.49415334
25.2,17.48686268,-0.7309400993,17.50564185,18.51108516,18.76322911,0,1,1,0,0.01,17.48686268,1,0.0225,17.48686268,0,1.2,17.48686268
25.21,17.47962332,-0.7274716845,17.43730789,18.36739498,17.49849818,0,1,1,0,0.01,17.47962332,1,0.0225,17.47962332,0,1.2,17.47962332
25.22,17.47228175,-0.7296397442,17.61128663,18.33782057,16.7524523,0,1,1,0,0.01,17.47228175,1,0.0225,17.47228175,0,1.2,17.47228175
25.23,17.46517498,-0.6965501461,17.48319304,18.3129322,16.54012955,0,1,1,0,0.01,17.46517498,1,0.0225,17.46517498,0,1.2,17.46517498
25.24,17.45817657,-0.7021286288,17.41772194,18.32447386,19.68850307,0,1,1,0,0.01,17.45817657,1,0.0225,17.45817657,0,1.2,17.45817657
25.25,17.45143919,-0.6737081619,17.42948864,18.49390345,16.56128284,0,1,1,0,0.01,17.45143919,1,0.0225,17.45143919,0,1.2,17.45143919
25.26,17.44476189,-0.6460300684,17.50128111,18.46603813,18.45594117,0,1,1,0,0.01,17.44476189,1,0.0225,17.44476189,0,1.2,17.44476189
25.27,17.4383114,-0.6552917367,17.28443712,18.43436941,17.15175317,0,1,1,0,0.01,17.4383114,1,0.0225,17.4383114,0,1.2,17.4383114
25.28,17.43167337,-0.645160494,17.44684151,18.4437514,16.04183811,0,1,1,0,0.01,17.43167337,1,0.0225,17.43167337,0,1.2,17.43167337
25.29,17.42535095,-0.6262080619,17.36333625,18.62546752,15.906442,0,1,1,0,0.01,17.42535095,1,0.0225,17.42535095,0,1.2,17.42535095
25.3,17.41899686,-0.6304210035,17.45841163,18.55113741,18.39473699,0,1,1,0,0.01,17.41899686,1,0.0225,17.41899686,0,1.2,17.41899686
25.31,17.41256782,-0.6371531849,17.39976255,18.37066873,16.51835503,0,1,1,0,0.01,17.41256782,1,0.0225,17.41256782,0,1.2,17.41256782
25.32,17.4063122,-0.6234903367,17.37264754,18.51840537,16.90072595,0,1,1,0,0.01,17.4063122,1,0.0225,17.4063122,0,1.2,17.4063122
25.33,17.40001685,-0.648744159,17.63105084,18.10577058,18.7429922,0,1,1,0,0.01,17.40001685,1,0.0225,17.40001685,0,1.2,17.40001685
25.34,17.39342151,-0.6418658439,17.4586562,18.36943824,17.77552693,0,1,1,0,0.01,17.39342151,1,0.0225,17.39342151,0,1.2,17.39342151
25.35,17.38695354,-0.642320898,17.29225225,18.64946795,16.77901607,0,1,1,0,0.01,17.38695354,1,0.0225,17.38695354,0,1.2,17.38695354
25.36,17.38057973,-0.6334244697,17.42604043,18.28251713,18.73416944,0,1,1,0,0.01,17.38057973,1,0.0225,17.38057973,0,1.2,17.38057973
25.37,17.37401728,-0.6557378686,17.39315848,18.27062985,16.44537521,0,1,1,0,0.01,17.37401728,1,0.0225,17.37401728,0,1.2,17.37401728
25.38,17.36731057,-0.66837328,17.35447361,18.39834417,16.79326867,0,1,1,0,0.01,17.36731057,1,0.0225,17.36731057,0,1.2,17.36731057
25.39,17.36060875,-0.6738923006,17.4361329,18.31373482,17.77543409,0,1,1,0,0.01,17.36060875,1,0.0225,17.36060875,0,1.2,17.36060875
25.4,17.3537465,-0.68409073,17.43858281,18.4112505,17.82388457,0,1,1,0,0.01,17.3537465,1,0.0225,17.3537465,0,1.2,17.3537465
25.41,17.34697361,-0.6643525673,17.4440488,18.27963281,18.01644073,0,1,1,0,0.01,17.34697361,1,0.0225,17.34697361,0,1.2,17.34697361
25.42,17.34027703,-0.6717083744,17.37551602,18.29460714,18.37517253,0,1,1,0,0.01,17.34027703,1,0.0225,17.34027703,0,1.2,17.34027703
25.43,17.33336158,-0.7011032987,17.14032934,18.31205591,18.04254546,0,1,1,0,0.01,17.33336158,1,0.0225,17.33336158,0,1.2,17.33336158
25.44,17.32645734,-0.6855246162,17.39929761,18.44853142,18.87527489,0,1,1,0,0.01,17.32645734,1,0.0225,17.32645734,0,1.2,17.32645734
25.45,17.31962159,-0.6761566482,17.3459343,18.08338451,15.28397723,0,1,1,0,0.01,17.31962159,1,0.0225,17.31962159,0,1.2,17.31962159
25.46,17.31304678,-0.6407560165,17.25407158,18.44009462,18.9352269,0,1,1,0,0.01,17.31304678,1,0.0225,17.31304678,0,1.2,17.31304678
25.47,17.30658154,-0.6482748311,17.39741234,18.53526182,18.48769529,0,1,1,0,0.01,17.30658154,1,0.0225,17.30658154,0,1.2,17.30658154
25.48,17.300334,-0.6097236469,17.11926364,18.36889033,17.10546464,0,1,1,0,0.01,17.300334,1,0.0225,17.300334,0,1.2,17.300334
25.49,17.29427131,-0.5965646693,17.38687741,18.40589645,18.84650095,0,1,1,0,0.01,17.29427131,1,0.0225,17.29427131,0,1.2,17.29427131
25.5,17.28832253,-0.590602731,17.36715591,18.26453442,17.53144756,0,1,1,0,0.01,17.28832253,1,0.0225,17.28832253,0,1.2,17.28832253
25.51,17.28227744,-0.6332340414,17.25394298,18.11554765,18.64528295,0,1,1,0,0.01,17.28227744,1,0.0225,17.28227744,0,1.2,17.28227744
25.52,17.27627604,-0.6050717705,17.25331734,18.29623573,17.17496962,0,1,1,0,0.01,17.27627604,1,0.0225,17.27627604,0,1.2,17.27627604
25.53,17.27039443,-0.5898614629,17.42574703,18.31084069,18.3185141,0,1,1,0,0.01,17.27039443,1,0.0225,17.27039443,0,1.2,17.27039443
25.54,17.26446671,-0.5997559416,17.34388187,18.19990669,16.91897963,0,1,1,0,0.01,17.26446671,1,0.0225,17.26446671,0,1.2,17.26446671
25.55,17.25836308,-0.6240377074,17.36189871,18.21017541,18.39048559,0,1,1,0,0.01,17.25836308,1,0.0225,17.25836308,0,1.2,17.25836308
25.56,17.25216196,-0.6155640776,17.26807074,18.11550455,17.26570859,0,1,1,0,0.01,17.25216196,1,0.0225,17.25216196,0,1.2,17.25216196
25.57,17.24579414,-0.6592943186,17.29512021,18.19609084,19.2947334,0,1,1,0,0.01,17.24579414,1,0.0225,17.24579414,0,1.2,17.24579414
25.58,17.23898782,-0.6782827518,17.36573265,18.18897193,15.32115848,0,1,1,0,0.01,17.23898782,1,0.0225,17.23898782,0,1.2,17.23898782
25.59,17.23237543,-0.6844372791,17.15908042,17.90718689,17.44843078,0,1,1,0,0.01,17.23237543,1,0.0225,17.23237543,0,1.2,17.23237543
25.6,17.22573727,-0.6585620025,17.11287474,18.18196249,17.5891693,0,1,1,0,0.01,17.22573727,1,0.0225,17.22573727,0,1.2,17.22573727
25.61,17.21908917,-0.6662240657,17.3662269,18.38195941,16.49912446,0,1,1,0,0.01,17.21908917,1,0.0225,17.21908917,0,1.2,17.21908917
25.62,17.21228372,-0.6810031071,17.28334055,18.39843252,17.45664804,0,1,1,0,0.01,17.21228372,1,0.0225,17.21228372,0,1.2,17.21228372
25.63,17.20563643,-0.6408518993,17.29940219,18.24188804,15.39236476,0,1,1,0,0.01,17.20563643,1,0.0225,17.20563643,0,1.2,17.20563643
25.64,17.19901428,-0.6593522492,17.07539623,18.19536704,18.94653365,0,1,1,0,0.01,17.19901428,1,0.0225,17.19901428,0,1.2,17.19901428
25.65,17.1923171,-0.6749298575,17.20479127,18.25261715,18.88506666,0,1,1,0,0.01,17.1923171,1,0.0225,17.1923171,0,1.2,17.1923171
25.66,17.1853732,-0.6949486134,17.27497599,18.02672203,17.26457129,0,1,1,0,0.01,17.1853732,1,0.0225,17.1853732,0,1.2,17.1853732
25.67,17.17865941,-0.6645970541,17.05060966,18.4094355,17.84226434,0,1,1,0,0.01,17.17865941,1,0.0225,17.17865941,0,1.2,17.17865941
25.68,17.1719946,-0.6689808972,17.2471345,18.17746935,17.09653657,0,1,1,0,0.01,17.1719946,1,0.0225,17.1719946,0,1.2,17.1719946
25.69,17.16529199,-0.6591658705,17.24057362,17.85583518,16.19516202,0,1,1,0,0.01,17.16529199,1,0.0225,17.16529199,0,1.2,17.16529199
25.7,17.15884215,-0.6339203427,17.33787703,18.20467366,18.47170025,0,1,1,0,0.01,17.15884215,1,0.0225,17.15884215,0,1.2,17.15884215
25.71,17.15229847,-0.6517323634,17.24493798,18.28311068,17.22348678,0,1,1,0,0.01,17.15229847,1,0.0225,17.15229847,0,1.2,17.15229847
25.72,17.14610154,-0.6028079913,17.20932761,17.97534353,16.19128336,0,1,1,0,0.01,17.14610154,1,0.0225,17.14610154,0,1.2,17.14610154
25.73,17.13985875,-0.6220617872,17.0716558,18.13673035,17.70639861,0,1,1,0,0.01,17.13985875,1,0.0225,17.13985875,0,1.2,17.13985875
25.74,17.133567,-0.6341808797,17.1614551,18.1592157,17.34856112,0,1,1,0,0.01,17.133567,1,0.0225,17.133567,0,1.2,17.133567
25.75,17.12722552,-0.6274203219,17.13661114,18.11698419,17.72185985,0,1,1,0,0.01,17.12722552,1,0.0225,17.12722552,0,1.2,17.12722552
25.76,17.12084073,-0.6460758315,17.24709871,17.957552,16.87947768,0,1,1,0,0.01,17.12084073,1,0.0225,17.12084073,0,1.2,17.12084073
25.77,17.11449593,-0.6265391321,17.29994487,17.79432413,17.52742529,0,1,1,0,0.01,17.11449593,1,0.0225,17.11449593,0,1.2,17.11449593
25.78,17.1084148,-0.5923377474,17.06550467,18.24121872,17.73962358,0,1,1,0,0.01,17.1084148,1,0.0225,17.1084148,0,1.2,17.1084148
25.79,17.10255082,-0.5925885982,17.06923662,18.17887238,14.79106896,0,1,1,0,0.01,17.10255082,1,0.0225,17.10255082,0,1.2,17.10255082
25.8,17.0966636,-0.5969732237,17.28860502,17.97499118,17.99088584,0,1,1,0,0.01,17.0966636,1,0.0225,17.0966636,0,1.2,17.0966636
25.81,17.09090311,-0.5554823181,17.01494497,18.14091299,16.47857345,0,1,1,0,0.01,17.09090311,1,0.0225,17.09090311,0,1.2,17.09090311
25.82,17.08521675,-0.5677270481,17.02712289,18.02142575,17.32922964,0,1,1,0,0.01,17.08521675,1,0.0225,17.08521675,0,1.2,17.08521675
25.83,17.07923502,-0.6177735116,17.05297989,18.13509314,18.68481534,0,1,1,0,0.01,17.07923502,1,0.0225,17.07923502,0,1.2,17.07923502
25.84,17.07307886,-0.6166859391,17.09886114,18.08346913,17.24364531,0,1,1,0,0.01,17.07307886,1,0.0225,17.07307886,0,1.2,17.07307886
25.85,17.06684271,-0.6248395708,17.08065849,17.93140659,15.96885159,0,1,1,0,0.01,17.06684271,1,0.0225,17.06684271,0,1.2,17.06684271
25.86,17.06073366,-0.626484871,17.03400331,18.41455052,17.58099935,0,1,1,0,0.01,17.06073366,1,0.0225,17.06073366,0,1.2,17.06073366
25.87,17.05445932,-0.6224251501,17.11426833,17.96324292,18.20228956,0,1,1,0,0.01,17.05445932,1,0.0225,17.05445932,0,1.2,17.05445932
25.88,17.04831465,-0.6094859221,17.14300465,17.9978316,16.68921812,0,1,1,0,0.01,17.04831465,1,0.0225,17.04831465,0,1.2,17.04831465
25.89,17.04212658,-0.622611557,17.10821389,17.96474356,17.84137809,0,1,1,0,0.01,17.04212658,1,0.0225,17.04212658,0,1.2,17.04212658
25.9,17.03593755,-0.6188904128,16.93597993,18.23797567,17.17987871,0,1,1,0,0.01,17.03593755,1,0.0225,17.03593755,0,1.2,17.03593755
25.91,17.02972586,-0.624580842,16.97581459,17.934689,17.6290696,0,1,1,0,0.01,17.02972586,1,0.0225,17.02972586,0,1.2,17.02972586
25.92,17.02337817,-0.6335731682,17.100603,17.93104575,17.94325661,0,1,1,0,0.01,17.02337817,1,0.0225,17.02337817,0,1.2,17.02337817
25.93,17.01702444,-0.6400739918,17.0407553,17.89863404,17.9767263,0,1,1,0,0.01,17.01702444,1,0.0225,17.01702444,0,1.2,17.01702444
25.94,17.01067704,-0.6478325967,16.97436894,17.93347214,17.51775716,0,1,1,0,0.01,17.01067704,1,0.0225,17.01067704,0,1.2,17.01067704
25.95,17.00430842,-0.6340555905,17.04138886,17.74801456,18.44101384,0,1,1,0,0.01,17.00430842,1,0.0225,17.00430842,0,1.2,17.00430842
25.96,16.9980778,-0.6235254923,16.98619503,18.15759883,18.24827639,0,1,1,0,0.01,16.9980778,1,0.0225,16.9980778,0,1.2,16.9980778
25.97,16.99180634,-0.6218894248,17.09034599,17.78660805,14.6070324,0,1,1,0,0.01,16.99180634,1,0.0225,16.99180634,0,1.2,16.99180634
25.98,16.98569981,-0.6110572927,17.11289978,17.6636915,17.14419606,0,1,1,0,0.01,16.98569981,1,0.0225,16.98569981,0,1.2,16.98569981
25.99,16.97954756,-0.6127865164,16.96354985,17.83801849,15.42689746,0,1,1,0,0.01,16.97954756,1,0.0225,16.97954756,0,1.2,16.97954756
26,16.97340823,-0.6207604634,16.95598186,18.14217483,14.6788473,0,1,1,0,0.01,16.97340823,1,0.0225,16.97340823,0,1.2,16.97340823
26.01,16.9671262,-0.6136576439,16.82624957,18.10559941,14.38212503,0,1,1,0,0.01,16.9671262,1,0.0225,16.9671262,0,1.2,16.9671262
26.02,16.96101832,-0.6042840198,17.06907344,17.51556574,15.36795502,0,1,1,0,0.01,16.96101832,1,0.0225,16.96101832,0,1.2,16.96101832
26.03,16.95486934,-0.6398943632,17.02965378,17.86596405,16.07845585,0,1,1,0,0.01,16.95486934,1,0.0225,16.95486934,0,1.2,16.95486934
26.04,16.94846757,-0.6382287684,16.89939954,18.09778028,17.60892286,0,1,1,0,0.01,16.94846757,1,0.0225,16.94846757,0,1.2,16.94846757
26.05,16.94198728,-0.6571922437,16.9500809,18.07585299,17.23971624,0,1,1,0,0.01,16.94198728,1,0.0225,16.94198728,0,1.2,16.94198728
26.06,16.93553607,-0.6390007758,16.69154319,18.04297777,18.31296753,0,1,1,0,0.01,16.93553607,1,0.0225,16.93553607,0,1.2,16.93553607
26.07,16.92917574,-0.6471180148,16.88210728,17.60599081,16.83781972,0,1,1,0,0.01,16.92917574,1,0.0225,16.92917574,0,1.2,16.92917574
26.08,16.92277304,-0.629544991,16.87332583,17.9952006,17.54276415,0,1,1,0,0.01,16.92277304,1,0.0225,16.92277304,0,1.2,16.92277304
26.09,16.91642253,-0.6258945014,16.91835311,17.89531752,18.18078683,0,1,1,0,0.01,16.91642253,1,0.0225,16.91642253,0,1.2,16.91642253
26.1,16.91050836,-0.5692872454,16.79392903,17.83901754,15.71501503,0,1,1,0,0.01,16.91050836,1,0.0225,16.91050836,0,1.2,16.91050836
26.11,16.90480183,-0.5661971422,16.80450178,17.87436178,15.60105512,0,1,1,0,0.01,16.90480183,1,0.0225,16.90480183,0,1.2,16.90480183
26.12,16.89916776,-0.5596713057,17.08556526,17.68671843,17.26018178,0,1,1,0,0.01,16.89916776,1,0.0225,16.89916776,0,1.2,16.89916776
26.13,16.89361006,-0.5529969607,16.76312986,17.7249107,18.2230335,0,1,1,0,0.01,16.89361006,1,0.0225,16.89361006,0,1.2,16.89361006
26.14,16.88802322,-0.5746223484,16.90328039,17.91503687,17.16341999,0,1,1,0,0.01,16.88802322,1,0.0225,16.88802322,0,1.2,16.88802322
26.15,16.88235411,-0.5666852645,16.81557437,17.76500902,15.52971551,0,1,1,0,0.01,16.88235411,1,0.0225,16.88235411,0,1.2,16.88235411
26.16,16.87660646,-0.5586821122,17.08520108,18.03678122,16.72065397,0,1,1,0,0.01,16.87660646,1,0.0225,16.87660646,0,1.2,16.87660646
26.17,16.87112206,-0.5421897375,16.89867846,17.8765888,17.88684317,0,1,1,0,0.01,16.87112206,1,0.0225,16.87112206,0,1.2,16.87112206
26.18,16.86551986,-0.5634567851,16.86340372,17.98860098,16.58514145,0,1,1,0,0.01,16.86551986,1,0.0225,16.86551986,0,1.2,16.86551986
26.19,16.85984015,-0.5661840483,16.7221461,18.20450178,18.43190956,0,1,1,0,0.01,16.85984015,1,0.0225,16.85984015,0,1.2,16.85984015
26.2,16.85396803,-0.5943947894,16.98588109,17.72517107,16.39769314,0,1,1,0,0.01,16.85396803,1,0.0225,16.85396803,0,1.2,16.85396803
26.21,16.84801825,-0.6017726713,16.83985912,17.97861306,16.99285601,0,1,1,0,0.01,16.84801825,1,0.0225,16.84801825,0,1.2,16.84801825
26.22,16.84213691,-0.5743142121,16.8933765,17.88998005,18.35884005,0,1,1,0,0.01,16.84213691,1,0.0225,16.84213691,0,1.2,16.84213691
26.23,16.83637933,-0.5784245346,17.10781998,17.76035458,14.31897326,0,1,1,0,0.01,16.83637933,1,0.0225,16.83637933,0,1.2,16.83637933
26.24,16.83056708,-0.5940580344,16.86652266,17.94074754,16.35839007,0,1,1,0,0.01,16.83056708,1,0.0225,16.83056708,0,1.2,16.83056708
26.25,16.82475384,-0.5859283828,16.90917656,17.89953374,14.57587964,0,1,1,0,0.01,16.82475384,1,0.0225,16.82475384,0,1.2,16.82475384
26.26,16.81889952,-0.5584426066,16.76963634,17.78529105,18.34500982,0,1,1,0,0.01,16.81889952,1,0.0225,16.81889952,0,1.2,16.81889952
26.27,16.81324858,-0.5536410977,16.82376419,17.66078532,17.49967604,0,1,1,0,0.01,16.81324858,1,0.0225,16.81324858,0,1.2,16.81324858
26.28,16.80755038,-0.5832710414,16.7889686,17.80325469,17.02244232,0,1,1,0,0.01,16.80755038,1,0.0225,16.80755038,0,1.2,16.80755038
26.29,16.80158743,-0.60972984,16.82065965,17.70689602,15.77375677,0,1,1,0,0.01,16.80158743,1,0.0225,16.80158743,0,1.2,16.80158743
26.3,16.79539159,-0.6175226453,16.81084566,17.70916019,18.20842691,0,1,1,0,0.01,16.79539159,1,0.0225,16.79539159,0,1.2,16.79539159
26.31,16.78954711,-0.5815102159,16.81647396,17.51731834,15.69350269,0,1,1,0,0.01,16.78954711,1,0.0225,16.78954711,0,1.2,16.78954711
26.32,16.78391929,-0.5510268246,16.73182485,18.04602931,14.68186518,0,1,1,0,0.01,16.78391929,1,0.0225,16.78391929,0,1.2,16.78391929
26.33,16.77830363,-0.5660594617,16.87884694,18.0340728,18.10873893,0,1,1,0,0.01,16.77830363,1,0.0225,16.77830363,0,1.2,16.77830363
26.34,16.77247123,-0.5788035928,16.77644367,17.7140066,16.3013388,0,1,1,0,0.01,16.77247123,1,0.0225,16.77247123,0,1.2,16.77247123
26.35,16.76668107,-0.5886776659,16.71097545,17.77007254,18.05228293,0,1,1,0,0.01,16.76668107,1,0.0225,16.76668107,0,1.2,16.76668107
26.36,16.76105963,-0.5398913471,16.63797959,17.68777001,15.33771509,0,1,1,0,0.01,16.76105963,1,0.0225,16.76105963,0,1.2,16.76105963
26.37,16.75543094,-0.5524585487,16.85212502,17.55405136,17.63986916,0,1,1,0,0.01,16.75543094,1,0.0225,16.75543094,0,1.2,16.75543094
26.38,16.749765,-0.5888727262,16.64959081,18.00901977,17.82677727,0,1,1,0,0.01,16.749765,1,0.0225,16.749765,0,1.2,16.749765
26.39,16.74389872,-0.5860457841,16.8922768,17.70322424,16.79786055,0,1,1,0,0.01,16.74389872,1,0.0225,16.74389872,0,1.2,16.74389872
26.4,16.73803973,-0.5867014019,16.60799919,17.73379764,17.02384609,0,1,1,0,0.01,16.73803973,1,0.0225,16.73803973,0,1.2,16.73803973
26.41,16.73216885,-0.5687841714,16.66126428,17.57135825,14.17464298,0,1,1,0,0.01,16.73216885,1,0.0225,16.73216885,0,1.2,16.73216885
26.42,16.72639362,-0.5700916269,16.74415225,17.56686324,15.81178026,0,1,1,0,0.01,16.72639362,1,0.0225,16.72639362,0,1.2,16.72639362
26.43,16.72062741,-0.5755291754,16.65888287,17.62087422,16.91453135,0,1,1,0,0.01,16.72062741,1,0.0225,16.72062741,0,1.2,16.72062741
26.44,16.71466388,-0.6066326113,16.80204346,17.8994196,16.55707989,0,1,1,0,0.01,16.71466388,1,0.0225,16.71466388,0,1.2,16.71466388
26.45,16.70853919,-0.6079138532,16.71219298,17.60496146,17.19098704,0,1,1,0,0.01,16.70853919,1,0.0225,16.70853919,0,1.2,16.70853919
26.46,16.7024495,-0.6031617641,16.81859197,17.96584818,15.05711244,0,1,1,0,0.01,16.7024495,1,0.0225,16.7024495,0,1.2,16.7024495
26.47,16.69639941,-0.5915000926,16.52412084,17.79993298,16.43757742,0,1,1,0,0.01,16.69639941,1,0.0225,16.69639941,0,1.2,16.69639941
26.48,16.69054232,-0.6110188592,16.68081131,17.74925237,17.12926423,0,1,1,0,0.01,16.69054232,1,0.0225,16.69054232,0,1.2,16.69054232
26.49,16.68450584,-0.5992188059,16.63055865,17.7255027,16.57131351,0,1,1,0,0.01,16.68450584,1,0.0225,16.68450584,0,1.2,16.68450584
26.5,16.67845416,-0.610183404,16.64496741,17.73865642,17.20184453,0,1,1,0,0.01,16.67845416,1,0.0225,16.67845416,0,1.2,16.67845416
26.51,16.67216371,-0.6462802225,16.5142916,17.62964191,15.93394046,0,1,1,0,0.01,16.67216371,1,0.0225,16.67216371,0,1.2,16.67216371
26.52,16.66597322,-0.5988847835,16.64661559,17.68470634,15.68549862,0,1,1,0,0.01,16.66597322,1,0.0225,16.66597322,0,1.2,16.66597322
26.53,16.66015663,-0.5798317041,16.42811574,17.90223872,16.65026013,0,1,1,0,0.01,16.66015663,1,0.0225,16.66015663,0,1.2,16.66015663
26.54,16.65438141,-0.5932889757,16.70516191,17.74941542,15.23195117,0,1,1,0,0.01,16.65438141,1,0.0225,16.65438141,0,1.2,16.65438141
26.55,16.64840016,-0.5923918291,16.64575857,17.75686865,16.5914538,0,1,1,0,0.01,16.64840016,1,0.0225,16.64840016,0,1.2,16.64840016
26.56,16.64275515,-0.5478174741,16.8024947,17.80944837,15.86761211,0,1,1,0,0.01,16.64275515,1,0.0225,16.64275515,0,1.2,16.64275515
26.57,16.63711179,-0.5663769248,16.71773744,17.83233548,17.62746304,0,1,1,0,0.01,16.63711179,1,0.0225,16.63711179,0,1.2,16.63711179
26.58,16.63142528,-0.5669536668,16.48484821,17.7689415,17.47718119,0,1,1,0,0.01,16.63142528,1,0.0225,16.63142528,0,1.2,16.63142528
26.59,16.62557354,-0.5822260016,16.75806087,17.52734709,17.2667531,0,1,1,0,0.01,16.62557354,1,0.0225,16.62557354,0,1.2,16.62557354
26.6,16.61953209,-0.6078711597,16.70396938,17.58546662,17.13677757,0,1,1,0,0.01,16.61953209,1,0.0225,16.61953209,0,1.2,16.61953209
26.61,16.61351357,-0.6111789945,16.50417994,17.52598936,15.68179071,0,1,1,0,0.01,16.61351357,1,0.0225,16.61351357,0,1.2,16.61351357
26.62,16.60745602,-0.6090953345,16.68956712,17.6113951,15.53884168,0,1,1,0,0.01,16.60745602,1,0.0225,16.60745602,0,1.2,16.60745602
26.63,16.60137983,-0.6064337983,16.50132203,17.74854805,14.74011087,0,1,1,0,0.01,16.60137983,1,0.0225,16.60137983,0,1.2,16.60137983
26.64,16.59537551,-0.6087601536,16.47443113,17.77809587,16.69753046,0,1,1,0,0.01,16.59537551,1,0.0225,16.59537551,0,1.2,16.59537551
26.65,16.58928276,-0.6054507404,16.72441944,17.54898361,15.9070568,0,1,1,0,0.01,16.58928276,1,0.0225,16.58928276,0,1.2,16.58928276
26.66,16.58319663,-0.6116493909,16.67508993,17.47479749,16.08918747,0,1,1,0,0.01,16.58319663,1,0.0225,16.58319663,0,1.2,16.58319663
26.67,16.57688386,-0.6490591081,16.59306835,17.55400318,14.84957068,0,1,1,0,0.01,16.57688386,1,0.0225,16.57688386,0,1.2,16.57688386
26.68,16.57049052,-0.6394779445,16.53983412,17.69760277,16.94483918,0,1,1,0,0.01,16.57049052,1,0.0225,16.57049052,0,1.2,16.57049052
26.69,16.56421031,-0.6271609594,16.75405061,17.24554185,18.30176235,0,1,1,0,0.01,16.56421031,1,0.0225,16.56421031,0,1.2,16.56421031
26.7,16.55780098,-0.6295752852,16.48772458,17.43596779,16.54900758,0,1,1,0,0.01,16.55780098,1,0.0225,16.55780098,0,1.2,16.55780098
26.71,16.55165171,-0.604933759,16.62787019,17.65645998,19.94517422,0,1,1,0,0.01,16.55165171,1,0.0225,16.55165171,0,1.2,16.55165171
26.72,16.5457367,-0.5852068427,16.44373099,17.6894985,18.21263372,0,1,1,0,0.01,16.5457367,1,0.0225,16.5457367,0,1.2,16.5457367
26.73,16.53989088,-0.5866708348,16.76527067,17.41033287,15.61024369,0,1,1,0,0.01,16.53989088,1,0.0225,16.53989088,0,1.2,16.53989088
26.74,16.53392069,-0.5997677672,16.35438331,17.64397073,18.80994111,0,1,1,0,0.01,16.53392069,1,0.0225,16.53392069,0,1.2,16.53392069
26.75,16.52788926,-0.6000240282,16.55879576,17.43252098,15.45652458,0,1,1,0,0.01,16.52788926,1,0.0225,16.52788926,0,1.2,16.52788926
26.76,16.52189996,-0.6042345591,16.74449267,17.3618587,18.39617956,0,1,1,0,0.01,16.52189996,1,0.0225,16.52189996,0,1.2,16.52189996
26.77,16.51591453,-0.5777949428,16.59538023,17.73025932,15.63399261,0,1,1,0,0.01,16.51591453,1,0.0225,16.51591453,0,1.2,16.51591453
26.78,16.51038633,-0.5321653453,16.53219195,17.63365633,19.44456014,0,1,1,0,0.01,16.51038633,1,0.0225,16.51038633,0,1.2,16.51038633
26.79,16.50509283,-0.5295079481,16.53443459,17.35708136,17.2399531,0,1,1,0,0.01,16.50509283,1,0.0225,16.50509283,0,1.2,16.50509283
26.8,16.4999807,-0.4957383756,16.49546971,17.33987322,16.02200699,0,1,1,0,0.01,16.4999807,1,0.0225,16.4999807,0,1.2,16.4999807
26.81,16.4949661,-0.5012326071,16.37400276,17.41907807,17.61085598,0,1,1,0,0.01,16.4949661,1,0.0225,16.4949661,0,1.2,16.4949661
26.82,16.48994054,-0.5194488265,16.48181186,17.58056149,15.69243696,0,1,1,0,0.01,16.48994054,1,0.0225,16.48994054,0,1.2,16.48994054
26.83,16.48473728,-0.5219979223,16.55065847,17.37273812,16.38659789,0,1,1,0,0.01,16.48473728,1,0.0225,16.48473728,0,1.2,16.48473728
26.84,16.4797914,-0.4665244516,16.40252438,17.50899629,15.0200528,0,1,1,0,0.01,16.4797914,1,0.0225,16.4797914,0,1.2,16.4797914
26.85,16.47524798,-0.4380574074,16.52321464,17.5711566,15.58191674,0,1,1,0,0.01,16.47524798,1,0.0225,16.47524798,0,1.2,16.47524798
26.86,16.4709216,-0.4553579729,16.46659786,17.46258069,15.8731158,0,1,1,0,0.01,16.4709216,1,0.0225,16.4709216,0,1.2,16.4709216
26.87,16.4662475,-0.4686895156,16.36859844,17.4719355,15.8408117,0,1,1,0,0.01,16.4662475,1,0.0225,16.4662475,0,1.2,16.4662475
26.88,16.46152436,-0.4734405504,16.56474475,17.40005193,17.83623708,0,1,1,0,0.01,16.46152436,1,0.0225,16.46152436,0,1.2,16.46152436
26.89,16.45674255,-0.472857287,16.52338934,17.27357112,15.79744707,0,1,1,0,0.01,16.45674255,1,0.0225,16.45674255,0,1.2,16.45674255
26.9,16.45229399,-0.4249741856,16.57260267,17.61878053,16.08846442,0,1,1,0,0.01,16.45229399,1,0.0225,16.45229399,0,1.2,16.45229399
26.91,16.44784837,-0.4560958422,16.47676365,17.53002621,16.22431882,0,1,1,0,0.01,16.44784837,1,0.0225,16.44784837,0,1.2,16.44784837
26.92,16.4433044,-0.4523973399,16.63221692,17.51457428,14.36359336,0,1,1,0,0.01,16.4433044,1,0.0225,16.4433044,0,1.2,16.4433044
26.93,16.43879191,-0.4450978953,16.4498257,17.67126306,16.59890247,0,1,1,0,0.01,16.43879191,1,0.0225,16.43879191,0,1.2,16.43879191
26.94,16.43430423,-0.4554847783,16.47833921,17.6799766,14.76873909,0,1,1,0,0.01,16.43430423,1,0.0225,16.43430423,0,1.2,16.43430423
26.95,16.42961443,-0.5091506583,16.37512057,17.51984537,16.87884441,0,1,1,0,0.01,16.42961443,1,0.0225,16.42961443,0,1.2,16.42961443
26.96,16.42460034,-0.510899174,16.29926746,17.55546583,16.22061057,0,1,1,0,0.01,16.42460034,1,0.0225,16.42460034,0,1.2,16.42460034
26.97,16.41967887,-0.4759995295,16.23136992,17.1411197,14.54459012,0,1,1,0,0.01,16.41967887,1,0.0225,16.41967887,0,1.2,16.41967887
26.98,16.41501028,-0.4868986306,16.37214273,17.40917717,16.72714317,0,1,1,0,0.01,16.41501028,1,0.0225,16.41501028,0,1.2,16.41501028
26.99,16.41016893,-0.4846431039,16.55278799,17.23978922,17.94988648,0,1,1,0,0.01,16.41016893,1,0.0225,16.41016893,0,1.2,16.41016893
27,16.40540224,-0.4779513493,16.41789758,17.48813355,14.30181372,0,1,1,0,0.01,16.40540224,1,0.0225,16.40540224,0,1.2,16.40540224
27.01,16.40045833,-0.5007536149,16.35675935,17.27063553,16.52639067,0,1,1,0,0.01,16.40045833,1,0.0225,16.40045833,0,1.2,16.40045833
27.02,16.39527206,-0.5241983961,16.2332693,17.49158459,17.22183095,0,1,1,0,0.01,16.39527206,1,0.0225,16.39527206,0,1.2,16.39527206
27.03,16.3900196,-0.5215481153,16.20199317,17.3816811,17.94787075,0,1,1,0,0.01,16.3900196,1,0.0225,16.3900196,0,1.2,16.3900196
27.04,16.38480022,-0.5359904579,16.42096296,17.36332129,16.4073668,0,1,1,0,0.01,16.38480022,1,0.0225,16.38480022,0,1.2,16.38480022
27.05,16.37949905,-0.5456145258,16.18767119,17.66799551,19.98490938,0,1,1,0,0.01,16.37949905,1,0.0225,16.37949905,0,1.2,16.37949905
27.06,16.37406761,-0.546195587,16.39809651,17.31895709,16.38241941,0,1,1,0,0.01,16.37406761,1,0.0225,16.37406761,0,1.2,16.37406761
27.07,16.3688584,-0.5078632588,16.35877608,17.21898249,17.84181086,0,1,1,0,0.01,16.3688584,1,0.0225,16.3688584,0,1.2,16.3688584
27.08,16.36382802,-0.503474464,16.29609627,17.51470346,18.19051761,0,1,1,0,0.01,16.36382802,1,0.0225,16.36382802,0,1.2,16.36382802
27.09,16.35863445,-0.5537780471,16.48030652,17.53975294,14.2812143,0,1,1,0,0.01,16.35863445,1,0.0225,16.35863445,0,1.2,16.35863445
27.1,16.35327635,-0.5296903447,16.38244872,17.59082592,16.38977108,0,1,1,0,0.01,16.35327635,1,0.0225,16.35327635,0,1.2,16.35327635
27.11,16.34812786,-0.5049239463,16.37278181,17.68769073,13.53905151,0,1,1,0,0.01,16.34812786,1,0.0225,16.34812786,0,1.2,16.34812786
27.12,16.3428984,-0.497339581,16.24377357,17.55991679,16.46458858,0,1,1,0,0.01,16.3428984,1,0.0225,16.3428984,0,1.2,16.3428984
27.13,16.33787308,-0.4883420141,16.46555734,17.12134252,14.6231793,0,1,1,0,0.01,16.33787308,1,0.0225,16.33787308,0,1.2,16.33787308
27.14,16.33323534,-0.4569600867,16.18920858,16.98669863,16.61605104,0,1,1,0,0.01,16.33323534,1,0.0225,16.33323534,0,1.2,16.33323534
27.15,16.32868998,-0.4696486674,16.45050873,17.36350559,16.23034206,0,1,1,0,0.01,16.32868998,1,0.0225,16.32868998,0,1.2,16.32868998
27.16,16.32390842,-0.4712102222,16.27385786,17.44093281,17.40865311,0,1,1,0,0.01,16.32390842,1,0.0225,16.32390842,0,1.2,16.32390842
27.17,16.31926856,-0.4578163279,16.3860779,17.34042051,15.31375855,0,1,1,0,0.01,16.31926856,1,0.0225,16.31926856,0,1.2,16.31926856
27.18,16.31473984,-0.442187108,16.42952493,17.48012497,16.00856474,0,1,1,0,0.01,16.31473984,1,0.0225,16.31473984,0,1.2,16.31473984
27.19,16.31015371,-0.4756462592,16.37400688,17.56191259,14.98291158,0,1,1,0,0.01,16.31015371,1,0.0225,16.31015371,0,1.2,16.31015371
27.2,16.30541301,-0.4588220392,16.29342015,17.28020073,16.91574842,0,1,1,0,0.01,16.30541301,1,0.0225,16.30541301,0,1.2,16.30541301
27.21,16.30104632,-0.4241397456,16.27630267,17.38874912,14.47898768,0,1,1,0,0.01,16.30104632,1,0.0225,16.30104632,0,1.2,16.30104632
27.22,16.29693096,-0.3803417062,16.22950599,17.28823271,15.67757136,0,1,1,0,0.01,16.29693096,1,0.0225,16.29693096,0,1.2,16.29693096
27.23,16.2933516,-0.344810024,16.35341907,17.23323859,16.58424555,0,1,1,0,0.01,16.2933516,1,0.0225,16.2933516,0,1.2,16.2933516
27.24,16.28979573,-0.3815029849,16.28190284,17.47042971,16.92359997,0,1,1,0,0.01,16.28979573,1,0.0225,16.28979573,0,1.2,16.28979573
27.25,16.28616821,-0.3575693898,16.31461035,16.93981331,16.75230009,0,1,1,0,0.01,16.28616821,1,0.0225,16.28616821,0,1.2,16.28616821
27.26,16.28247719,-0.3723721084,16.18737509,17.27427761,15.64981115,0,1,1,0,0.01,16.28247719,1,0.0225,16.28247719,0,1.2,16.28247719
27.27,16.27888846,-0.3537201108,16.24275247,17.04614006,15.67066777,0,1,1,0,0.01,16.27888846,1,0.0225,16.27888846,0,1.2,16.27888846
27.28,16.27523535,-0.3641106336,16.23232537,17.20900886,17.1714766,0,1,1,0,0.01,16.27523535,1,0.0225,16.27523535,0,1.2,16.27523535
27.29,16.27160379,-0.3773693124,16.3021824,17.06112152,16.82000477,0,1,1,0,0.01,16.27160379,1,0.0225,16.27160379,0,1.2,16.27160379
27.3,16.26782017,-0.3799723438,16.16555887,17.24420576,14.92870012,0,1,1,0,0.01,16.26782017,1,0.0225,16.26782017,0,1.2,16.26782017
27.31,16.26396274,-0.3778579359,16.1078771,17.24126805,15.73362237,0,1,1,0,0.01,16.26396274,1,0.0225,16.26396274,0,1.2,16.26396274
27.32,16.26010622,-0.4042843009,16.23495959,17.31928655,14.20155307,0,1,1,0,0.01,16.26010622,1,0.0225,16.26010622,0,1.2,16.26010622
27.33,16.25618402,-0.3721039782,16.16105223,17.15821476,14.85117884,0,1,1,0,0.01,16.25618402,1,0.0225,16.25618402,0,1.2,16.25618402
27.34,16.2524852,-0.3599845165,16.13527387,17.18532147,17.75301379,0,1,1,0,0.01,16.2524852,1,0.0225,16.2524852,0,1.2,16.2524852
27.35,16.24908076,-0.3210600097,16.12097082,17.13826017,16.00767956,0,1,1,0,0.01,16.24908076,1,0.0225,16.24908076,0,1.2,16.24908076
27.36,16.24577527,-0.3377018588,16.2165058,17.0057749,16.40320698,0,1,1,0,0.01,16.24577527,1,0.0225,16.24577527,0,1.2,16.24577527
27.37,16.24238588,-0.3424421571,16.35892458,17.31425335,15.71965951,0,1,1,0,0.01,16.24238588,1,0.0225,16.24238588,0,1.2,16.24238588
27.38,16.23880466,-0.3731371072,16.12800021,17.51436079,19.18744447,0,1,1,0,0.01,16.23880466,1,0.0225,16.23880466,0,1.2,16.23880466
27.39,16.23492213,-0.3713471692,16.23674712,17.2593798,15.93340085,0,1,1,0,0.01,16.23492213,1,0.0225,16.23492213,0,1.2,16.23492213
27.4,16.2311785,-0.3776715936,16.23776263,17.30130244,16.5697471,0,1,1,0,0.01,16.2311785,1,0.0225,16.2311785,0,1.2,16.2311785
27.41,16.22733708,-0.3817237858,16.10493084,17.32817097,17.13266238,0,1,1,0,0.01,16.22733708,1,0.0225,16.22733708,0,1.2,16.22733708
27.42,16.22357954,-0.348724304,16.16647891,17.24328218,15.23070304,0,1,1,0,0.01,16.22357954,1,0.0225,16.22357954,0,1.2,16.22357954
27.43,16.21986988,-0.3897853702,16.21461652,17.27781204,16.58148452,0,1,1,0,0.01,16.21986988,1,0.0225,16.21986988,0,1.2,16.21986988
27.44,16.21624915,-0.3257238787,16.05898357,17.13926017,15.17434137,0,1,1,0,0.01,16.21624915,1,0.0225,16.21624915,0,1.2,16.21624915
27.45,16.21293566,-0.3449914234,16.20655912,17.45301726,15.94816363,0,1,1,0,0.01,16.21293566,1,0.0225,16.21293566,0,1.2,16.21293566
27.46,16.2094476,-0.3634647503,16.14649647,17.51936984,15.10314599,0,1,1,0,0.01,16.2094476,1,0.0225,16.2094476,0,1.2,16.2094476
27.47,16.20570203,-0.3810536038,16.28250069,17.18907275,15.94141258,0,1,1,0,0.01,16.20570203,1,0.0225,16.20570203,0,1.2,16.20570203
27.48,16.20200743,-0.3675508903,16.15629325,16.90842046,15.02236535,0,1,1,0,0.01,16.20200743,1,0.0225,16.20200743,0,1.2,16.20200743
27.49,16.19846763,-0.3578858891,16.20293587,17.38207716,16.91632137,0,1,1,0,0.01,16.19846763,1,0.0225,16.19846763,0,1.2,16.19846763
27.5,16.19493068,-0.3592954484,16.34509033,16.93478245,16.55093724,0,1,1,0,0.01,16.19493068,1,0.0225,16.19493068,0,1.2,16.19493068
27.51,16.19141751,-0.3641753178,16.28609298,17.27659912,16.84057444,0,1,1,0,0.01,16.19141751,1,0.0225,16.19141751,0,1.2,16.19141751
27.52,16.18790427,-0.3538398174,16.26396234,17.18881288,17.62802575,0,1,1,0,0.01,16.18790427,1,0.0225,16.18790427,0,1.2,16.18790427
27.53,16.18442337,-0.3501228352,16.15478368,17.20033669,15.53731804,0,1,1,0,0.01,16.18442337,1,0.0225,16.18442337,0,1.2,16.18442337
27.54,16.18108085,-0.3252069854,16.24975861,17.02098636,17.35392901,0,1,1,0,0.01,16.18108085,1,0.0225,16.18108085,0,1.2,16.18108085
27.55,16.17787818,-0.331610492,16.4073617,17.08528443,14.9436968,0,1,1,0,0.01,16.17787818,1,0.0225,16.17787818,0,1.2,16.17787818
27.56,16.17446639,-0.3495437247,16.18281832,17.22974121,15.82757408,0,1,1,0,0.01,16.17446639,1,0.0225,16.17446639,0,1.2,16.17446639
27.57,16.17101026,-0.3485792562,16.12013051,17.57405554,18.20748136,0,1,1,0,0.01,16.17101026,1,0.0225,16.17101026,0,1.2,16.17101026
27.58,16.16753475,-0.3502288918,16.16417302,17.24154674,15.4957381,0,1,1,0,0.01,16.16753475,1,0.0225,16.16753475,0,1.2,16.16753475
27.59,16.16397155,-0.3283552623,16.30459463,16.97889178,15.86132241,0,1,1,0,0.01,16.16397155,1,0.0225,16.16397155,0,1.2,16.16397155
27.6,16.1607995,-0.3084140767,16.14745168,17.22247114,16.56970933,0,1,1,0,0.01,16.1607995,1,0.0225,16.1607995,0,1.2,16.1607995
27.61,16.15776392,-0.2917314556,16.03332699,17.40112455,16.37593778,0,1,1,0,0.01,16.15776392,1,0.0225,16.15776392,0,1.2,16.15776392
27.62,16.1548465,-0.2874673965,16.20116225,17.18581427,16.72724921,0,1,1,0,0.01,16.1548465,1,0.0225,16.1548465,0,1.2,16.1548465
27.63,16.15200081,-0.2841723939,16.16163716,16.88725301,15.55616179,0,1,1,0,0.01,16.15200081,1,0.0225,16.15200081,0,1.2,16.15200081
27.64,16.14923338,-0.2627718507,16.13279818,17.24230353,16.42227074,0,1,1,0,0.01,16.14923338,1,0.0225,16.14923338,0,1.2,16.14923338
27.65,16.14662616,-0.2310345088,16.12540998,17.20306194,16.06277748,0,1,1,0,0.01,16.14662616,1,0.0225,16.14662616,0,1.2,16.14662616
27.66,16.14417856,-0.2519017699,16.26799568,17.11867919,17.25452518,0,1,1,0,0.01,16.14417856,1,0.0225,16.14417856,0,1.2,16.14417856
27.67,16.14176573,-0.2310045402,16.09815388,17.33479867,15.41216918,0,1,1,0,0.01,16.14176573,1,0.0225,16.14176573,0,1.2,16.14176573
27.68,16.13957492,-0.2301017172,16.16331232,17.21457155,16.16017135,0,1,1,0,0.01,16.13957492,1,0.0225,16.13957492,0,1.2,16.13957492
27.69,16.13721771,-0.2471553102,16.05225424,16.97146149,17.80435192,0,1,1,0,0.01,16.13721771,1,0.0225,16.13721771,0,1.2,16.13721771
27.7,16.13458218,-0.2897012513,16.11718118,17.27853532,15.40894021,0,1,1,0,0.01,16.13458218,1,0.0225,16.13458218,0,1.2,16.13458218
27.71,16.1318083,-0.2709502374,16.12421771,17.28567495,17.93987621,0,1,1,0,0.01,16.1318083,1,0.0225,16.1318083,0,1.2,16.1318083
27.72,16.12902151,-0.2824021723,16.15087678,17.29352285,14.09956427,0,1,1,0,0.01,16.12902151,1,0.0225,16.12902151,0,1.2,16.12902151
27.73,16.12604689,-0.3169816623,16.25158527,16.97857802,14.74149352,0,1,1,0,0.01,16.12604689,1,0.0225,16.12604689,0,1.2,16.12604689
27.74,16.12275127,-0.3570075691,15.91073941,17.06965132,15.09157234,0,1,1,0,0.01,16.12275127,1,0.0225,16.12275127,0,1.2,16.12275127
27.75,16.11911515,-0.370829555,16.07798033,17.16978068,15.31554042,0,1,1,0,0.01,16.11911515,1,0.0225,16.11911515,0,1.2,16.11911515
27.76,16.11565433,-0.3489957411,16.29105161,17.01010734,17.35862227,0,1,1,0,0.01,16.11565433,1,0.0225,16.11565433,0,1.2,16.11565433
27.77,16.11205245,-0.3705265647,16.29156144,17.01732327,16.18151895,0,1,1,0,0.01,16.11205245,1,0.0225,16.11205245,0,1.2,16.11205245
27.78,16.10856671,-0.3546515411,16.06045854,17.12257591,15.63723409,0,1,1,0,0.01,16.10856671,1,0.0225,16.10856671,0,1.2,16.10856671
27.79,16.1052547,-0.3115535169,16.21315291,16.87891871,13.74768674,0,1,1,0,0.01,16.1052547,1,0.0225,16.1052547,0,1.2,16.1052547
27.8,16.10214098,-0.3236341287,16.16953919,16.82283319,15.61643988,0,1,1,0,0.01,16.10214098,1,0.0225,16.10214098,0,1.2,16.10214098
27.81,16.09871325,-0.3599576695,16.20262149,17.23342975,16.40323251,0,1,1,0,0.01,16.09871325,1,0.0225,16.09871325,0,1.2,16.09871325
27.82,16.09499779,-0.3807297344,15.87251755,17.11081528,15.16014956,0,1,1,0,0.01,16.09499779,1,0.0225,16.09499779,0,1.2,16.09499779
27.83,16.09124095,-0.38503015,16.18689078,16.77233681,17.03654384,0,1,1,0,0.01,16.09124095,1,0.0225,16.09124095,0,1.2,16.09124095
27.84,16.08733528,-0.3964871306,16.1555282,17.08734531,14.09432834,0,1,1,0,0.01,16.08733528,1,0.0225,16.08733528,0,1.2,16.08733528
27.85,16.08331452,-0.4034686276,16.16083778,17.16611023,14.20579344,0,1,1,0,0.01,16.08331452,1,0.0225,16.08331452,0,1.2,16.08331452
27.86,16.07902832,-0.4475818647,16.27907499,16.94945002,14.29092859,0,1,1,0,0.01,16.07902832,1,0.0225,16.07902832,0,1.2,16.07902832
27.87,16.0747514,-0.408381018,16.10441106,17.09593035,16.31316806,0,1,1,0,0.01,16.0747514,1,0.0225,16.0747514,0,1.2,16.0747514
27.88,16.07076362,-0.4122814112,16.19931936,17.22285234,15.36891879,0,1,1,0,0.01,16.07076362,1,0.0225,16.07076362,0,1.2,16.07076362
27.89,16.06671716,-0.3912269105,16.15195473,17.13648324,15.34272148,0,1,1,0,0.01,16.06671716,1,0.0225,16.06671716,0,1.2,16.06671716
27.9,16.062777,-0.3966988074,16.04409101,16.94141167,16.32600787,0,1,1,0,0.01,16.062777,1,0.0225,16.062777,0,1.2,16.062777
27.91,16.0590226,-0.3672082911,16.16412682,17.05854624,16.3864222,0,1,1,0,0.01,16.0590226,1,0.0225,16.0590226,0,1.2,16.0590226
27.92,16.05535733,-0.3689096408,16.07573571,16.8371147,16.33843819,0,1,1,0,0.01,16.05535733,1,0.0225,16.05535733,0,1.2,16.05535733
27.93,16.05155915,-0.3882847798,15.99738938,17.15375535,16.58068336,0,1,1,0,0.01,16.05155915,1,0.0225,16.05155915,0,1.2,16.05155915
27.94,16.04770924,-0.4005805663,15.96791182,16.9248609,16.27684789,0,1,1,0,0.01,16.04770924,1,0.0225,16.04770924,0,1.2,16.04770924
27.95,16.04368581,-0.3899357901,16.00559569,17.21730724,15.21587453,0,1,1,0,0.01,16.04368581,1,0.0225,16.04368581,0,1.2,16.04368581
27.96,16.04006446,-0.3378201912,15.90982729,16.98631314,14.75591854,0,1,1,0,0.01,16.04006446,1,0.0225,16.04006446,0,1.2,16.04006446
27.97,16.0367084,-0.337948487,16.19971938,16.99002729,17.01041725,0,1,1,0,0.01,16.0367084,1,0.0225,16.0367084,0,1.2,16.0367084
27.98,16.03323437,-0.3560448624,16.07993957,17.09589535,16.11006358,0,1,1,0,0.01,16.03323437,1,0.0225,16.03323437,0,1.2,16.03323437
27.99,16.02959113,-0.3819917794,15.94953181,17.1553757,13.26360132,0,1,1,0,0.01,16.02959113,1,0.0225,16.02959113,0,1.2,16.02959113
28,16.02582842,-0.3696396274,15.92351103,16.95643155,18.21353463,0,1,1,0,0.01,16.02582842,1,0.0225,16.02582842,0,1.2,16.02582842
28.01,16.02202487,-0.3801706898,16.14729347,17.14426096,16.42188579,0,1,1,0,0.01,16.02202487,1,0.0225,16.02202487,0,1.2,16.02202487
28.02,16.01809237,-0.3815794617,15.96494472,16.91408594,17.29981401,0,1,1,0,0.01,16.01809237,1,0.0225,16.01809237,0,1.2,16.01809237
28.03,16.01432559,-0.3894406293,16.07270167,17.03646328,15.42918122,0,1,1,0,0.01,16.01432559,1,0.0225,16.01432559,0,1.2,16.01432559
28.04,16.01030529,-0.4120889526,15.91588439,16.91075278,14.34571157,0,1,1,0,0.01,16.01030529,1,0.0225,16.01030529,0,1.2,16.01030529
28.05,16.00620362,-0.4071964855,16.13817446,17.03743351,17.34203777,0,1,1,0,0.01,16.00620362,1,0.0225,16.00620362,0,1.2,16.00620362
28.06,16.00225102,-0.3592861573,15.96787833,17.24699233,15.34080552,0,1,1,0,0.01,16.00225102,1,0.0225,16.00225102,0,1.2,16.00225102
28.07,15.99875256,-0.3493410612,16.11339445,16.91453404,16.89324226,0,1,1,0,0.01,15.99875256,1,0.0225,15.99875256,0,1.2,15.99875256
28.08,15.99534541,-0.3312708981,16.1721601,16.72765752,14.78597801,0,1,1,0,0.01,15.99534541,1,0.0225,15.99534541,0,1.2,15.99534541
28.09,15.99196954,-0.3353991484,15.93473642,17.00346384,15.20937461,0,1,1,0,0.01,15.99196954,1,0.0225,15.99196954,0,1.2,15.99196954
28.1,15.98868106,-0.3121551949,15.7098489,16.79964571,13.5215458,0,1,1,0,0.01,15.98868106,1,0.0225,15.98868106,0,1.2,15.98868106
28.11,15.9855289,-0.3218063875,15.94954431,16.87627567,16.68980307,0,1,1,0,0.01,15.9855289,1,0.0225,15.9855289,0,1.2,15.9855289
28.12,15.98251641,-0.2841471902,16.06382641,16.69500253,16.62042002,0,1,1,0,0.01,15.98251641,1,0.0225,15.98251641,0,1.2,15.98251641
28.13,15.97979446,-0.2542126183,15.9058667,16.94068601,17.24972743,0,1,1,0,0.01,15.97979446,1,0.0225,15.97979446,0,1.2,15.97979446
28.14,15.97710382,-0.2935513171,15.86095628,16.99451328,16.57696644,0,1,1,0,0.01,15.97710382,1,0.0225,15.97710382,0,1.2,15.97710382
28.15,15.97430108,-0.2703173997,16.08285881,16.94246785,15.24068129,0,1,1,0,0.01,15.97430108,1,0.0225,15.97430108,0,1.2,15.97430108
28.16,15.97140525,-0.2939090636,15.90501458,17.21302113,15.11993403,0,1,1,0,0.01,15.97140525,1,0.0225,15.97140525,0,1.2,15.97140525
28.17,15.96846906,-0.2878127788,15.82136686,17.01794189,15.18365197,0,1,1,0,0.01,15.96846906,1,0.0225,15.96846906,0,1.2,15.96846906
28.18,15.96567534,-0.285019309,15.98436734,16.9696012,14.43176128,0,1,1,0,0.01,15.96567534,1,0.0225,15.96567534,0,1.2,15.96567534
28.19,15.9629973,-0.2694834084,16.13386011,17.16078424,15.87102025,0,1,1,0,0.01,15.9629973,1,0.0225,15.9629973,0,1.2,15.9629973
28.2,15.96031953,-0.2714562252,15.82855111,16.93295754,17.18879499,0,1,1,0,0.01,15.96031953,1,0.0225,15.96031953,0,1.2,15.96031953
28.21,15.95750921,-0.2610965999,15.96201899,17.14232886,16.74159789,0,1,1,0,0.01,15.95750921,1,0.0225,15.95750921,0,1.2,15.95750921
28.22,15.95468063,-0.2878488519,15.93650877,16.94151046,17.66267887,0,1,1,0,0.01,15.95468063,1,0.0225,15.95468063,0,1.2,15.95468063
28.23,15.95190049,-0.2718054279,15.97415148,16.80559324,16.62272613,0,1,1,0,0.01,15.95190049,1,0.0225,15.95190049,0,1.2,15.95190049
28.24,15.94917259,-0.260328958,15.8786299,16.8753708,16.2965652,0,1,1,0,0.01,15.94917259,1,0.0225,15.94917259,0,1.2,15.94917259
28.25,15.94656275,-0.2617841102,16.00506917,17.00687143,15.25199549,0,1,1,0,0.01,15.94656275,1,0.0225,15.94656275,0,1.2,15.94656275
28.26,15.94419873,-0.2242929658,15.89537249,16.83126749,16.36644652,0,1,1,0,0.01,15.94419873,1,0.0225,15.94419873,0,1.2,15.94419873
28.27,15.94203702,-0.1935346019,15.78734114,16.80221707,16.74880522,0,1,1,0,0.01,15.94203702,1,0.0225,15.94203702,0,1.2,15.94203702
28.28,15.94024515,-0.1526977174,16.00327723,16.99199692,16.87763209,0,1,1,0,0.01,15.94024515,1,0.0225,15.94024515,0,1.2,15.94024515
28.29,15.93857586,-0.1831541435,15.79429606,17.03956621,15.32908939,0,1,1,0,0.01,15.93857586,1,0.0225,15.93857586,0,1.2,15.93857586
28.3,15.93672875,-0.1865775879,16.2272997,16.87369238,13.98109575,0,1,1,0,0.01,15.93672875,1,0.0225,15.93672875,0,1.2,15.93672875
28.31,15.9347778,-0.1879817534,15.79826968,17.22213903,16.07457636,0,1,1,0,0.01,15.9347778,1,0.0225,15.9347778,0,1.2,15.9347778
28.32,15.9328061,-0.2088950635,15.88559733,17.06951994,16.35827951,0,1,1,0,0.01,15.9328061,1,0.0225,15.9328061,0,1.2,15.9328061
28.33,15.93071105,-0.2180138823,15.79508565,17.11797178,13.9297405,0,1,1,0,0.01,15.93071105,1,0.0225,15.93071105,0,1.2,15.93071105
28.34,15.92867329,-0.2209365685,15.89089026,16.6878249,13.78487836,0,1,1,0,0.01,15.92867329,1,0.0225,15.92867329,0,1.2,15.92867329
28.35,15.92654664,-0.2007857539,15.82635937,17.12616961,16.14377753,0,1,1,0,0.01,15.92654664,1,0.0225,15.92654664,0,1.2,15.92654664
28.36,15.92441628,-0.220504504,15.88751978,17.03357733,15.41943506,0,1,1,0,0.01,15.92441628,1,0.0225,15.92441628,0,1.2,15.92441628
28.37,15.92229362,-0.2133273742,15.93673825,17.13757909,15.62086827,0,1,1,0,0.01,15.92229362,1,0.0225,15.92229362,0,1.2,15.92229362
28.38,15.92017538,-0.1969587193,15.84757331,17.06832818,15.5215747,0,1,1,0,0.01,15.92017538,1,0.0225,15.92017538,0,1.2,15.92017538
28.39,15.91803926,-0.220817859,15.8686328,16.97208232,15.27831371,0,1,1,0,0.01,15.91803926,1,0.0225,15.91803926,0,1.2,15.91803926
28.4,15.91562463,-0.2538919557,15.75238565,16.7237703,15.96669811,0,1,1,0,0.01,15.91562463,1,0.0225,15.91562463,0,1.2,15.91562463
28.41,15.91277522,-0.3089503577,16.16369137,16.63817848,17.61363687,0,1,1,0,0.01,15.91277522,1,0.0225,15.91277522,0,1.2,15.91277522
28.42,15.9095838,-0.33480284,15.9097584,16.89973871,17.33612562,0,1,1,0,0.01,15.9095838,1,0.0225,15.9095838,0,1.2,15.9095838
28.43,15.90654069,-0.2815448107,15.97703889,16.90535881,17.07338649,0,1,1,0,0.01,15.90654069,1,0.0225,15.90654069,0,1.2,15.90654069
28.44,15.90357618,-0.2945044245,15.80412652,16.93824679,14.61099219,0,1,1,0,0.01,15.90357618,1,0.0225,15.90357618,0,1.2,15.90357618
28.45,15.90065269,-0.2841315139,15.8263513,16.74841473,15.38135689,0,1,1,0,0.01,15.90065269,1,0.0225,15.90065269,0,1.2,15.90065269
28.46,15.89769373,-0.332019081,15.96779505,17.22490626,16.50633748,0,1,1,0,0.01,15.89769373,1,0.0225,15.89769373,0,1.2,15.89769373
28.47,15.89430462,-0.3423411983,16.09840999,17.28631676,16.52583862,0,1,1,0,0.01,15.89430462,1,0.0225,15.89430462,0,1.2,15.89430462
28.48,15.89087351,-0.3310919551,15.94637101,16.73426534,17.11446933,0,1,1,0,0.01,15.89087351,1,0.0225,15.89087351,0,1.2,15.89087351
28.49,15.88758167,-0.3198194749,16.02626852,17.08794039,17.59452579,0,1,1,0,0.01,15.88758167,1,0.0225,15.88758167,0,1.2,15.88758167
28.5,15.88447083,-0.3123333569,15.91527214,16.78018341,14.7865868,0,1,1,0,0.01,15.88447083,1,0.0225,15.88447083,0,1.2,15.88447083
28.51,15.88125429,-0.3257369673,16.03064502,16.82106662,15.73034288,0,1,1,0,0.01,15.88125429,1,0.0225,15.88125429,0,1.2,15.88125429
28.52,15.87813552,-0.2836861418,15.95285317,16.8980632,15.75105755,0,1,1,0,0.01,15.87813552,1,0.0225,15.87813552,0,1.2,15.87813552
28.53,15.8752542,-0.2835946092,15.78462337,16.69353607,15.6654777,0,1,1,0,0.01,15.8752542,1,0.0225,15.8752542,0,1.2,15.8752542
28.54,15.8724207,-0.2611473334,15.89271146,16.88497124,15.60057836,0,1,1,0,0.01,15.8724207,1,0.0225,15.8724207,0,1.2,15.8724207
28.55,15.86975305,-0.2749756194,15.81355653,16.9031692,16.03575709,0,1,1,0,0.01,15.86975305,1,0.0225,15.86975305,0,1.2,15.86975305
28.56,15.86711657,-0.2580942996,15.77424317,16.58897638,17.7871673,0,1,1,0,0.01,15.86711657,1,0.0225,15.86711657,0,1.2,15.86711657
28.57,15.86453874,-0.2408268608,15.80269631,16.9002141,16.10679696,0,1,1,0,0.01,15.86453874,1,0.0225,15.86453874,0,1.2,15.86453874
28.58,15.86214079,-0.2287117745,15.88303112,16.63234284,16.17444151,0,1,1,0,0.01,15.86214079,1,0.0225,15.86214079,0,1.2,15.86214079
28.59,15.85984651,-0.2340785309,15.98581081,16.74026737,15.19938833,0,1,1,0,0.01,15.85984651,1,0.0225,15.85984651,0,1.2,15.85984651
28.6,15.85753068,-0.219770831,15.94216746,16.77847987,16.81461474,0,1,1,0,0.01,15.85753068,1,0.0225,15.85753068,0,1.2,15.85753068
28.61,15.85517818,-0.2463104979,16.03096327,16.93069933,17.44918459,0,1,1,0,0.01,15.85517818,1,0.0225,15.85517818,0,1.2,15.85517818
28.62,15.85260507,-0.2753306619,15.86659143,16.85101737,16.44739487,0,1,1,0,0.01,15.85260507,1,0.0225,15.85260507,0,1.2,15.85260507
28.63,15.85011073,-0.2347817438,15.8382791,16.96067888,15.40812265,0,1,1,0,0.01,15.85011073,1,0.0225,15.85011073,0,1.2,15.85011073
28.64,15.84767975,-0.2561836396,15.75961435,16.84041069,16.11579201,0,1,1,0,0.01,15.84767975,1,0.0225,15.84767975,0,1.2,15.84767975
28.65,15.84517487,-0.2329600622,15.83042831,17.03541413,15.9109756,0,1,1,0,0.01,15.84517487,1,0.0225,15.84517487,0,1.2,15.84517487
28.66,15.84296033,-0.2168215518,15.90139851,16.86044545,16.06133435,0,1,1,0,0.01,15.84296033,1,0.0225,15.84296033,0,1.2,15.84296033
28.67,15.84091612,-0.2045555495,15.74007548,16.91548544,16.27331007,0,1,1,0,0.01,15.84091612,1,0.0225,15.84091612,0,1.2,15.84091612
28.68,15.83892408,-0.1911103467,15.79442188,17.0027404,16.4640015,0,1,1,0,0.01,15.83892408,1,0.0225,15.83892408,0,1.2,15.83892408
28.69,15.83710022,-0.1851016416,15.92937644,16.70812895,16.24403816,0,1,1,0,0.01,15.83710022,1,0.0225,15.83710022,0,1.2,15.83710022
28.7,15.83494095,-0.2350051654,15.86751207,16.58850597,16.24253655,0,1,1,0,0.01,15.83494095,1,0.0225,15.83494095,0,1.2,15.83494095
28.71,15.83277983,-0.2071413203,15.82151381,16.87248516,16.93912406,0,1,1,0,0.01,15.83277983,1,0.0225,15.83277983,0,1.2,15.83277983
28.72,15.83094291,-0.1535659659,15.78902075,16.74548901,16.55557402,0,1,1,0,0.01,15.83094291,1,0.0225,15.83094291,0,1.2,15.83094291
28.73,15.82963477,-0.1340437647,15.9619056,16.8835425,16.14455235,0,1,1,0,0.01,15.82963477,1,0.0225,15.82963477,0,1.2,15.82963477
28.74,15.82848671,-0.09111046921,15.7265539,16.96735624,15.53713673,0,1,1,0,0.01,15.82848671,1,0.0225,15.82848671,0,1.2,15.82848671
28.75,15.82764044,-0.07244561988,15.76298408,16.74005079,16.91046758,0,1,1,0,0.01,15.82764044,1,0.0225,15.82764044,0,1.2,15.82764044
28.76,15.82705222,-0.04901729631,15.65683026,16.85657658,16.1288129,0,1,1,0,0.01,15.82705222,1,0.0225,15.82705222,0,1.2,15.82705222
28.77,15.82677125,-0.01917151347,15.83082426,16.55516811,16.29220407,0,1,1,0,0.01,15.82677125,1,0.0225,15.82677125,0,1.2,15.82677125
28.78,15.82622615,-0.06259072961,15.84777274,16.5565755,16.13722915,0,1,1,0,0.01,15.82622615,1,0.0225,15.82622615,0,1.2,15.82622615
28.79,15.82548779,-0.08488329517,15.92935818,16.73280156,15.514407,0,1,1,0,0.01,15.82548779,1,0.0225,15.82548779,0,1.2,15.82548779
28.8,15.82471359,-0.04816565098,15.89135295,16.67617533,15.66400847,0,1,1,0,0.01,15.82471359,1,0.0225,15.82471359,0,1.2,15.82471359
28.81,15.82406325,-0.06984329504,15.79029745,16.87977353,14.02625282,0,1,1,0,0.01,15.82406325,1,0.0225,15.82406325,0,1.2,15.82406325
28.82,15.82344438,-0.05283103348,15.89471227,16.77936997,15.38417022,0,1,1,0,0.01,15.82344438,1,0.0225,15.82344438,0,1.2,15.82344438
28.83,15.82307109,-0.02395652486,15.92422542,16.64012716,16.49626223,0,1,1,0,0.01,15.82307109,1,0.0225,15.82307109,0,1.2,15.82307109
28.84,15.82282602,-0.01455375375,15.77947944,16.49196125,17.13713693,0,1,1,0,0.01,15.82282602,1,0.0225,15.82282602,0,1.2,15.82282602
28.85,15.82248153,-0.04164159001,16.03241765,16.80553667,15.21789352,0,1,1,0,0.01,15.82248153,1,0.0225,15.82248153,0,1.2,15.82248153
28.86,15.8220708,-0.04427009151,15.94571787,16.66552711,16.24241254,0,1,1,0,0.01,15.8220708,1,0.0225,15.8220708,0,1.2,15.8220708
28.87,15.82156768,-0.05599445792,15.73014186,17.04508553,15.58894585,0,1,1,0,0.01,15.82156768,1,0.0225,15.82156768,0,1.2,15.82156768
28.88,15.82080095,-0.09015242039,15.83853097,16.92933069,14.71196507,0,1,1,0,0.01,15.82080095,1,0.0225,15.82080095,0,1.2,15.82080095
28.89,15.81992832,-0.111257851,15.81950559,16.81616131,15.49225376,0,1,1,0,0.01,15.81992832,1,0.0225,15.81992832,0,1.2,15.81992832
28.9,15.81866231,-0.1531292305,15.79666273,17.23588011,17.23525458,0,1,1,0,0.01,15.81866231,1,0.0225,15.81866231,0,1.2,15.81866231
28.91,15.8171028,-0.1548624906,15.85100949,16.74785289,15.01277235,0,1,1,0,0.01,15.8171028,1,0.0225,15.8171028,0,1.2,15.8171028
28.92,15.81565361,-0.1505331331,15.77864863,16.80210348,13.14729176,0,1,1,0,0.01,15.81565361,1,0.0225,15.81565361,0,1.2,15.81565361
28.93,15.81387766,-0.1781542973,16.11302277,17.04651945,17.28645777,0,1,1,0,0.01,15.81387766,1,0.0225,15.81387766,0,1.2,15.81387766
28.94,15.81195928,-0.1818631107,15.78890814,17.1403252,14.96365095,0,1,1,0,0.01,15.81195928,1,0.0225,15.81195928,0,1.2,15.81195928
28.95,15.81035137,-0.1473861588,15.80391312,16.38955204,14.16271702,0,1,1,0,0.01,15.81035137,1,0.0225,15.81035137,0,1.2,15.81035137
28.96,15.80893403,-0.1257249743,15.81491248,16.83054933,15.16068769,0,1,1,0,0.01,15.80893403,1,0.0225,15.80893403,0,1.2,15.80893403
28.97,15.80749596,-0.1452724598,15.64161023,16.81210341,15.78887545,0,1,1,0,0.01,15.80749596,1,0.0225,15.80749596,0,1.2,15.80749596
28.98,15.80586782,-0.1633618129,16.00195264,16.89237866,14.34667092,0,1,1,0,0.01,15.80586782,1,0.0225,15.80586782,0,1.2,15.80586782
28.99,15.80431351,-0.160435331,15.94082322,17.1290446,14.75915269,0,1,1,0,0.01,15.80431351,1,0.0225,15.80431351,0,1.2,15.80431351
29,15.80300268,-0.1053574792,15.88109528,16.93546793,14.8331198,0,1,1,0,0.01,15.80300268,1,0.0225,15.80300268,0,1.2,15.80300268
29.01,15.80182872,-0.144044588,15.75672759,16.93091614,16.22860823,0,1,1,0,0.01,15.80182872,1,0.0225,15.80182872,0,1.2,15.80182872
29.02,15.80052822,-0.1101276466,15.84437494,16.89842621,15.67629904,0,1,1,0,0.01,15.80052822,1,0.0225,15.80052822,0,1.2,15.80052822
29.03,15.79956933,-0.09766714571,15.76183871,17.1274087,17.26927851,0,1,1,0,0.01,15.79956933,1,0.0225,15.79956933,0,1.2,15.79956933
29.04,15.79877861,-0.06018637574,15.75565353,16.91378696,15.93749435,0,1,1,0,0.01,15.79877861,1,0.0225,15.79877861,0,1.2,15.79877861
29.05,15.79834866,-0.04334752352,15.87594967,17.05004543,16.63140845,0,1,1,0,0.01,15.79834866,1,0.0225,15.79834866,0,1.2,15.79834866
29.06,15.79802411,-0.02834619718,15.84857075,16.69602628,18.35350679,0,1,1,0,0.01,15.79802411,1,0.0225,15.79802411,0,1.2,15.79802411
29.07,15.7978846,-0.00323494358,15.8974257,16.80699309,15.49795437,0,1,1,0,0.01,15.7978846,1,0.0225,15.7978846,0,1.2,15.7978846
29.08,15.79804462,0.03180672596,15.79943604,17.08797966,14.39639955,0,1,1,0,0.01,15.79804462,1,0.0225,15.79804462,0,1.2,15.79804462
29.09,15.79823036,0.03336989217,15.80466734,16.58881892,16.37731911,0,1,1,0,0.01,15.79823036,1,0.0225,15.79823036,0,1.2,15.79823036
29.1,15.79839729,0.01796075031,15.83762133,16.80224918,17.0877964,0,1,1,0,0.01,15.79839729,1,0.0225,15.79839729,0,1.2,15.79839729
29.11,15.79850309,0.01072539848,15.81009218,16.78688767,16.38974872,0,1,1,0,0.01,15.79850309,1,0.0225,15.79850309,0,1.2,15.79850309
29.12,15.79865947,0.03236078555,15.95345259,16.81662286,16.47369809,0,1,1,0,0.01,15.79865947,1,0.0225,15.79865947,0,1.2,15.79865947
29.13,15.79919469,0.05681201101,15.81297372,16.74562257,15.88914029,0,1,1,0,0.01,15.79919469,1,0.0225,15.79919469,0,1.2,15.79919469
29.14,15.79966963,0.03938537164,15.74180573,17.09329348,16.91318442,0,1,1,0,0.01,15.79966963,1,0.0225,15.79966963,0,1.2,15.79966963
29.15,15.79991817,0.04872661307,15.87609475,17.01120036,14.16151851,0,1,1,0,0.01,15.79991817,1,0.0225,15.79991817,0,1.2,15.79991817
29.16,15.80050195,0.05257776905,15.71172599,16.79915761,13.07308623,0,1,1,0,0.01,15.80050195,1,0.0225,15.80050195,0,1.2,15.80050195
29.17,15.80117468,0.07280306525,15.67697612,16.35999497,17.03547449,0,1,1,0,0.01,15.80117468,1,0.0225,15.80117468,0,1.2,15.80117468
29.18,15.80181648,0.06258478929,15.81882259,16.5730805,16.12257161,0,1,1,0,0.01,15.80181648,1,0.0225,15.80181648,0,1.2,15.80181648
29.19,15.80222092,0.01679685058,15.87191044,17.03513738,15.68492019,0,1,1,0,0.01,15.80222092,1,0.0225,15.80222092,0,1.2,15.80222092
29.2,15.80220797,-0.005362796513,15.80359659,16.71479767,17.21431035,0,1,1,0,0.01,15.80220797,1,0.0225,15.80220797,0,1.2,15.80220797
29.21,15.80213926,-0.02348856342,15.97314032,16.64875046,15.61231949,0,1,1,0,0.01,15.80213926,1,0.0225,15.80213926,0,1.2,15.80213926
29.22,15.80192979,-0.02655379508,15.91896639,16.56669938,13.23035034,0,1,1,0,0.01,15.80192979,1,0.0225,15.80192979,0,1.2,15.80192979
29.23,15.80197916,0.0110738843,15.58835074,17.0305945,14.34789413,0,1,1,0,0.01,15.80197916,1,0.0225,15.80197916,0,1.2,15.80197916
29.24,15.80216103,0.01999856352,15.79810135,16.83994796,15.52540182,0,1,1,0,0.01,15.80216103,1,0.0225,15.80216103,0,1.2,15.80216103
29.25,15.80221962,-0.01747224229,15.89993493,16.88517831,16.76683925,0,1,1,0,0.01,15.80221962,1,0.0225,15.80221962,0,1.2,15.80221962
29.26,15.80199751,-0.01387476407,15.73782025,16.57954712,16.13403893,0,1,1,0,0.01,15.80199751,1,0.0225,15.80199751,0,1.2,15.80199751
29.27,15.80206563,0.01237207947,15.8683384,16.60162711,14.88175526,0,1,1,0,0.01,15.80206563,1,0.0225,15.80206563,0,1.2,15.80206563
29.28,15.80222996,0.02147359227,15.81659672,16.87708722,16.87013726,0,1,1,0,0.01,15.80222996,1,0.0225,15.80222996,0,1.2,15.80222996
29.29,15.80240675,0.02694563014,15.53975829,16.78451277,14.75837196,0,1,1,0,0.01,15.80240675,1,0.0225,15.80240675,0,1.2,15.80240675
29.3,15.80233961,-0.0160954962,15.71083757,16.93145591,15.16047586,0,1,1,0,0.01,15.80233961,1,0.0225,15.80233961,0,1.2,15.80233961
29.31,15.80232001,0.01753691504,15.71599601,16.6475257,16.61354665,0,1,1,0,0.01,15.80232001,1,0.0225,15.80232001,0,1.2,15.80232001
29.32,15.80246381,0.03547468721,15.65172599,16.92044601,14.66492168,0,1,1,0,0.01,15.80246381,1,0.0225,15.80246381,0,1.2,15.80246381
29.33,15.80300095,0.05012381641,15.85742323,16.657877,12.93541319,0,1,1,0,0.01,15.80300095,1,0.0225,15.80300095,0,1.2,15.80300095
29.34,15.8033214,0.01383181186,15.96415553,16.61281919,13.05975095,0,1,1,0,0.01,15.8033214,1,0.0225,15.8033214,0,1.2,15.8033214
29.35,15.80335228,0.001069830875,15.66728206,16.7017799,17.01821933,0,1,1,0,0.01,15.80335228,1,0.0225,15.80335228,0,1.2,15.80335228
29.36,15.80326232,-0.01831818012,15.74555313,16.94613541,16.51526641,0,1,1,0,0.01,15.80326232,1,0.0225,15.80326232,0,1.2,15.80326232
29.37,15.80299321,-0.02812623454,15.71810901,16.94418767,17.14691601,0,1,1,0,0.01,15.80299321,1,0.0225,15.80299321,0,1.2,15.80299321
29.38,15.80264602,-0.04057568271,15.86726605,16.78652366,15.50006978,0,1,1,0,0.01,15.80264602,1,0.0225,15.80264602,0,1.2,15.80264602
29.39,15.80228576,-0.01650281905,15.74792056,16.80006877,15.83432565,0,1,1,0,0.01,15.80228576,1,0.0225,15.80228576,0,1.2,15.80228576
29.4,15.80214671,-0.02824348118,15.70875678,16.58004668,16.19801243,0,1,1,0,0.01,15.80214671,1,0.0225,15.80214671,0,1.2,15.80214671
29.41,15.80203256,-0.001938206253,15.83598465,16.61765313,13.55018013,0,1,1,0,0.01,15.80203256,1,0.0225,15.80203256,0,1.2,15.80203256
29.42,15.8020919,0.01287587023,15.80738432,16.61578184,15.30190085,0,1,1,0,0.01,15.8020919,1,0.0225,15.8020919,0,1.2,15.8020919
29.43,15.80217758,-0.00896108091,15.77856464,16.97405944,16.7278619,0,1,1,0,0.01,15.80217758,1,0.0225,15.80217758,0,1.2,15.80217758
29.44,15.8018268,-0.05851420962,15.85336226,16.74286916,14.60284282,0,1,1,0,0.01,15.8018268,1,0.0225,15.8018268,0,1.2,15.8018268
29.45,15.801406,-0.01929432488,15.71434377,16.65694155,13.91010836,0,1,1,0,0.01,15.801406,1,0.0225,15.801406,0,1.2,15.801406
29.46,15.8010802,-0.05180967615,15.81027529,16.76383998,17.86432335,0,1,1,0,0.01,15.8010802,1,0.0225,15.8010802,0,1.2,15.8010802
29.47,15.80062486,-0.03762540023,15.78443961,16.81522571,15.9879115,0,1,1,0,0.01,15.80062486,1,0.0225,15.80062486,0,1.2,15.80062486
29.48,15.80031682,-0.03217888733,15.81941986,16.97734195,14.82610998,0,1,1,0,0.01,15.80031682,1,0.0225,15.80031682,0,1.2,15.80031682
29.49,15.80016279,-0.001094191237,15.60475059,16.82250113,16.33665988,0,1,1,0,0.01,15.80016279,1,0.0225,15.80016279,0,1.2,15.80016279
29.5,15.8002296,0.01326905709,15.76623616,16.88411454,15.23373354,0,1,1,0,0.01,15.8002296,1,0.0225,15.8002296,0,1.2,15.8002296
29.51,15.80020768,3.630463568e-05,15.85529775,16.81663633,17.4713229,0,1,1,0,0.01,15.80020768,1,0.0225,15.80020768,0,1.2,15.80020768
29.52,15.80028928,0.01742180472,15.68254526,16.785863,17.37930531,0,1,1,0,0.01,15.80028928,1,0.0225,15.80028928,0,1.2,15.80028928
29.53,15.80041723,0.01136327398,15.71988641,16.70212928,15.69209671,0,1,1,0,0.01,15.80041723,1,0.0225,15.80041723,0,1.2,15.80041723
29.54,15.80058739,0.01612235653,15.77947664,16.97717788,15.91852388,0,1,1,0,0.01,15.80058739,1,0.0225,15.80058739,0,1.2,15.80058739
29.55,15.8009334,0.05666921207,15.74765693,16.74183182,16.56303868,0,1,1,0,0.01,15.8009334,1,0.0225,15.8009334,0,1.2,15.8009334
29.56,15.80157019,0.06016564199,15.82437753,17.06829294,15.00040688,0,1,1,0,0.01,15.80157019,1,0.0225,15.80157019,0,1.2,15.80157019
29.57,15.80215303,0.05703702518,15.75688172,16.75706056,16.09778421,0,1,1,0,0.01,15.80215303,1,0.0225,15.80215303,0,1.2,15.80215303
29.58,15.80260821,0.04529710245,15.8005224,16.70825628,12.78776507,0,1,1,0,0.01,15.80260821,1,0.0225,15.80260821,0,1.2,15.80260821
29.59,15.80293745,0.02824160593,15.47841468,16.79479437,13.64196186,0,1,1,0,0.01,15.80293745,1,0.0225,15.80293745,0,1.2,15.80293745
29.6,15.803241,0.02657929072,15.89264142,16.85765886,16.74770947,0,1,1,0,0.01,15.803241,1,0.0225,15.803241,0,1.2,15.803241
29.61,15.8036129,0.0330934557,15.64251814,16.87903957,14.7455459,0,1,1,0,0.01,15.8036129,1,0.0225,15.8036129,0,1.2,15.8036129
29.62,15.80410586,0.03822782903,15.74067293,16.32240627,15.48081951,0,1,1,0,0.01,15.80410586,1,0.0225,15.80410586,0,1.2,15.80410586
29.63,15.80438595,0.03664387685,15.89663578,16.99980918,15.20060123,0,1,1,0,0.01,15.80438595,1,0.0225,15.80438595,0,1.2,15.80438595
29.64,15.80462577,0.0003738241049,15.7467316,16.8150565,16.49231491,0,1,1,0,0.01,15.80462577,1,0.0225,15.80462577,0,1.2,15.80462577
29.65,15.80476085,0.03601692137,15.65209616,16.77444869,15.12587262,0,1,1,0,0.01,15.80476085,1,0.0225,15.80476085,0,1.2,15.80476085
29.66,15.80507955,0.02676280473,15.70881428,16.89315709,17.01862084,0,1,1,0,0.01,15.80507955,1,0.0225,15.80507955,0,1.2,15.80507955
29.67,15.80519298,-0.01188777244,15.83656331,17.11236648,17.14655108,0,1,1,0,0.01,15.80519298,1,0.0225,15.80519298,0,1.2,15.80519298
29.68,15.80494239,-0.04113554795,15.74717346,16.90008142,15.24045273,0,1,1,0,0.01,15.80494239,1,0.0225,15.80494239,0,1.2,15.80494239
29.69,15.80449504,-0.05972957942,15.68961004,16.6580277,17.01891918,0,1,1,0,0.01,15.80449504,1,0.0225,15.80449504,0,1.2,15.80449504
29.7,15.80403127,-0.02000000793,15.8418628,16.79521704,15.4355845,0,1,1,0,0.01,15.80403127,1,0.0225,15.80403127,0,1.2,15.80403127
29.71,15.80354594,-0.07256164983,15.89252518,16.72826638,17.20000694,0,1,1,0,0.01,15.80354594,1,0.0225,15.80354594,0,1.2,15.80354594
29.72,15.80283893,-0.06951237962,15.75254815,16.6715653,16.27314123,0,1,1,0,0.01,15.80283893,1,0.0225,15.80283893,0,1.2,15.80283893
29.73,15.80231428,-0.05327693531,15.93895205,17.01446777,15.63628483,0,1,1,0,0.01,15.80231428,1,0.0225,15.80231428,0,1.2,15.80231428
29.74,15.80203807,-0.03128516188,15.9254244,16.81542299,16.25924758,0,1,1,0,0.01,15.80203807,1,0.0225,15.80203807,0,1.2,15.80203807
29.75,15.80182066,-0.02024577639,15.74545073,16.80629602,15.51277796,0,1,1,0,0.01,15.80182066,1,0.0225,15.80182066,0,1.2,15.80182066
29.76,15.80162819,-0.01393128527,15.94719942,17.01683951,15.57673783,0,1,1,0,0.01,15.80162819,1,0.0225,15.80162819,0,1.2,15.80162819
29.77,15.80146734,-0.009989092953,15.99141704,16.78288252,15.54058732,0,1,1,0,0.01,15.80146734,1,0.0225,15.80146734,0,1.2,15.80146734
29.78,15.80142094,-0.007845136912,15.70397772,16.67733566,15.58204211,0,1,1,0,0.01,15.80142094,1,0.0225,15.80142094,0,1.2,15.80142094
29.79,15.80145538,0.03673665242,15.87558776,16.51337521,16.48908087,0,1,1,0,0.01,15.80145538,1,0.0225,15.80145538,0,1.2,15.80145538
29.8,15.8022995,0.08481362441,15.84422511,16.8472172,15.33069117,0,1,1,0,0.01,15.8022995,1,0.0225,15.8022995,0,1.2,15.8022995
29.81,15.80302865,0.06063450578,15.87825961,16.80962792,12.43013504,0,1,1,0,0.01,15.80302865,1,0.0225,15.80302865,0,1.2,15.80302865
29.82,15.80355133,0.04481584109,15.78051262,16.84875186,14.68590887,0,1,1,0,0.01,15.80355133,1,0.0225,15.80355133,0,1.2,15.80355133
29.83,15.80396868,0.03842164727,15.72105578,16.83211551,17.24147451,0,1,1,0,0.01,15.80396868,1,0.0225,15.80396868,0,1.2,15.80396868
29.84,15.80440312,0.04823315547,15.71546368,16.90091237,15.42174284,0,1,1,0,0.01,15.80440312,1,0.0225,15.80440312,0,1.2,15.80440312
29.85,15.80488984,0.0448696994,15.83422524,16.64728318,15.34445047,0,1,1,0,0.01,15.80488984,1,0.0225,15.80488984,0,1.2,15.80488984
29.86,15.80519156,0.01224854595,15.79647875,16.82100257,15.04006789,0,1,1,0,0.01,15.80519156,1,0.0225,15.80519156,0,1.2,15.80519156
29.87,15.80513315,-0.005543638588,15.77949445,16.57325576,16.14129605,0,1,1,0,0.01,15.80513315,1,0.0225,15.80513315,0,1.2,15.80513315
29.88,15.80506166,0.005790941584,15.8421775,16.77085747,16.34296946,0,1,1,0,0.01,15.80506166,1,0.0225,15.80506166,0,1.2,15.80506166
29.89,15.80529962,0.02981322825,15.89048404,16.94042962,14.90782657,0,1,1,0,0.01,15.80529962,1,0.0225,15.80529962,0,1.2,15.80529962
29.9,15.80554797,0.008718293737,15.85591497,16.8890699,17.33094516,0,1,1,0,0.01,15.80554797,1,0.0225,15.80554797,0,1.2,15.80554797
29.91,15.80550367,-0.01456743322,15.7775747,16.82922634,17.60508622,0,1,1,0,0.01,15.80550367,1,0.0225,15.80550367,0,1.2,15.80550367
29.92,15.80518142,-0.03893052746,15.92112585,16.55057993,16.54800884,0,1,1,0,0.01,15.80518142,1,0.0225,15.80518142,0,1.2,15.80518142
29.93,15.80477795,-0.03386398361,15.77433914,16.84466534,15.09437367,0,1,1,0,0.01,15.80477795,1,0.0225,15.80477795,0,1.2,15.80477795
29.94,15.80453678,-0.02097082564,15.63306325,16.84452873,16.07870886,0,1,1,0,0.01,15.80453678,1,0.0225,15.80453678,0,1.2,15.80453678
29.95,15.8043293,-0.03277064013,15.81791494,16.74399201,16.8483935,0,1,1,0,0.01,15.8043293,1,0.0225,15.8043293,0,1.2,15.8043293
29.96,15.80401218,-0.0218616907,15.8425053,16.46494743,17.58539243,0,1,1,0,0.01,15.80401218,1,0.0225,15.80401218,0,1.2,15.80401218
29.97,15.80368157,-0.04035307067,16.00372195,16.8480644,17.33892644,0,1,1,0,0.01,15.80368157,1,0.0225,15.80368157,0,1.2,15.80368157
29.98,15.80309994,-0.06530828712,15.85904722,16.88082502,16.08135864,0,1,1,0,0.01,15.80309994,1,0.0225,15.80309994,0,1.2,15.80309994
29.99,15.8024397,-0.0751689297,15.77128087,16.82530331,17.80586919,0,1,1,0,0.01,15.8024397,1,0.0225,15.8024397,0,1.2,15.8024397
30,15.80160485,-0.1130075427,15.76894753,16.90688806,15.77456101,0,1,1,0,0.01,15.80160485,1,0.0225,15.80160485,0,1.2,15.80160485
30.01,15.80042982,-0.131778584,15.70338113,16.75218798,15.92259261,0,1,1,0,0.01,15.80042982,1,0.0225,15.80042982,0,1.2,15.80042982
30.02,15.79911522,-0.148281246,15.74237192,16.86593625,14.56147536,0,1,1,0,0.01,15.79911522,1,0.0225,15.79911522,0,1.2,15.79911522
30.03,15.79748452,-0.155998223,15.72353424,16.66436982,12.43169624,0,1,1,0,0.01,15.79748452,1,0.0225,15.79748452,0,1.2,15.79748452
30.04,15.79567532,-0.1910812134,15.95536237,16.71399776,14.42812807,0,1,1,0,0.01,15.79567532,1,0.0225,15.79567532,0,1.2,15.79567532
30.05,15.79377243,-0.1809892252,16.01429444,16.81448427,14.99009039,0,1,1,0,0.01,15.79377243,1,0.0225,15.79377243,0,1.2,15.79377243
30.06,15.79194597,-0.1782435791,15.67320919,16.70159488,16.04214817,0,1,1,0,0.01,15.79194597,1,0.0225,15.79194597,0,1.2,15.79194597
30.07,15.79024052,-0.1724403776,15.89713335,16.9396499,16.79848605,0,1,1,0,0.01,15.79024052,1,0.0225,15.79024052,0,1.2,15.79024052
30.08,15.78867852,-0.1466935601,15.75370401,16.57621631,16.20427305,0,1,1,0,0.01,15.78867852,1,0.0225,15.78867852,0,1.2,15.78867852
30.09,15.78693654,-0.1965900505,15.5558731,16.83766248,15.11870673,0,1,1,0,0.01,15.78693654,1,0.0225,15.78693654,0,1.2,15.78693654
30.1,15.7849743,-0.189216417,15.74648391,16.62946754,15.3507293,0,1,1,0,0.01,15.7849743,1,0.0225,15.7849743,0,1.2,15.7849743
30.11,15.78325358,-0.1658237606,15.90194725,16.58370285,14.9249224,0,1,1,0,0.01,15.78325358,1,0.0225,15.78325358,0,1.2,15.78325358
30.12,15.78137904,-0.1908347711,15.85311992,16.63776194,15.18053175,0,1,1,0,0.01,15.78137904,1,0.0225,15.78137904,0,1.2,15.78137904
30.13,15.77964565,-0.1820408089,15.7023481,16.69945489,14.28033907,0,1,1,0,0.01,15.77964565,1,0.0225,15.77964565,0,1.2,15.77964565
30.14,15.77795931,-0.1701306385,15.7762889,16.44560647,15.15598532,0,1,1,0,0.01,15.77795931,1,0.0225,15.77795931,0,1.2,15.77795931
30.15,15.77629313,-0.1567112361,15.63538065,16.63938018,16.01700668,0,1,1,0,0.01,15.77629313,1,0.0225,15.77629313,0,1.2,15.77629313
30.16,15.7747526,-0.1545789405,15.5025444,16.75907539,16.44274696,0,1,1,0,0.01,15.7747526,1,0.0225,15.7747526,0,1.2,15.7747526
30.17,15.77320026,-0.1614358941,15.5835381,16.95622714,17.17154704,0,1,1,0,0.01,15.77320026,1,0.0225,15.77320026,0,1.2,15.77320026
30.18,15.77141263,-0.1867395938,15.88983077,16.91003911,15.54546911,0,1,1,0,0.01,15.77141263,1,0.0225,15.77141263,0,1.2,15.77141263
30.19,15.76965019,-0.1701339316,15.67086195,16.80281023,16.36072454,0,1,1,0,0.01,15.76965019,1,0.0225,15.76965019,0,1.2,15.76965019
30.2,15.76798983,-0.1629151505,15.78641615,17.07881441,16.07134302,0,1,1,0,0.01,15.76798983,1,0.0225,15.76798983,0,1.2,15.76798983
30.21,15.76616259,-0.2152114119,15.88140544,16.82032495,15.83711174,0,1,1,0,0.01,15.76616259,1,0.0225,15.76616259,0,1.2,15.76616259
30.22,15.76398636,-0.22617696,15.6198474,16.54411017,15.54828178,0,1,1,0,0.01,15.76398636,1,0.0225,15.76398636,0,1.2,15.76398636
30.23,15.76167568,-0.2262057954,15.69149821,16.61822053,14.238451,0,1,1,0,0.01,15.76167568,1,0.0225,15.76167568,0,1.2,15.76167568
30.24,15.75931396,-0.2508179131,15.69778156,16.58172153,13.52250922,0,1,1,0,0.01,15.75931396,1,0.0225,15.75931396,0,1.2,15.75931396
30.25,15.75668948,-0.2837173286,15.81492526,17.0296678,16.11245361,0,1,1,0,0.01,15.75668948,1,0.0225,15.75668948,0,1.2,15.75668948
30.26,15.75397831,-0.2725748202,15.64709959,17.12034211,15.49136813,0,1,1,0,0.01,15.75397831,1,0.0225,15.75397831,0,1.2,15.75397831
30.27,15.75132426,-0.2550729503,15.71635137,16.55376347,16.7840196,0,1,1,0,0.01,15.75132426,1,0.0225,15.75132426,0,1.2,15.75132426
30.28,15.74876013,-0.2588277991,15.72728674,16.58195179,15.20868801,0,1,1,0,0.01,15.74876013,1,0.0225,15.74876013,0,1.2,15.74876013
30.29,15.7464482,-0.2337996161,15.6172308,16.81456319,14.44736108,0,1,1,0,0.01,15.7464482,1,0.0225,15.7464482,0,1.2,15.7464482
30.3,15.74391509,-0.2657784932,15.73916017,16.75488728,15.58293076,0,1,1,0,0.01,15.74391509,1,0.0225,15.74391509,0,1.2,15.74391509
30.31,15.74127513,-0.2638204051,15.8001091,16.83299482,16.55252267,0,1,1,0,0.01,15.74127513,1,0.0225,15.74127513,0,1.2,15.74127513
30.32,15.73854123,-0.2703563837,15.6796552,16.85787317,16.85525678,0,1,1,0,0.01,15.73854123,1,0.0225,15.73854123,0,1.2,15.73854123
30.33,15.7356067,-0.2810056769,15.70676277,16.90928921,16.40913829,0,1,1,0,0.01,15.7356067,1,0.0225,15.7356067,0,1.2,15.7356067
30.34,15.73299638,-0.2461911146,15.62419727,16.72735153,15.00041018,0,1,1,0,0.01,15.73299638,1,0.0225,15.73299638,0,1.2,15.73299638
30.35,15.7306541,-0.2145325201,15.68432049,16.49119196,14.58297738,0,1,1,0,0.01,15.7306541,1,0.0225,15.7306541,0,1.2,15.7306541
30.36,15.72834681,-0.2382349979,15.66799132,16.79147692,17.16638223,0,1,1,0,0.01,15.72834681,1,0.0225,15.72834681,0,1.2,15.72834681
30.37,15.72586636,-0.265133131,15.60286269,16.69044958,16.94023654,0,1,1,0,0.01,15.72586636,1,0.0225,15.72586636,0,1.2,15.72586636
30.38,15.72325618,-0.2398988107,15.68990233,16.93669337,15.25572096,0,1,1,0,0.01,15.72325618,1,0.0225,15.72325618,0,1.2,15.72325618
30.39,15.7208688,-0.2484298488,15.67392557,16.84200451,17.77481108,0,1,1,0,0.01,15.7208688,1,0.0225,15.7208688,0,1.2,15.7208688
30.4,15.71848798,-0.2215324028,15.74841881,16.75229309,16.60171421,0,1,1,0,0.01,15.71848798,1,0.0225,15.71848798,0,1.2,15.71848798
30.41,15.71637104,-0.2002192471,15.65941031,16.60676002,15.91434047,0,1,1,0,0.01,15.71637104,1,0.0225,15.71637104,0,1.2,15.71637104
30.42,15.71422411,-0.2216515891,15.82459461,16.87911125,15.44636732,0,1,1,0,0.01,15.71422411,1,0.0225,15.71422411,0,1.2,15.71422411
30.43,15.71199239,-0.2287262959,15.68833588,16.75665567,16.05188649,0,1,1,0,0.01,15.71199239,1,0.0225,15.71199239,0,1.2,15.71199239
30.44,15.70976361,-0.2143071244,15.91740527,16.54053643,14.98807554,0,1,1,0,0.01,15.70976361,1,0.0225,15.70976361,0,1.2,15.70976361
30.45,15.70763066,-0.2226912296,15.7347101,16.6918553,15.32285308,0,1,1,0,0.01,15.70763066,1,0.0225,15.70763066,0,1.2,15.70763066
30.46,15.70554788,-0.2093830653,15.70237053,16.47565485,16.9553294,0,1,1,0,0.01,15.70554788,1,0.0225,15.70554788,0,1.2,15.70554788
30.47,15.70354369,-0.2078032088,15.61272395,16.69508312,15.8930168,0,1,1,0,0.01,15.70354369,1,0.0225,15.70354369,0,1.2,15.70354369
30.48,15.70156954,-0.1774610909,15.80379914,16.70097996,15.01648985,0,1,1,0,0.01,15.70156954,1,0.0225,15.70156954,0,1.2,15.70156954
30.49,15.69963961,-0.1772587774,15.50567252,16.87492421,14.70880462,0,1,1,0,0.01,15.69963961,1,0.0225,15.69963961,0,1.2,15.69963961
30.5,15.69761662,-0.2043730884,15.63843032,16.73713538,18.29331295,0,1,1,0,0.01,15.69761662,1,0.0225,15.69761662,0,1.2,15.69761662
30.51,15.69546129,-0.2193640474,15.79122265,16.43597539,16.17753558,0,1,1,0,0.01,15.69546129,1,0.0225,15.69546129,0,1.2,15.69546129
30.52,15.69317537,-0.2399568982,15.54732218,16.54978401,16.15667189,0,1,1,0,0.01,15.69317537,1,0.0225,15.69317537,0,1.2,15.69317537
30.53,15.69100625,-0.2113310556,15.63073036,16.85497868,13.96934606,0,1,1,0,0.01,15.69100625,1,0.0225,15.69100625,0,1.2,15.69100625
30.54,15.68889165,-0.2169185431,15.66274876,16.71940711,11.9025031,0,1,1,0,0.01,15.68889165,1,0.0225,15.68889165,0,1.2,15.68889165
30.55,15.68673269,-0.2162884946,15.82061346,16.56896131,14.42912023,0,1,1,0,0.01,15.68673269,1,0.0225,15.68673269,0,1.2,15.68673269
30.56,15.68462991,-0.1974090589,15.68208258,16.60902576,14.22881012,0,1,1,0,0.01,15.68462991,1,0.0225,15.68462991,0,1.2,15.68462991
30.57,15.68279077,-0.1704713245,15.71740827,16.52099738,16.55794002,0,1,1,0,0.01,15.68279077,1,0.0225,15.68279077,0,1.2,15.68279077
30.58,15.68106035,-0.1883882246,15.60727295,16.82178336,15.53688493,0,1,1,0,0.01,15.68106035,1,0.0225,15.68106035,0,1.2,15.68106035
30.59,15.67897868,-0.2368372482,15.89299619,16.47089022,14.81702288,0,1,1,0,0.01,15.67897868,1,0.0225,15.67897868,0,1.2,15.67897868
30.6,15.67636415,-0.2883373622,15.75919503,16.53498374,15.77982269,0,1,1,0,0.01,15.67636415,1,0.0225,15.67636415,0,1.2,15.67636415
30.61,15.67355932,-0.2704142024,15.81857334,16.82619176,16.06158525,0,1,1,0,0.01,15.67355932,1,0.0225,15.67355932,0,1.2,15.67355932
30.62,15.67090583,-0.243695976,15.63513152,16.90227734,14.96108854,0,1,1,0,0.01,15.67090583,1,0.0225,15.67090583,0,1.2,15.67090583
30.63,15.66861903,-0.2117594944,15.61300128,16.49511699,13.65691397,0,1,1,0,0.01,15.66861903,1,0.0225,15.66861903,0,1.2,15.66861903
30.64,15.6664746,-0.2318070134,15.7094274,16.53281037,16.32561712,0,1,1,0,0.01,15.6664746,1,0.0225,15.6664746,0,1.2,15.6664746
30.65,15.66439579,-0.1952019515,15.85485242,16.65113167,13.4736355,0,1,1,0,0.01,15.66439579,1,0.0225,15.66439579,0,1.2,15.66439579
30.66,15.66246442,-0.1748989753,15.68194366,16.64114275,15.14628792,0,1,1,0,0.01,15.66246442,1,0.0225,15.66246442,0,1.2,15.66246442
30.67,15.66057828,-0.2134527619,15.60085036,16.70393662,14.61401718,0,1,1,0,0.01,15.66057828,1,0.0225,15.66057828,0,1.2,15.66057828
30.68,15.65807259,-0.2668060867,15.61857665,16.62843304,17.23642851,0,1,1,0,0.01,15.65807259,1,0.0225,15.65807259,0,1.2,15.65807259
30.69,15.65542442,-0.2623000619,15.56630409,16.54408372,15.55822392,0,1,1,0,0.01,15.65542442,1,0.0225,15.65542442,0,1.2,15.65542442
30.7,15.65269067,-0.2893909892,15.64580896,16.44614939,16.78902715,0,1,1,0,0.01,15.65269067,1,0.0225,15.65269067,0,1.2,15.65269067
30.71,15.65000869,-0.265745556,15.66383869,16.69010953,14.40574155,0,1,1,0,0.01,15.65000869,1,0.0225,15.65000869,0,1.2,15.65000869
30.72,15.64722906,-0.2719840786,15.62271815,16.73423306,14.58116291,0,1,1,0,0.01,15.64722906,1,0.0225,15.64722906,0,1.2,15.64722906
30.73,15.6445477,-0.2697507901,15.57288265,16.57756916,15.44888827,0,1,1,0,0.01,15.6445477,1,0.0225,15.6445477,0,1.2,15.6445477
30.74,15.64177606,-0.2933892399,15.75208703,16.61576904,15.81058883,0,1,1,0,0.01,15.64177606,1,0.0225,15.64177606,0,1.2,15.64177606
30.75,15.63891922,-0.2946843668,15.6541678,16.61471668,15.92764405,0,1,1,0,0.01,15.63891922,1,0.0225,15.63891922,0,1.2,15.63891922
30.76,15.6359236,-0.2994733969,15.56989858,16.53236611,14.68076427,0,1,1,0,0.01,15.6359236,1,0.0225,15.6359236,0,1.2,15.6359236
30.77,15.63289762,-0.2926614691,15.64493395,16.73935954,16.633262,0,1,1,0,0.01,15.63289762,1,0.0225,15.63289762,0,1.2,15.63289762
30.78,15.62993225,-0.3030406675,15.59285997,16.63559453,16.07169293,0,1,1,0,0.01,15.62993225,1,0.0225,15.62993225,0,1.2,15.62993225
30.79,15.62693633,-0.2907144317,15.7249824,16.57031513,16.17811823,0,1,1,0,0.01,15.62693633,1,0.0225,15.62693633,0,1.2,15.62693633
30.8,15.62397005,-0.286688302,15.58766742,16.72008368,14.21900209,0,1,1,0,0.01,15.62397005,1,0.0225,15.62397005,0,1.2,15.62397005
30.81,15.62101098,-0.2957715689,15.62091505,16.72716654,15.5582337,0,1,1,0,0.01,15.62101098,1,0.0225,15.62101098,0,1.2,15.62101098
30.82,15.61810741,-0.306808805,15.58037764,16.74997123,15.68434841,0,1,1,0,0.01,15.61810741,1,0.0225,15.61810741,0,1.2,15.61810741
30.83,15.61518568,-0.2775627664,15.54562637,16.60489448,16.88692517,0,1,1,0,0.01,15.61518568,1,0.0225,15.61518568,0,1.2,15.61518568
30.84,15.61245586,-0.2831541337,15.78565723,16.77472999,15.64442431,0,1,1,0,0.01,15.61245586,1,0.0225,15.61245586,0,1.2,15.61245586
30.85,15.60974645,-0.2593091619,15.46678922,17.00776229,15.77019363,0,1,1,0,0.01,15.60974645,1,0.0225,15.60974645,0,1.2,15.60974645
30.86,15.60713594,-0.2476199204,15.61028382,16.62348498,16.81878861,0,1,1,0,0.01,15.60713594,1,0.0225,15.60713594,0,1.2,15.60713594
30.87,15.60471351,-0.2329218657,15.57443894,16.56172429,15.67171913,0,1,1,0,0.01,15.60471351,1,0.0225,15.60471351,0,1.2,15.60471351
30.88,15.60265308,-0.1958004682,15.55741952,16.51583858,14.07068666,0,1,1,0,0.01,15.60265308,1,0.0225,15.60265308,0,1.2,15.60265308
30.89,15.60089936,-0.1578369077,15.46220608,16.54196125,15.88433505,0,1,1,0,0.01,15.60089936,1,0.0225,15.60089936,0,1.2,15.60089936
30.9,15.59914398,-0.1908847234,15.53339887,16.71491735,15.64905712,0,1,1,0,0.01,15.59914398,1,0.0225,15.59914398,0,1.2,15.59914398
30.91,15.59724931,-0.1847269915,15.60877245,16.80605607,16.54180873,0,1,1,0,0.01,15.59724931,1,0.0225,15.59724931,0,1.2,15.59724931
30.92,15.59551691,-0.172983753,15.6867312,16.58767384,14.37371224,0,1,1,0,0.01,15.59551691,1,0.0225,15.59551691,0,1.2,15.59551691
30.93,15.59392167,-0.1667086584,15.52015011,16.40770349,15.76047191,0,1,1,0,0.01,15.59392167,1,0.0225,15.59392167,0,1.2,15.59392167
30.94,15.59218102,-0.1779609142,15.62011535,16.64470212,15.98690588,0,1,1,0,0.01,15.59218102,1,0.0225,15.59218102,0,1.2,15.59218102
30.95,15.59037819,-0.1747672668,15.6570515,16.69887511,14.78874224,0,1,1,0,0.01,15.59037819,1,0.0225,15.59037819,0,1.2,15.59037819
30.96,15.58843215,-0.2151348882,15.49380426,16.72284329,15.35342895,0,1,1,0,0.01,15.58843215,1,0.0225,15.58843215,0,1.2,15.58843215
30.97,15.58639264,-0.1878174265,15.76136305,16.37267239,14.11116598,0,1,1,0,0.01,15.58639264,1,0.0225,15.58639264,0,1.2,15.58639264
30.98,15.58458352,-0.1808578048,15.40801981,16.81938302,15.37428998,0,1,1,0,0.01,15.58458352,1,0.0225,15.58458352,0,1.2,15.58458352
30.99,15.58282541,-0.1516670516,15.67590511,16.84833534,13.79880265,0,1,1,0,0.01,15.58282541,1,0.0225,15.58282541,0,1.2,15.58282541
31,15.58136494,-0.1449628221,15.72233504,16.52534914,13.57319827,0,1,1,0,0.01,15.58136494,1,0.0225,15.58136494,0,1.2,15.58136494
31.01,15.58008258,-0.1197492891,15.6906182,16.77214703,13.9765196,0,1,1,0,0.01,15.58008258,1,0.0225,15.58008258,0,1.2,15.58008258
31.02,15.57894117,-0.1179123446,15.51437541,16.68027535,16.05924801,0,1,1,0,0.01,15.57894117,1,0.0225,15.57894117,0,1.2,15.57894117
31.03,15.57758842,-0.1564136821,15.61838988,16.73687072,13.08544586,0,1,1,0,0.01,15.57758842,1,0.0225,15.57758842,0,1.2,15.57758842
31.04,15.57627203,-0.1165071864,15.50733133,16.55130789,16.27745437,0,1,1,0,0.01,15.57627203,1,0.0225,15.57627203,0,1.2,15.57627203
31.05,15.57519514,-0.1220090628,15.82080307,16.50045428,17.80840445,0,1,1,0,0.01,15.57519514,1,0.0225,15.57519514,0,1.2,15.57519514
31.06,15.57398963,-0.09884020238,15.53492197,16.63629498,18.45284457,0,1,1,0,0.01,15.57398963,1,0.0225,15.57398963,0,1.2,15.57398963
31.07,15.57294571,-0.1169561652,15.65053301,16.74107131,15.14199704,0,1,1,0,0.01,15.57294571,1,0.0225,15.57294571,0,1.2,15.57294571
31.08,15.571932,-0.09225385529,15.66796351,16.69147764,14.93502821,0,1,1,0,0.01,15.571932,1,0.0225,15.571932,0,1.2,15.571932
31.09,15.57111674,-0.06564338507,15.45332767,16.60049264,16.53618741,0,1,1,0,0.01,15.57111674,1,0.0225,15.57111674,0,1.2,15.57111674
31.1,15.57051934,-0.05566457955,15.5821478,16.52904715,17.64091145,0,1,1,0,0.01,15.57051934,1,0.0225,15.57051934,0,1.2,15.57051934
31.11,15.5700459,-0.05630472714,15.556733,16.29193552,15.69996473,0,1,1,0,0.01,15.5700459,1,0.0225,15.5700459,0,1.2,15.5700459
31.12,15.56970192,-0.02625240336,15.76072977,16.39369559,14.8401468,0,1,1,0,0.01,15.56970192,1,0.0225,15.56970192,0,1.2,15.56970192
31.13,15.56918874,-0.0646167233,15.6351837,16.60327282,14.47326747,0,1,1,0,0.01,15.56918874,1,0.0225,15.56918874,0,1.2,15.56918874
31.14,15.56872087,-0.03243649253,15.71175906,16.34577762,15.80476718,0,1,1,0,0.01,15.56872087,1,0.0225,15.56872087,0,1.2,15.56872087
31.15,15.56832817,-0.06546430725,15.68280157,16.42743764,15.03279868,0,1,1,0,0.01,15.56832817,1,0.0225,15.56832817,0,1.2,15.56832817
31.16,15.5677254,-0.07343801469,15.52546556,16.27566817,15.20272795,0,1,1,0,0.01,15.5677254,1,0.0225,15.5677254,0,1.2,15.5677254
31.17,15.56718583,-0.03932727665,15.5623977,16.58055696,14.35689052,0,1,1,0,0.01,15.56718583,1,0.0225,15.56718583,0,1.2,15.56718583
31.18,15.56679676,-0.03542408135,15.621987,16.38830519,17.04498399,0,1,1,0,0.01,15.56679676,1,0.0225,15.56679676,0,1.2,15.56679676
31.19,15.56664028,-0.0127847609,15.60238991,16.63293671,17.48447961,0,1,1,0,0.01,15.56664028,1,0.0225,15.56664028,0,1.2,15.56664028
31.2,15.56653055,-0.01653508749,15.56496429,16.66966956,15.6592647,0,1,1,0,0.01,15.56653055,1,0.0225,15.56653055,0,1.2,15.56653055
31.21,15.56621697,-0.04349726913,15.43667491,16.69565457,16.52622778,0,1,1,0,0.01,15.56621697,1,0.0225,15.56621697,0,1.2,15.56621697
31.22,15.56581274,-0.04439721098,15.5165728,16.52175073,14.24366747,0,1,1,0,0.01,15.56581274,1,0.0225,15.56581274,0,1.2,15.56581274
31.23,15.56533577,-0.04761894791,15.46050792,16.31840357,15.11827968,0,1,1,0,0.01,15.56533577,1,0.0225,15.56533577,0,1.2,15.56533577
31.24,15.56503924,-0.03266714131,15.42347787,16.49285791,15.88562331,0,1,1,0,0.01,15.56503924,1,0.0225,15.56503924,0,1.2,15.56503924
31.25,15.5649202,0.01023437496,15.50810034,16.55646134,15.44462341,0,1,1,0,0.01,15.5649202,1,0.0225,15.5649202,0,1.2,15.5649202
31.26,15.56519271,0.03335946233,15.57197385,16.54999383,18.1863769,0,1,1,0,0.01,15.56519271,1,0.0225,15.56519271,0,1.2,15.56519271
31.27,15.56535677,0.0004989033132,15.53645235,16.52175648,17.01294263,0,1,1,0,0.01,15.56535677,1,0.0225,15.56535677,0,1.2,15.56535677
31.28,15.5654141,0.0147115206,15.66096927,16.90707495,16.61871018,0,1,1,0,0.01,15.5654141,1,0.0225,15.5654141,0,1.2,15.5654141
31.29,15.56560233,0.02029207336,15.51316457,16.5482473,16.96300762,0,1,1,0,0.01,15.56560233,1,0.0225,15.56560233,0,1.2,15.56560233
31.3,15.56567728,0.000726935786,15.62291504,16.61652992,16.19176536,0,1,1,0,0.01,15.56567728,1,0.0225,15.56567728,0,1.2,15.56567728
31.31,15.56571062,0.00473479925,15.5659977,16.2135085,15.75135987,0,1,1,0,0.01,15.56571062,1,0.0225,15.56571062,0,1.2,15.56571062
31.32,15.56572892,-0.009203489627,15.64946715,16.43960455,14.11552688,0,1,1,0,0.01,15.56572892,1,0.0225,15.56572892,0,1.2,15.56572892
31.33,15.56556358,-0.01225540888,15.53773406,16.50705464,14.38462044,0,1,1,0,0.01,15.56556358,1,0.0225,15.56556358,0,1.2,15.56556358
31.34,15.56538973,-0.0199992575,15.73129613,16.50078146,16.54085582,0,1,1,0,0.01,15.56538973,1,0.0225,15.56538973,0,1.2,15.56538973
31.35,15.56528816,0.003683719742,15.38947447,16.40861092,14.87720644,0,1,1,0,0.01,15.56528816,1,0.0225,15.56528816,0,1.2,15.56528816
31.36,15.56532947,0.01319048544,15.57228345,16.54111456,15.42952117,0,1,1,0,0.01,15.56532947,1,0.0225,15.56532947,0,1.2,15.56532947
31.37,15.5652528,-0.01498283405,15.58085791,16.40686704,16.3554122,0,1,1,0,0.01,15.5652528,1,0.0225,15.5652528,0,1.2,15.5652528
31.38,15.5650412,-0.04277921523,15.62751672,16.38174723,16.05085764,0,1,1,0,0.01,15.5650412,1,0.0225,15.5650412,0,1.2,15.5650412
31.39,15.56459303,-0.06115366489,15.52873752,16.63610955,14.91442599,0,1,1,0,0.01,15.56459303,1,0.0225,15.56459303,0,1.2,15.56459303
31.4,15.56410758,-0.03422677167,15.50060186,16.86737345,16.06843757,0,1,1,0,0.01,15.56410758,1,0.0225,15.56410758,0,1.2,15.56410758
31.41,15.56393977,-0.003979513074,15.46576327,16.67105744,14.59995374,0,1,1,0,0.01,15.56393977,1,0.0225,15.56393977,0,1.2,15.56393977
31.42,15.56396657,0.02073328979,15.36396948,16.87158965,15.21404295,0,1,1,0,0.01,15.56396657,1,0.0225,15.56396657,0,1.2,15.56396657
31.43,15.56406344,-0.003012023877,15.78113076,16.73164367,16.35981972,0,1,1,0,0.01,15.56406344,1,0.0225,15.56406344,0,1.2,15.56406344
31.44,15.56397185,-0.0379461147,15.70478074,16.25068002,12.83512313,0,1,1,0,0.01,15.56397185,1,0.0225,15.56397185,0,1.2,15.56397185
31.45,15.56365066,-0.01877549188,15.60157354,16.78017578,15.84794945,0,1,1,0,0.01,15.56365066,1,0.0225,15.56365066,0,1.2,15.56365066
31.46,15.56342356,-0.01616638121,15.4459228,16.81981055,14.86945472,0,1,1,0,0.01,15.56342356,1,0.0225,15.56342356,0,1.2,15.56342356
31.47,15.56342693,0.004124112129,15.50074384,16.36341393,16.56036431,0,1,1,0,0.01,15.56342693,1,0.0225,15.56342693,0,1.2,15.56342693
31.48,15.56342926,0.008285029879,15.61216219,16.74665134,15.5454106,0,1,1,0,0.01,15.56342926,1,0.0225,15.56342926,0,1.2,15.56342926
31.49,15.56361884,0.04204314374,15.74229836,16.62612355,15.45405834,0,1,1,0,0.01,15.56361884,1,0.0225,15.56361884,0,1.2,15.56361884
31.5,15.56418277,0.05275514414,15.45315654,16.20347328,14.92834343,0,1,1,0,0.01,15.56418277,1,0.0225,15.56418277,0,1.2,15.56418277
31.51,15.56466908,0.0515260208,15.55973243,16.60916782,15.85741625,0,1,1,0,0.01,15.56466908,1,0.0225,15.56466908,0,1.2,15.56466908
31.52,15.56530584,0.05800195856,15.57328279,16.60766201,16.61840846,0,1,1,0,0.01,15.56530584,1,0.0225,15.56530584,0,1.2,15.56530584
31.53,15.56601526,0.1026565726,15.76210255,16.60214126,14.26545342,0,1,1,0,0.01,15.56601526,1,0.0225,15.56601526,0,1.2,15.56601526
31.54,15.56733389,0.1545298087,15.60812984,16.59233432,15.94286664,0,1,1,0,0.01,15.56733389,1,0.0225,15.56733389,0,1.2,15.56733389
31.55,15.56885537,0.1597825176,15.45536082,16.60219885,12.17300445,0,1,1,0,0.01,15.56885537,1,0.0225,15.56885537,0,1.2,15.56885537
31.56,15.57054755,0.1591471695,15.55723299,16.1408646,14.26249285,0,1,1,0,0.01,15.57054755,1,0.0225,15.57054755,0,1.2,15.57054755
31.57,15.57230268,0.1978642602,15.44616604,16.70799112,14.18517598,0,1,1,0,0.01,15.57230268,1,0.0225,15.57230268,0,1.2,15.57230268
31.58,15.57413173,0.1724859707,15.54557751,16.70040561,15.90341325,0,1,1,0,0.01,15.57413173,1,0.0225,15.57413173,0,1.2,15.57413173
31.59,15.57598634,0.209637923,15.35006555,16.62687423,15.49556804,0,1,1,0,0.01,15.57598634,1,0.0225,15.57598634,0,1.2,15.57598634
31.6,15.57787443,0.1828957294,15.47502306,16.31509001,18.07286616,0,1,1,0,0.01,15.57787443,1,0.0225,15.57787443,0,1.2,15.57787443
31.61,15.57978141,0.184307123,15.5686937,16.4312986,15.39721669,0,1,1,0,0.01,15.57978141,1,0.0225,15.57978141,0,1.2,15.57978141
31.62,15.58173473,0.1845040057,15.64465711,16.64464929,14.8320843,0,1,1,0,0.01,15.58173473,1,0.0225,15.58173473,0,1.2,15.58173473
31.63,15.58368335,0.2048413049,15.55412813,16.63073594,15.82998357,0,1,1,0,0.01,15.58368335,1,0.0225,15.58368335,0,1.2,15.58368335
31.64,15.58572888,0.2103056808,15.49402451,16.63034284,14.73186403,0,1,1,0,0.01,15.58572888,1,0.0225,15.58572888,0,1.2,15.58572888
31.65,15.5879694,0.2262234121,15.68744727,16.71473297,15.3546811,0,1,1,0,0.01,15.5879694,1,0.0225,15.5879694,0,1.2,15.5879694
31.66,15.59015503,0.2288085752,15.56779567,16.5342043,15.82623934,0,1,1,0,0.01,15.59015503,1,0.0225,15.59015503,0,1.2,15.59015503
31.67,15.59245472,0.2356378906,15.4843688,16.83077978,16.05856499,0,1,1,0,0.01,15.59245472,1,0.0225,15.59245472,0,1.2,15.59245472
31.68,15.59486938,0.2364966594,15.59628418,16.42755886,15.46996576,0,1,1,0,0.01,15.59486938,1,0.0225,15.59486938,0,1.2,15.59486938
31.69,15.59719299,0.2083758427,15.48928287,16.71451107,17.20463542,0,1,1,0,0.01,15.59719299,1,0.0225,15.59719299,0,1.2,15.59719299
31.7,15.59929459,0.2366809465,15.65257377,16.62270902,15.53862234,0,1,1,0,0.01,15.59929459,1,0.0225,15.59929459,0,1.2,15.59929459
31.71,15.6015435,0.2414779475,15.5621681,16.61324443,16.36024736,0,1,1,0,0.01,15.6015435,1,0.0225,15.6015435,0,1.2,15.6015435
31.72,15.60403423,0.2391652651,15.55298531,16.6529919,16.1982935,0,1,1,0,0.01,15.60403423,1,0.0225,15.60403423,0,1.2,15.60403423
31.73,15.60658077,0.2599866737,15.51762248,16.47238533,14.74515471,0,1,1,0,0.01,15.60658077,1,0.0225,15.60658077,0,1.2,15.60658077
31.74,15.60939588,0.3057871459,15.70203236,16.7059438,14.18213945,0,1,1,0,0.01,15.60939588,1,0.0225,15.60939588,0,1.2,15.60939588
31.75,15.61259272,0.3082459699,15.63125486,16.40468973,14.93747592,0,1,1,0,0.01,15.61259272,1,0.0225,15.61259272,0,1.2,15.61259272
31.76,15.61556702,0.2781381674,15.44090561,16.64507681,13.58101078,0,1,1,0,0.01,15.61556702,1,0.0225,15.61556702,0,1.2,15.61556702
31.77,15.61833598,0.2757893164,15.70434487,16.4755259,16.10369678,0,1,1,0,0.01,15.61833598,1,0.0225,15.61833598,0,1.2,15.61833598
31.78,15.62113113,0.2916113322,15.64275576,16.48163385,14.26245523,0,1,1,0,0.01,15.62113113,1,0.0225,15.62113113,0,1.2,15.62113113
31.79,15.62434646,0.3489310362,15.55590199,16.62084332,14.87597219,0,1,1,0,0.01,15.62434646,1,0.0225,15.62434646,0,1.2,15.62434646
31.8,15.62769586,0.3319128627,15.72790222,16.5889227,15.01265129,0,1,1,0,0.01,15.62769586,1,0.0225,15.62769586,0,1.2,15.62769586
31.81,15.6310103,0.3246438969,15.57937204,16.75105397,15.67382597,0,1,1,0,0.01,15.6310103,1,0.0225,15.6310103,0,1.2,15.6310103
31.82,15.63412021,0.315731931,15.5538059,16.72892363,15.31118127,0,1,1,0,0.01,15.63412021,1,0.0225,15.63412021,0,1.2,15.63412021
31.83,15.63725969,0.3078461588,15.58165703,16.6457512,16.19575751,0,1,1,0,0.01,15.63725969,1,0.0225,15.63725969,0,1.2,15.63725969
31.84,15.64031064,0.2984785357,15.59839267,16.9767486,12.85227227,0,1,1,0,0.01,15.64031064,1,0.0225,15.64031064,0,1.2,15.64031064
31.85,15.64305404,0.2439872543,15.42810369,16.85305942,14.38248742,0,1,1,0,0.01,15.64305404,1,0.0225,15.64305404,0,1.2,15.64305404
31.86,15.64539532,0.2150850404,15.63952178,16.83257159,15.17434408,0,1,1,0,0.01,15.64539532,1,0.0225,15.64539532,0,1.2,15.64539532
31.87,15.64781725,0.2385823951,15.69253576,16.76678688,13.92126918,0,1,1,0,0.01,15.64781725,1,0.0225,15.64781725,0,1.2,15.64781725
31.88,15.65025137,0.2334978452,15.89056071,16.84604554,16.26892164,0,1,1,0,0.01,15.65025137,1,0.0225,15.65025137,0,1.2,15.65025137
31.89,15.65244048,0.2102882273,15.76671251,16.62601442,16.22787729,0,1,1,0,0.01,15.65244048,1,0.0225,15.65244048,0,1.2,15.65244048
31.9,15.65455384,0.2032442501,15.77646936,16.56464068,15.46571612,0,1,1,0,0.01,15.65455384,1,0.0225,15.65455384,0,1.2,15.65455384
31.91,15.65632581,0.1491638676,15.52723433,16.73498389,14.98203247,0,1,1,0,0.01,15.65632581,1,0.0225,15.65632581,0,1.2,15.65632581
31.92,15.65778524,0.1494710952,15.64649815,16.54516696,15.62006359,0,1,1,0,0.01,15.65778524,1,0.0225,15.65778524,0,1.2,15.65778524
31.93,15.65922245,0.1390189978,15.46818152,16.68949202,14.29315807,0,1,1,0,0.01,15.65922245,1,0.0225,15.65922245,0,1.2,15.65922245
31.94,15.66055561,0.1172256391,15.79630679,16.73068133,12.85007531,0,1,1,0,0.01,15.66055561,1,0.0225,15.66055561,0,1.2,15.66055561
31.95,15.66193077,0.1265979502,15.52418315,16.74010105,15.59425826,0,1,1,0,0.01,15.66193077,1,0.0225,15.66193077,0,1.2,15.66193077
31.96,15.66316397,0.130323254,15.6957536,16.51264647,15.61556874,0,1,1,0,0.01,15.66316397,1,0.0225,15.66316397,0,1.2,15.66316397
31.97,15.66447158,0.1452647443,15.76774947,16.54853437,16.47619126,0,1,1,0,0.01,15.66447158,1,0.0225,15.66447158,0,1.2,15.66447158
31.98,15.66597297,0.1564721106,15.57874027,16.4644023,13.63394341,0,1,1,0,0.01,15.66597297,1,0.0225,15.66597297,0,1.2,15.66597297
31.99,15.66743073,0.1355966145,15.64321846,16.489507,16.0650908,0,1,1,0,0.01,15.66743073,1,0.0225,15.66743073,0,1.2,15.66743073
32,15.66891306,0.152546827,15.55651506,16.5404349,15.54112495,0,1,1,0,0.01,15.66891306,1,0.0225,15.66891306,0,1.2,15.66891306
32.01,15.67050526,0.1609657753,15.73914299,16.68425658,15.8453493,0,1,1,0,0.01,15.67050526,1,0.0225,15.67050526,0,1.2,15.67050526
32.02,15.67208915,0.1304377358,15.39781638,16.73948251,15.29298071,0,1,1,0,0.01,15.67208915,1,0.0225,15.67208915,0,1.2,15.67208915
32.03,15.67325637,0.1129184872,15.7944338,16.19763016,15.60266941,0,1,1,0,0.01,15.67325637,1,0.0225,15.67325637,0,1.2,15.67325637
32.04,15.67451063,0.1221258319,15.585405,16.55260054,15.9861128,0,1,1,0,0.01,15.67451063,1,0.0225,15.67451063,0,1.2,15.67451063
32.05,15.67566663,0.09683256204,15.68203353,16.57882968,17.31138223,0,1,1,0,0.01,15.67566663,1,0.0225,15.67566663,0,1.2,15.67566663
32.06,15.67640906,0.0575080422,15.81525825,16.90855831,15.1961112,0,1,1,0,0.01,15.67640906,1,0.0225,15.67640906,0,1.2,15.67640906
32.07,15.67698825,0.0791890417,15.68025135,16.37499105,15.87013624,0,1,1,0,0.01,15.67698825,1,0.0225,15.67698825,0,1.2,15.67698825
32.08,15.67776431,0.08040092661,15.80280784,16.98357446,15.69302629,0,1,1,0,0.01,15.67776431,1,0.0225,15.67776431,0,1.2,15.67776431
32.09,15.67841115,0.04420543502,15.76106636,16.85884937,17.71417042,0,1,1,0,0.01,15.67841115,1,0.0225,15.67841115,0,1.2,15.67841115
32.1,15.67886667,0.03985181466,15.75939769,16.84823855,14.94201098,0,1,1,0,0.01,15.67886667,1,0.0225,15.67886667,0,1.2,15.67886667
32.11,15.67930513,0.05902216735,15.7186055,16.84119322,15.47442815,0,1,1,0,0.01,15.67930513,1,0.0225,15.67930513,0,1.2,15.67930513
32.12,15.67992134,0.05083340897,15.84608297,16.48619904,16.21577288,0,1,1,0,0.01,15.67992134,1,0.0225,15.67992134,0,1.2,15.67992134
32.13,15.68032708,0.0417511678,15.79515053,16.40255209,15.3731146,0,1,1,0,0.01,15.68032708,1,0.0225,15.68032708,0,1.2,15.68032708
32.14,15.68076688,0.05137221135,15.54781646,16.46372556,15.51228657,0,1,1,0,0.01,15.68076688,1,0.0225,15.68076688,0,1.2,15.68076688
32.15,15.68127468,0.05752846131,15.90111626,16.86323308,15.8301419,0,1,1,0,0.01,15.68127468,1,0.0225,15.68127468,0,1.2,15.68127468
32.16,15.68187167,0.04720041667,15.80614231,16.83390104,14.38720325,0,1,1,0,0.01,15.68187167,1,0.0225,15.68187167,0,1.2,15.68187167
32.17,15.68237736,0.04205648533,15.79509197,16.57356008,15.1918655,0,1,1,0,0.01,15.68237736,1,0.0225,15.68237736,0,1.2,15.68237736
32.18,15.68296022,0.06634216687,15.64648144,16.80934213,15.30684687,0,1,1,0,0.01,15.68296022,1,0.0225,15.68296022,0,1.2,15.68296022
32.19,15.68354017,0.06488163453,15.58329304,16.49635299,16.36590259,0,1,1,0,0.01,15.68354017,1,0.0225,15.68354017,0,1.2,15.68354017
32.2,15.68405599,0.04805124129,15.69686056,16.70696257,13.98432472,0,1,1,0,0.01,15.68405599,1,0.0225,15.68405599,0,1.2,15.68405599
32.21,15.68453809,0.04791287625,15.61032052,16.81058728,16.35859255,0,1,1,0,0.01,15.68453809,1,0.0225,15.68453809,0,1.2,15.68453809
32.22,15.68490272,0.02277312136,15.66659393,16.83304362,16.34092359,0,1,1,0,0.01,15.68490272,1,0.0225,15.68490272,0,1.2,15.68490272
32.23,15.68515561,0.01029197071,15.71424093,16.68108318,15.13354857,0,1,1,0,0.01,15.68515561,1,0.0225,15.68515561,0,1.2,15.68515561
32.24,15.68562596,0.0593287483,15.60550109,16.91252999,14.85640623,0,1,1,0,0.01,15.68562596,1,0.0225,15.68562596,0,1.2,15.68562596
32.25,15.68646891,0.07845293322,15.75689982,16.62800654,15.21215436,0,1,1,0,0.01,15.68646891,1,0.0225,15.68646891,0,1.2,15.68646891
32.26,15.68729452,0.07576426889,15.67142717,16.64658199,14.08401084,0,1,1,0,0.01,15.68729452,1,0.0225,15.68729452,0,1.2,15.68729452
32.27,15.68807184,0.06495724427,15.81388204,16.91760195,15.14960902,0,1,1,0,0.01,15.68807184,1,0.0225,15.68807184,0,1.2,15.68807184
32.28,15.68873671,0.08240219448,15.8401048,16.96034289,15.77245265,0,1,1,0,0.01,15.68873671,1,0.0225,15.68873671,0,1.2,15.68873671
32.29,15.68978318,0.1249562712,15.75190243,16.86308661,16.63671405,0,1,1,0,0.01,15.68978318,1,0.0225,15.68978318,0,1.2,15.68978318
32.3,15.69081874,0.08944827409,15.74218591,16.8143592,15.35915689,0,1,1,0,0.01,15.69081874,1,0.0225,15.69081874,0,1.2,15.69081874
32.31,15.69178631,0.1246073971,15.63806468,16.90998519,17.19244213,0,1,1,0,0.01,15.69178631,1,0.0225,15.69178631,0,1.2,15.69178631
32.32,15.69305085,0.1323230198,15.61864579,16.85030072,16.11888482,0,1,1,0,0.01,15.69305085,1,0.0225,15.69305085,0,1.2,15.69305085
32.33,15.69426444,0.1143736664,15.55182488,16.7312541,14.7380819,0,1,1,0,0.01,15.69426444,1,0.0225,15.69426444,0,1.2,15.69426444
32.34,15.69546477,0.128093589,15.71739786,16.36882035,16.86175337,0,1,1,0,0.01,15.69546477,1,0.0225,15.69546477,0,1.2,15.69546477
32.35,15.69677689,0.1292235286,15.83114832,16.81657858,16.21879943,0,1,1,0,0.01,15.69677689,1,0.0225,15.69677689,0,1.2,15.69677689
32.36,15.6979278,0.0942295755,15.63117669,16.64467709,14.2719377,0,1,1,0,0.01,15.6979278,1,0.0225,15.6979278,0,1.2,15.6979278
32.37,15.698579,0.03629282086,15.82343418,16.70577764,13.95430875,0,1,1,0,0.01,15.698579,1,0.0225,15.698579,0,1.2,15.698579
32.38,15.69906887,0.04543639217,15.77090911,16.83011002,15.43255835,0,1,1,0,0.01,15.69906887,1,0.0225,15.69906887,0,1.2,15.69906887
32.39,15.69934142,0.02172885589,15.64749327,16.518781,15.33372236,0,1,1,0,0.01,15.69934142,1,0.0225,15.69934142,0,1.2,15.69934142
32.4,15.69944123,-0.009095852375,15.71275432,16.50995765,15.20850194,0,1,1,0,0.01,15.69944123,1,0.0225,15.69944123,0,1.2,15.69944123
32.41,15.69928634,-0.0297142886,15.85347316,17.02657359,14.44439074,0,1,1,0,0.01,15.69928634,1,0.0225,15.69928634,0,1.2,15.69928634
32.42,15.69910915,-0.007020167924,15.52483855,16.62832837,15.32760558,0,1,1,0,0.01,15.69910915,1,0.0225,15.69910915,0,1.2,15.69910915
32.43,15.69915512,0.01295457979,15.75400158,16.55974671,14.71194841,0,1,1,0,0.01,15.69915512,1,0.0225,15.69915512,0,1.2,15.69915512
32.44,15.69936461,0.03411086099,15.81350208,16.72709206,17.71206413,0,1,1,0,0.01,15.69936461,1,0.0225,15.69936461,0,1.2,15.69936461
32.45,15.69967957,0.03668442247,15.50744834,16.79357489,14.80156842,0,1,1,0,0.01,15.69967957,1,0.0225,15.69967957,0,1.2,15.69967957
32.46,15.69999782,0.02046608911,15.64721992,16.80437035,15.67227549,0,1,1,0,0.01,15.69999782,1,0.0225,15.69999782,0,1.2,15.69999782
32.47,15.70013639,0.01832374663,15.85460204,16.83404436,15.17402905,0,1,1,0,0.01,15.70013639,1,0.0225,15.70013639,0,1.2,15.70013639
32.48,15.70028716,0.02763446781,15.78091725,16.7852962,16.30369359,0,1,1,0,0.01,15.70028716,1,0.0225,15.70028716,0,1.2,15.70028716
32.49,15.70043383,0.01030998048,15.49952085,16.84907056,18.07244786,0,1,1,0,0.01,15.70043383,1,0.0225,15.70043383,0,1.2,15.70043383
32.5,15.70045923,-0.006957834235,15.64249212,17.00544019,16.93686061,0,1,1,0,0.01,15.70045923,1,0.0225,15.70045923,0,1.2,15.70045923
32.51,15.70039232,-0.004576008595,15.75123333,16.64090869,14.69744039,0,1,1,0,0.01,15.70039232,1,0.0225,15.70039232,0,1.2,15.70039232
32.52,15.70047248,0.01450396282,15.79003646,16.61167615,15.96224191,0,1,1,0,0.01,15.70047248,1,0.0225,15.70047248,0,1.2,15.70047248
32.53,15.70034583,-0.0204930668,15.70895259,16.65419283,16.9950934,0,1,1,0,0.01,15.70034583,1,0.0225,15.70034583,0,1.2,15.70034583
32.54,15.70016531,-0.01206215191,15.66652859,16.69065949,16.37086543,0,1,1,0,0.01,15.70016531,1,0.0225,15.70016531,0,1.2,15.70016531
32.55,15.70002118,-0.03758274383,15.9060463,16.9819183,15.05114269,0,1,1,0,0.01,15.70002118,1,0.0225,15.70002118,0,1.2,15.70002118
32.56,15.69964674,-0.04469632078,15.70188781,16.85791433,15.07157593,0,1,1,0,0.01,15.69964674,1,0.0225,15.69964674,0,1.2,15.69964674
32.57,15.69935521,-0.01365974082,15.67861241,16.41999152,15.63618894,0,1,1,0,0.01,15.69935521,1,0.0225,15.69935521,0,1.2,15.69935521
32.58,15.69891333,-0.06575618091,15.45030229,16.43658038,15.30843115,0,1,1,0,0.01,15.69891333,1,0.0225,15.69891333,0,1.2,15.69891333
32.59,15.69813897,-0.08912924159,15.76979345,16.89933777,16.73940428,0,1,1,0,0.01,15.69813897,1,0.0225,15.69813897,0,1.2,15.69813897
32.6,15.69743644,-0.07067765106,15.6801757,16.88175718,14.76773861,0,1,1,0,0.01,15.69743644,1,0.0225,15.69743644,0,1.2,15.69743644
32.61,15.69679635,-0.05605636032,15.89418822,16.78993241,14.47560075,0,1,1,0,0.01,15.69679635,1,0.0225,15.69679635,0,1.2,15.69679635
32.62,15.69601993,-0.08302258012,15.60733596,16.62472048,13.12597438,0,1,1,0,0.01,15.69601993,1,0.0225,15.69601993,0,1.2,15.69601993
32.63,15.69516328,-0.06850169248,15.5990468,16.8573953,14.70627441,0,1,1,0,0.01,15.69516328,1,0.0225,15.69516328,0,1.2,15.69516328
32.64,15.69440641,-0.07903139111,15.69150575,16.3582836,15.72196813,0,1,1,0,0.01,15.69440641,1,0.0225,15.69440641,0,1.2,15.69440641
32.65,15.69339432,-0.1029749175,15.96466574,16.85405045,15.41816005,0,1,1,0,0.01,15.69339432,1,0.0225,15.69339432,0,1.2,15.69339432
32.66,15.69226971,-0.116728037,15.61408349,16.6557988,15.43565878,0,1,1,0,0.01,15.69226971,1,0.0225,15.69226971,0,1.2,15.69226971
32.67,15.69064535,-0.1749596188,15.44646862,16.89271899,14.7732459,0,1,1,0,0.01,15.69064535,1,0.0225,15.69064535,0,1.2,15.69064535
32.68,15.68883736,-0.1841912701,15.62143847,16.60917994,16.31767099,0,1,1,0,0.01,15.68883736,1,0.0225,15.68883736,0,1.2,15.68883736
32.69,15.68690324,-0.1889570087,15.65631704,16.58353636,16.70817084,0,1,1,0,0.01,15.68690324,1,0.0225,15.68690324,0,1.2,15.68690324
32.7,15.68505692,-0.1839927598,15.5866268,16.84235811,15.76909511,0,1,1,0,0.01,15.68505692,1,0.0225,15.68505692,0,1.2,15.68505692
32.71,15.68323318,-0.1808453031,15.70080243,16.78629975,15.96564772,0,1,1,0,0.01,15.68323318,1,0.0225,15.68323318,0,1.2,15.68323318
32.72,15.68131526,-0.1919148235,15.82036343,16.62992381,15.32485451,0,1,1,0,0.01,15.68131526,1,0.0225,15.68131526,0,1.2,15.68131526
32.73,15.67945204,-0.156039843,15.87779037,16.71120673,16.45014646,0,1,1,0,0.01,15.67945204,1,0.0225,15.67945204,0,1.2,15.67945204
32.74,15.67771178,-0.2032038817,15.59655703,16.4371388,15.62855536,0,1,1,0,0.01,15.67771178,1,0.0225,15.67771178,0,1.2,15.67771178
32.75,15.67544517,-0.2511468446,15.53076546,16.83165789,14.54943317,0,1,1,0,0.01,15.67544517,1,0.0225,15.67544517,0,1.2,15.67544517
32.76,15.67299811,-0.236950025,15.68276786,16.87701628,15.58891211,0,1,1,0,0.01,15.67299811,1,0.0225,15.67299811,0,1.2,15.67299811
32.77,15.67050477,-0.2441007038,15.68259068,16.6796024,14.87764987,0,1,1,0,0.01,15.67050477,1,0.0225,15.67050477,0,1.2,15.67050477
32.78,15.66803948,-0.2565865545,15.61872254,16.52938777,16.2836895,0,1,1,0,0.01,15.66803948,1,0.0225,15.66803948,0,1.2,15.66803948
32.79,15.66559039,-0.2534351125,15.60607195,16.41838443,15.71297932,0,1,1,0,0.01,15.66559039,1,0.0225,15.66559039,0,1.2,15.66559039
32.8,15.66293606,-0.2999091134,15.86688013,16.64395498,14.96761817,0,1,1,0,0.01,15.66293606,1,0.0225,15.66293606,0,1.2,15.66293606
32.81,15.66006166,-0.2749260683,15.65771052,16.92761767,17.02050501,0,1,1,0,0.01,15.66006166,1,0.0225,15.66006166,0,1.2,15.66006166
32.82,15.65735186,-0.2688200177,15.63600224,16.68148739,18.20011327,0,1,1,0,0.01,15.65735186,1,0.0225,15.65735186,0,1.2,15.65735186
32.83,15.65479141,-0.2501873405,15.80743771,16.68018438,17.5580308,0,1,1,0,0.01,15.65479141,1,0.0225,15.65479141,0,1.2,15.65479141
32.84,15.65230897,-0.2582495595,15.62757357,16.61026663,15.10496993,0,1,1,0,0.01,15.65230897,1,0.0225,15.65230897,0,1.2,15.65230897
32.85,15.64963397,-0.2785440261,15.57469156,16.73970815,15.56325788,0,1,1,0,0.01,15.64963397,1,0.0225,15.64963397,0,1.2,15.64963397
32.86,15.64671951,-0.3025959574,15.76177988,16.79214944,14.43666178,0,1,1,0,0.01,15.64671951,1,0.0225,15.64671951,0,1.2,15.64671951
32.87,15.64386947,-0.2734293673,15.68377024,16.42619266,14.55610227,0,1,1,0,0.01,15.64386947,1,0.0225,15.64386947,0,1.2,15.64386947
32.88,15.64111235,-0.2739904512,15.66631238,16.46572497,16.54498444,0,1,1,0,0.01,15.64111235,1,0.0225,15.64111235,0,1.2,15.64111235
32.89,15.63831802,-0.2668108236,15.76032794,16.56618381,15.51072909,0,1,1,0,0.01,15.63831802,1,0.0225,15.63831802,0,1.2,15.63831802
32.9,15.63566342,-0.2705267732,15.61823797,16.68249026,15.11062959,0,1,1,0,0.01,15.63566342,1,0.0225,15.63566342,0,1.2,15.63566342
32.91,15.63304521,-0.2480666984,15.62821964,16.66431174,16.39271917,0,1,1,0,0.01,15.63304521,1,0.0225,15.63304521,0,1.2,15.63304521
32.92,15.6309845,-0.1769257032,15.69727854,16.6441273,12.67228585,0,1,1,0,0.01,15.6309845,1,0.0225,15.6309845,0,1.2,15.6309845
32.93,15.62916427,-0.1817830485,15.60704339,16.57213174,16.46005106,0,1,1,0,0.01,15.62916427,1,0.0225,15.62916427,0,1.2,15.62916427
32.94,15.62730151,-0.1936455901,15.76013951,16.59998592,14.85631368,0,1,1,0,0.01,15.62730151,1,0.0225,15.62730151,0,1.2,15.62730151
32.95,15.62543794,-0.1717115494,15.68522329,16.48968054,15.39163993,0,1,1,0,0.01,15.62543794,1,0.0225,15.62543794,0,1.2,15.62543794
32.96,15.62375422,-0.1782746148,15.69919865,16.79045816,15.15568821,0,1,1,0,0.01,15.62375422,1,0.0225,15.62375422,0,1.2,15.62375422
32.97,15.62196595,-0.173501213,15.68845384,16.32670507,15.0209095,0,1,1,0,0.01,15.62196595,1,0.0225,15.62196595,0,1.2,15.62196595
32.98,15.6205669,-0.1203812459,15.60953424,16.64717288,16.02348576,0,1,1,0,0.01,15.6205669,1,0.0225,15.6205669,0,1.2,15.6205669
32.99,15.61936506,-0.1163404341,15.80559968,16.62132637,14.14215761,0,1,1,0,0.01,15.61936506,1,0.0225,15.61936506,0,1.2,15.61936506
33,15.61860372,-0.05541198103,15.57781415,16.68230578,14.91361919,0,1,1,0,0.01,15.61860372,1,0.0225,15.61860372,0,1.2,15.61860372
33.01,15.61797456,-0.07410701566,15.56927659,17.04440424,15.86931626,0,1,1,0,0.01,15.61797456,1,0.0225,15.61797456,0,1.2,15.61797456
33.02,15.61712215,-0.08023103067,15.5875332,16.60370307,14.33522467,0,1,1,0,0.01,15.61712215,1,0.0225,15.61712215,0,1.2,15.61712215
33.03,15.61649064,-0.06391279167,15.5281896,16.58593854,15.22466341,0,1,1,0,0.01,15.61649064,1,0.0225,15.61649064,0,1.2,15.61649064
33.04,15.61576102,-0.06562668767,15.58697455,16.77731188,14.95342285,0,1,1,0,0.01,15.61576102,1,0.0225,15.61576102,0,1.2,15.61576102
33.05,15.61517844,-0.04167439022,15.63613392,16.7314251,14.59768686,0,1,1,0,0.01,15.61517844,1,0.0225,15.61517844,0,1.2,15.61517844
33.06,15.61460346,-0.06306637455,15.47545274,16.60677802,13.70640596,0,1,1,0,0.01,15.61460346,1,0.0225,15.61460346,0,1.2,15.61460346
33.07,15.6138858,-0.06906983511,15.64430529,16.76746026,14.73239608,0,1,1,0,0.01,15.6138858,1,0.0225,15.6138858,0,1.2,15.6138858
33.08,15.61334265,-0.0325960078,15.36535724,16.39518695,16.47289047,0,1,1,0,0.01,15.61334265,1,0.0225,15.61334265,0,1.2,15.61334265
33.09,15.61295147,-0.05880222231,15.50871355,16.60836346,13.54116617,0,1,1,0,0.01,15.61295147,1,0.0225,15.61295147,0,1.2,15.61295147
33.1,15.61224187,-0.0809936567,15.58456758,16.68866802,13.38463986,0,1,1,0,0.01,15.61224187,1,0.0225,15.61224187,0,1.2,15.61224187
33.11,15.61140589,-0.09957218381,15.49275098,16.69539124,15.27524816,0,1,1,0,0.01,15.61140589,1,0.0225,15.61140589,0,1.2,15.61140589
33.12,15.61031784,-0.1292140825,15.64007679,16.44982274,15.24021078,0,1,1,0,0.01,15.61031784,1,0.0225,15.61031784,0,1.2,15.61031784
33.13,15.60903197,-0.1264776202,15.5310266,16.71039537,14.74713783,0,1,1,0,0.01,15.60903197,1,0.0225,15.60903197,0,1.2,15.60903197
33.14,15.60784463,-0.1458594685,15.55196369,16.58772953,14.31565258,0,1,1,0,0.01,15.60784463,1,0.0225,15.60784463,0,1.2,15.60784463
33.15,15.60606819,-0.1992578227,15.54695591,16.71896898,14.42016996,0,1,1,0,0.01,15.60606819,1,0.0225,15.60606819,0,1.2,15.60606819
33.16,15.60413479,-0.1964397901,15.62399996,16.63519601,15.4792512,0,1,1,0,0.01,15.60413479,1,0.0225,15.60413479,0,1.2,15.60413479
33.17,15.60199101,-0.2152299773,15.70046313,16.58285195,15.46587193,0,1,1,0,0.01,15.60199101,1,0.0225,15.60199101,0,1.2,15.60199101
33.18,15.59991113,-0.2023079074,15.54950463,16.43416599,14.58913937,0,1,1,0,0.01,15.59991113,1,0.0225,15.59991113,0,1.2,15.59991113
33.19,15.59782806,-0.2103125363,15.61425901,16.78154469,16.15327637,0,1,1,0,0.01,15.59782806,1,0.0225,15.59782806,0,1.2,15.59782806
33.2,15.59572403,-0.2171063103,15.60655375,16.25722177,14.484738,0,1,1,0,0.01,15.59572403,1,0.0225,15.59572403,0,1.2,15.59572403
33.21,15.5934184,-0.2348344213,15.62512272,16.72413664,16.77360441,0,1,1,0,0.01,15.5934184,1,0.0225,15.5934184,0,1.2,15.5934184
33.22,15.59129017,-0.1972786098,15.57500945,16.37585122,16.32143057,0,1,1,0,0.01,15.59129017,1,0.0225,15.59129017,0,1.2,15.59129017
33.23,15.58946521,-0.173514546,15.61843268,16.75573633,17.09482761,0,1,1,0,0.01,15.58946521,1,0.0225,15.58946521,0,1.2,15.58946521
33.24,15.58778927,-0.1758581788,15.65110246,16.71914585,15.77270543,0,1,1,0,0.01,15.58778927,1,0.0225,15.58778927,0,1.2,15.58778927
33.25,15.58622748,-0.1476986077,15.47685779,16.74364366,14.63182764,0,1,1,0,0.01,15.58622748,1,0.0225,15.58622748,0,1.2,15.58622748
33.26,15.5847532,-0.1403581033,15.5451867,16.71164479,15.29369536,0,1,1,0,0.01,15.5847532,1,0.0225,15.5847532,0,1.2,15.5847532
33.27,15.58329512,-0.1644711951,15.50285754,16.44792391,14.10619131,0,1,1,0,0.01,15.58329512,1,0.0225,15.58329512,0,1.2,15.58329512
33.28,15.58151826,-0.1820377943,15.49094022,16.51095985,15.07901349,0,1,1,0,0.01,15.58151826,1,0.0225,15.58151826,0,1.2,15.58151826
33.29,15.57984512,-0.1339539122,15.55955142,16.63400704,15.09006326,0,1,1,0,0.01,15.57984512,1,0.0225,15.57984512,0,1.2,15.57984512
33.3,15.57839135,-0.1504463833,15.51547375,16.66912851,16.83810812,0,1,1,0,0.01,15.57839135,1,0.0225,15.57839135,0,1.2,15.57839135
33.31,15.57676411,-0.1748471722,15.44700597,16.48006344,16.9004229,0,1,1,0,0.01,15.57676411,1,0.0225,15.57676411,0,1.2,15.57676411
33.32,15.57492203,-0.1811958786,15.72331029,16.52432172,14.35416587,0,1,1,0,0.01,15.57492203,1,0.0225,15.57492203,0,1.2,15.57492203
33.33,15.57283854,-0.2194931662,15.60576397,16.36449867,15.04164939,0,1,1,0,0.01,15.57283854,1,0.0225,15.57283854,0,1.2,15.57283854
33.34,15.57069513,-0.2002419389,15.57322381,16.45591237,16.74323369,0,1,1,0,0.01,15.57069513,1,0.0225,15.57069513,0,1.2,15.57069513
33.35,15.56847278,-0.225349392,15.48780397,16.42075177,16.68944896,0,1,1,0,0.01,15.56847278,1,0.0225,15.56847278,0,1.2,15.56847278
33.36,15.56620538,-0.2286334708,15.3432842,16.48403089,15.09599998,0,1,1,0,0.01,15.56620538,1,0.0225,15.56620538,0,1.2,15.56620538
33.37,15.5639785,-0.2128607907,15.60349109,16.82244486,16.18580596,0,1,1,0,0.01,15.5639785,1,0.0225,15.5639785,0,1.2,15.5639785
33.38,15.56185609,-0.2050083321,15.77315377,16.83064246,16.05786321,0,1,1,0,0.01,15.56185609,1,0.0225,15.56185609,0,1.2,15.56185609
33.39,15.55969082,-0.2141893285,15.57042136,16.56203327,17.31643477,0,1,1,0,0.01,15.55969082,1,0.0225,15.55969082,0,1.2,15.55969082
33.4,15.55781649,-0.1801042776,15.4701961,16.57592523,14.65899636,0,1,1,0,0.01,15.55781649,1,0.0225,15.55781649,0,1.2,15.55781649
33.41,15.55598296,-0.1787177678,15.54214082,16.8035003,15.46147343,0,1,1,0,0.01,15.55598296,1,0.0225,15.55598296,0,1.2,15.55598296
33.42,15.55420182,-0.1790379409,15.50926062,16.6347004,13.69220242,0,1,1,0,0.01,15.55420182,1,0.0225,15.55420182,0,1.2,15.55420182
33.43,15.55232342,-0.1915097361,15.53331777,16.48392628,16.1860509,0,1,1,0,0.01,15.55232342,1,0.0225,15.55232342,0,1.2,15.55232342
33.44,15.55061016,-0.1615399546,15.54467228,16.52127288,13.20314403,0,1,1,0,0.01,15.55061016,1,0.0225,15.55061016,0,1.2,15.55061016
33.45,15.54902895,-0.1500920158,15.50512602,16.71309487,17.353986,0,1,1,0,0.01,15.54902895,1,0.0225,15.54902895,0,1.2,15.54902895
33.46,15.54750841,-0.147087646,15.619001,16.57564026,14.68827793,0,1,1,0,0.01,15.54750841,1,0.0225,15.54750841,0,1.2,15.54750841
33.47,15.54613112,-0.1425351665,15.4217677,16.55119087,16.92170027,0,1,1,0,0.01,15.54613112,1,0.0225,15.54613112,0,1.2,15.54613112
33.48,15.54470279,-0.1035383654,15.62166974,16.70756584,16.36382783,0,1,1,0,0.01,15.54470279,1,0.0225,15.54470279,0,1.2,15.54470279
33.49,15.54356377,-0.1067240644,15.45001872,16.51751685,17.23713388,0,1,1,0,0.01,15.54356377,1,0.0225,15.54356377,0,1.2,15.54356377
33.5,15.5424647,-0.09675894836,15.5766721,16.67497337,13.26847542,0,1,1,0,0.01,15.5424647,1,0.0225,15.5424647,0,1.2,15.5424647
33.51,15.54162858,-0.0719444567,15.54719907,16.63953971,15.00050241,0,1,1,0,0.01,15.54162858,1,0.0225,15.54162858,0,1.2,15.54162858
33.52,15.54104597,-0.0629433662,15.54212407,16.52742171,15.45949528,0,1,1,0,0.01,15.54104597,1,0.0225,15.54104597,0,1.2,15.54104597
33.53,15.54037144,-0.05912501872,15.55833128,16.30423221,14.70226145,0,1,1,0,0.01,15.54037144,1,0.0225,15.54037144,0,1.2,15.54037144
33.54,15.53976228,-0.07377912835,15.47852075,16.93843994,15.25993165,0,1,1,0,0.01,15.53976228,1,0.0225,15.53976228,0,1.2,15.53976228
33.55,15.5389594,-0.07913411549,15.62288566,16.37738218,14.25750695,0,1,1,0,0.01,15.5389594,1,0.0225,15.5389594,0,1.2,15.5389594
33.56,15.53838337,-0.04899594529,15.52198621,16.52738775,16.35474078,0,1,1,0,0.01,15.53838337,1,0.0225,15.53838337,0,1.2,15.53838337
33.57,15.53793366,-0.03767116064,15.60776313,16.62627665,15.10100292,0,1,1,0,0.01,15.53793366,1,0.0225,15.53793366,0,1.2,15.53793366
33.58,15.53751723,-0.04300607137,15.60549517,16.63433416,13.58911495,0,1,1,0,0.01,15.53751723,1,0.0225,15.53751723,0,1.2,15.53751723
33.59,15.53715592,-0.02343391404,15.50427116,16.90185323,16.57144691,0,1,1,0,0.01,15.53715592,1,0.0225,15.53715592,0,1.2,15.53715592
33.6,15.53698529,-0.0153926029,15.58870143,16.54370659,16.45672235,0,1,1,0,0.01,15.53698529,1,0.0225,15.53698529,0,1.2,15.53698529
33.61,15.53689288,-0.002803401564,15.54567406,16.54483567,15.9634952,0,1,1,0,0.01,15.53689288,1,0.0225,15.53689288,0,1.2,15.53689288
33.62,15.5369896,0.01649132231,15.59684325,16.48721101,15.83912151,0,1,1,0,0.01,15.5369896,1,0.0225,15.5369896,0,1.2,15.5369896
33.63,15.53717721,0.01378485349,15.57882454,16.52670424,15.49922858,0,1,1,0,0.01,15.53717721,1,0.0225,15.53717721,0,1.2,15.53717721
33.64,15.5370305,-0.007296731649,15.5867725,16.44922624,15.18842698,0,1,1,0,0.01,15.5370305,1,0.0225,15.5370305,0,1.2,15.5370305
33.65,15.53693118,-0.006386573971,15.4159417,16.50529389,14.72852416,0,1,1,0,0.01,15.53693118,1,0.0225,15.53693118,0,1.2,15.53693118
33.66,15.53679016,-0.02411608125,15.4754514,16.5517958,15.45153944,0,1,1,0,0.01,15.53679016,1,0.0225,15.53679016,0,1.2,15.53679016
33.67,15.53638982,-0.03861094132,15.67165713,16.52133688,15.30129679,0,1,1,0,0.01,15.53638982,1,0.0225,15.53638982,0,1.2,15.53638982
33.68,15.53572332,-0.07774096056,15.50605404,16.53786086,14.66597824,0,1,1,0,0.01,15.53572332,1,0.0225,15.53572332,0,1.2,15.53572332
33.69,15.53490583,-0.07670875975,15.50603719,16.38772533,14.72556074,0,1,1,0,0.01,15.53490583,1,0.0225,15.53490583,0,1.2,15.53490583
33.7,15.53403914,-0.09462443753,15.4491718,16.51001156,15.42916484,0,1,1,0,0.01,15.53403914,1,0.0225,15.53403914,0,1.2,15.53403914
33.71,15.5331085,-0.08659387796,15.56801314,16.53982789,15.3340498,0,1,1,0,0.01,15.5331085,1,0.0225,15.5331085,0,1.2,15.5331085
33.72,15.53230615,-0.08855997445,15.72327298,16.50598496,16.54709717,0,1,1,0,0.01,15.53230615,1,0.0225,15.53230615,0,1.2,15.53230615
33.73,15.53158726,-0.06570463427,15.55230754,16.44022022,14.82394412,0,1,1,0,0.01,15.53158726,1,0.0225,15.53158726,0,1.2,15.53158726
33.74,15.53092233,-0.0704348966,15.48599103,16.54946543,15.84299897,0,1,1,0,0.01,15.53092233,1,0.0225,15.53092233,0,1.2,15.53092233
33.75,15.53016541,-0.07649777843,15.47327952,16.56834129,17.03956966,0,1,1,0,0.01,15.53016541,1,0.0225,15.53016541,0,1.2,15.53016541
33.76,15.5294403,-0.06844187382,15.74409289,16.52022705,16.31511466,0,1,1,0,0.01,15.5294403,1,0.0225,15.5294403,0,1.2,15.5294403
33.77,15.52878626,-0.05328948905,15.44035727,16.39922463,15.99706503,0,1,1,0,0.01,15.52878626,1,0.0225,15.52878626,0,1.2,15.52878626
33.78,15.52810759,-0.0777479233,15.48685297,16.6645307,14.93904559,0,1,1,0,0.01,15.52810759,1,0.0225,15.52810759,0,1.2,15.52810759
33.79,15.52723723,-0.08746336868,15.56862008,16.58760225,15.40517575,0,1,1,0,0.01,15.52723723,1,0.0225,15.52723723,0,1.2,15.52723723
33.8,15.52653378,-0.0531175044,15.55306968,16.62433779,16.04985372,0,1,1,0,0.01,15.52653378,1,0.0225,15.52653378,0,1.2,15.52653378
33.81,15.52596738,-0.0449525725,15.55472548,16.25356817,16.0677159,0,1,1,0,0.01,15.52596738,1,0.0225,15.52596738,0,1.2,15.52596738
33.82,15.52544784,-0.05666558134,15.64810137,16.82799365,14.98434976,0,1,1,0,0.01,15.52544784,1,0.0225,15.52544784,0,1.2,15.52544784
33.83,15.52484386,-0.05860003306,15.4540252,16.55042182,14.98516727,0,1,1,0,0.01,15.52484386,1,0.0225,15.52484386,0,1.2,15.52484386
33.84,15.524168,-0.08271454064,15.773043,16.62197673,16.06378764,0,1,1,0,0.01,15.524168,1,0.0225,15.524168,0,1.2,15.524168
33.85,15.52333437,-0.06806284801,15.43894458,16.60725715,13.7373778,0,1,1,0,0.01,15.52333437,1,0.0225,15.52333437,0,1.2,15.52333437
33.86,15.52264665,-0.05815091843,15.47251438,16.6988996,17.37030951,0,1,1,0,0.01,15.52264665,1,0.0225,15.52264665,0,1.2,15.52264665
33.87,15.52224263,-0.0249700809,15.5798747,16.666042,15.76026993,0,1,1,0,0.01,15.52224263,1,0.0225,15.52224263,0,1.2,15.52224263
33.88,15.52208416,-0.009236581696,15.43497494,16.55404451,14.26938774,0,1,1,0,0.01,15.52208416,1,0.0225,15.52208416,0,1.2,15.52208416
33.89,15.52210456,-0.0003969870941,15.42052645,16.38386675,14.71797237,0,1,1,0,0.01,15.52210456,1,0.0225,15.52210456,0,1.2,15.52210456
33.9,15.52202371,-0.01069020051,15.57352897,16.61977046,13.86478669,0,1,1,0,0.01,15.52202371,1,0.0225,15.52202371,0,1.2,15.52202371
33.91,15.52190141,-0.001560022509,15.58493847,16.59966852,14.49660819,0,1,1,0,0.01,15.52190141,1,0.0225,15.52190141,0,1.2,15.52190141
33.92,15.52184784,-0.001697884001,15.71467299,16.34846646,14.78379462,0,1,1,0,0.01,15.52184784,1,0.0225,15.52184784,0,1.2,15.52184784
33.93,15.52177519,0.009603501031,15.41437518,16.8413825,13.80145998,0,1,1,0,0.01,15.52177519,1,0.0225,15.52177519,0,1.2,15.52177519
33.94,15.52177928,-0.006570711436,15.59821754,16.48147939,15.38862259,0,1,1,0,0.01,15.52177928,1,0.0225,15.52177928,0,1.2,15.52177928
33.95,15.52153557,-0.03793569444,15.381409,16.85239631,15.68460358,0,1,1,0,0.01,15.52153557,1,0.0225,15.52153557,0,1.2,15.52153557
33.96,15.52103142,-0.05900770229,15.50277105,16.64532376,15.63429114,0,1,1,0,0.01,15.52103142,1,0.0225,15.52103142,0,1.2,15.52103142
33.97,15.52033436,-0.07153071538,15.70693101,16.778461,14.41797984,0,1,1,0,0.01,15.52033436,1,0.0225,15.52033436,0,1.2,15.52033436
33.98,15.51954,-0.08290186993,15.49395122,16.21318845,15.44486514,0,1,1,0,0.01,15.51954,1,0.0225,15.51954,0,1.2,15.51954
33.99,15.51884683,-0.06941720745,15.37266963,16.38847078,15.98044387,0,1,1,0,0.01,15.51884683,1,0.0225,15.51884683,0,1.2,15.51884683
34,15.51823391,-0.04410522074,15.48749159,16.30767253,15.06603506,0,1,1,0,0.01,15.51823391,1,0.0225,15.51823391,0,1.2,15.51823391
34.01,15.51801027,-0.0357322539,15.38756082,16.59139426,15.76395121,0,1,1,0,0.01,15.51801027,1,0.0225,15.51801027,0,1.2,15.51801027
34.02,15.51758268,-0.07154855684,15.63247907,16.45566935,15.52978194,0,1,1,0,0.01,15.51758268,1,0.0225,15.51758268,0,1.2,15.51758268
34.03,15.5168898,-0.07157411934,15.47140788,16.52409241,14.81523115,0,1,1,0,0.01,15.5168898,1,0.0225,15.5168898,0,1.2,15.5168898
34.04,15.51613094,-0.08797557412,15.30386986,16.39816481,16.02732336,0,1,1,0,0.01,15.51613094,1,0.0225,15.51613094,0,1.2,15.51613094
34.05,15.51529582,-0.09525525345,15.45314374,16.39182868,16.2502663,0,1,1,0,0.01,15.51529582,1,0.0225,15.51529582,0,1.2,15.51529582
34.06,15.51435274,-0.08552945358,15.67245406,16.74523662,13.44523483,0,1,1,0,0.01,15.51435274,1,0.0225,15.51435274,0,1.2,15.51435274
34.07,15.51344496,-0.09973854031,15.56759267,16.71673855,15.74434595,0,1,1,0,0.01,15.51344496,1,0.0225,15.51344496,0,1.2,15.51344496
34.08,15.51233747,-0.1283390699,15.30974533,16.46851952,15.32125733,0,1,1,0,0.01,15.51233747,1,0.0225,15.51233747,0,1.2,15.51233747
34.09,15.51104951,-0.1220221917,15.48132103,16.72216788,17.55896955,0,1,1,0,0.01,15.51104951,1,0.0225,15.51104951,0,1.2,15.51104951
34.1,15.50988839,-0.1283734062,15.54710783,16.66304954,14.470709,0,1,1,0,0.01,15.50988839,1,0.0225,15.50988839,0,1.2,15.50988839
34.11,15.50841486,-0.1729442436,15.57385963,16.61734036,15.11679148,0,1,1,0,0.01,15.50841486,1,0.0225,15.50841486,0,1.2,15.50841486
34.12,15.5068488,-0.156489898,15.59277173,16.37545845,15.83405274,0,1,1,0,0.01,15.5068488,1,0.0225,15.5068488,0,1.2,15.5068488
34.13,15.50511764,-0.1735529326,15.68317164,16.67102813,17.25811273,0,1,1,0,0.01,15.50511764,1,0.0225,15.50511764,0,1.2,15.50511764
34.14,15.50350299,-0.1606561264,15.56449717,16.50366906,15.88009089,0,1,1,0,0.01,15.50350299,1,0.0225,15.50350299,0,1.2,15.50350299
34.15,15.50183718,-0.166860567,15.23827275,16.51336271,15.79942985,0,1,1,0,0.01,15.50183718,1,0.0225,15.50183718,0,1.2,15.50183718
34.16,15.50006119,-0.1759954042,15.37517056,16.44251479,16.30759925,0,1,1,0,0.01,15.50006119,1,0.0225,15.50006119,0,1.2,15.50006119
34.17,15.49819593,-0.1871733497,15.48834723,16.35299276,16.69095001,0,1,1,0,0.01,15.49819593,1,0.0225,15.49819593,0,1.2,15.49819593
34.18,15.49642174,-0.1602383148,15.44196074,16.3066088,15.71284661,0,1,1,0,0.01,15.49642174,1,0.0225,15.49642174,0,1.2,15.49642174
34.19,15.49486021,-0.159132124,15.5601527,16.44366775,16.93011618,0,1,1,0,0.01,15.49486021,1,0.0225,15.49486021,0,1.2,15.49486021
34.2,15.49326283,-0.1482427918,15.43893141,16.30002034,14.23113773,0,1,1,0,0.01,15.49326283,1,0.0225,15.49326283,0,1.2,15.49326283
34.21,15.49172917,-0.1724525583,15.51141444,16.36142983,16.05113096,0,1,1,0,0.01,15.49172917,1,0.0225,15.49172917,0,1.2,15.49172917
34.22,15.4898972,-0.1786641584,15.53480427,16.52068835,14.68444419,0,1,1,0,0.01,15.4898972,1,0.0225,15.4898972,0,1.2,15.4898972
34.23,15.48813077,-0.1945649995,15.62078256,16.3322314,14.96270467,0,1,1,0,0.01,15.48813077,1,0.0225,15.48813077,0,1.2,15.48813077
34.24,15.48636013,-0.1719568111,15.65132378,16.4503069,13.56699545,0,1,1,0,0.01,15.48636013,1,0.0225,15.48636013,0,1.2,15.48636013
34.25,15.48466381,-0.1653176021,15.54824541,16.38413859,15.13166894,0,1,1,0,0.01,15.48466381,1,0.0225,15.48466381,0,1.2,15.48466381
34.26,15.48303348,-0.1517993756,15.50845479,16.51739865,17.20362605,0,1,1,0,0.01,15.48303348,1,0.0225,15.48303348,0,1.2,15.48303348
34.27,15.48174573,-0.1262017275,15.51406235,16.33246304,16.53091234,0,1,1,0,0.01,15.48174573,1,0.0225,15.48174573,0,1.2,15.48174573
34.28,15.48047974,-0.143891606,15.39400762,16.56617305,13.81123127,0,1,1,0,0.01,15.48047974,1,0.0225,15.48047974,0,1.2,15.48047974
34.29,15.47900885,-0.1436442198,15.48341972,16.56244429,15.36753483,0,1,1,0,0.01,15.47900885,1,0.0225,15.47900885,0,1.2,15.47900885
34.3,15.4773355,-0.1588415999,15.32266426,16.70684473,14.03694159,0,1,1,0,0.01,15.4773355,1,0.0225,15.4773355,0,1.2,15.4773355
34.31,15.47569111,-0.1811057281,15.43168571,16.277713,15.53951516,0,1,1,0,0.01,15.47569111,1,0.0225,15.47569111,0,1.2,15.47569111
34.32,15.47393841,-0.1751657469,15.5501149,16.40225765,15.18937803,0,1,1,0,0.01,15.47393841,1,0.0225,15.47393841,0,1.2,15.47393841
34.33,15.47210386,-0.1712566962,15.43721716,16.30802078,14.03468145,0,1,1,0,0.01,15.47210386,1,0.0225,15.47210386,0,1.2,15.47210386
34.34,15.47012767,-0.2089717295,15.47275295,16.61373536,16.58313958,0,1,1,0,0.01,15.47012767,1,0.0225,15.47012767,0,1.2,15.47012767
34.35,15.46811068,-0.2192402726,15.4393033,16.47509318,15.02223132,0,1,1,0,0.01,15.46811068,1,0.0225,15.46811068,0,1.2,15.46811068
34.36,15.46592797,-0.190599582,15.41179391,16.18417393,15.06880898,0,1,1,0,0.01,15.46592797,1,0.0225,15.46592797,0,1.2,15.46592797
34.37,15.46401892,-0.1957471178,15.566097,16.25360747,15.84628523,0,1,1,0,0.01,15.46401892,1,0.0225,15.46401892,0,1.2,15.46401892
34.38,15.4620739,-0.2013304175,15.50485876,16.53462105,15.97176829,0,1,1,0,0.01,15.4620739,1,0.0225,15.4620739,0,1.2,15.4620739
34.39,15.46009808,-0.1997146924,15.54508265,16.45850469,15.17421329,0,1,1,0,0.01,15.46009808,1,0.0225,15.46009808,0,1.2,15.46009808
34.4,15.45793986,-0.2277749706,15.5252627,16.56012397,16.21573521,0,1,1,0,0.01,15.45793986,1,0.0225,15.45793986,0,1.2,15.45793986
34.41,15.4554008,-0.261205386,15.42151772,16.26625572,14.24008476,0,1,1,0,0.01,15.4554008,1,0.0225,15.4554008,0,1.2,15.4554008
34.42,15.45298835,-0.2265939963,15.44221834,16.33150959,14.0345651,0,1,1,0,0.01,15.45298835,1,0.0225,15.45298835,0,1.2,15.45298835
34.43,15.4507492,-0.1993097116,15.57584398,16.4236914,14.56807097,0,1,1,0,0.01,15.4507492,1,0.0225,15.4507492,0,1.2,15.4507492
34.44,15.44876792,-0.2013920019,15.59398436,15.92282398,15.54985048,0,1,1,0,0.01,15.44876792,1,0.0225,15.44876792,0,1.2,15.44876792
34.45,15.44672808,-0.2023901563,15.68876987,16.30794661,16.16740635,0,1,1,0,0.01,15.44672808,1,0.0225,15.44672808,0,1.2,15.44672808
34.46,15.44463296,-0.185972462,15.64212843,16.39153169,16.08335326,0,1,1,0,0.01,15.44463296,1,0.0225,15.44463296,0,1.2,15.44463296
34.47,15.44261001,-0.2146286858,15.58333138,16.37320134,15.37228762,0,1,1,0,0.01,15.44261001,1,0.0225,15.44261001,0,1.2,15.44261001
34.48,15.44033907,-0.2447107792,15.35101311,16.43333139,15.57842134,0,1,1,0,0.01,15.44033907,1,0.0225,15.44033907,0,1.2,15.44033907
34.49,15.43763086,-0.2758292209,15.50640887,16.55061638,15.13604411,0,1,1,0,0.01,15.43763086,1,0.0225,15.43763086,0,1.2,15.43763086
34.5,15.43480852,-0.2728994427,15.4310725,16.65610791,15.24860233,0,1,1,0,0.01,15.43480852,1,0.0225,15.43480852,0,1.2,15.43480852
34.51,15.432024,-0.27801174,15.44746058,16.58820454,14.33959052,0,1,1,0,0.01,15.432024,1,0.0225,15.432024,0,1.2,15.432024
34.52,15.42926212,-0.2666669699,15.53797723,16.38692118,13.90079899,0,1,1,0,0.01,15.42926212,1,0.0225,15.42926212,0,1.2,15.42926212
34.53,15.42648291,-0.2928223738,15.31929267,16.40420073,14.56636025,0,1,1,0,0.01,15.42648291,1,0.0225,15.42648291,0,1.2,15.42648291
34.54,15.42373217,-0.2554505782,15.3214928,16.44355918,17.65986422,0,1,1,0,0.01,15.42373217,1,0.0225,15.42373217,0,1.2,15.42373217
34.55,15.42109669,-0.2811985818,15.42921385,16.4449746,16.79269043,0,1,1,0,0.01,15.42109669,1,0.0225,15.42109669,0,1.2,15.42109669
34.56,15.41823965,-0.2942211468,15.11040939,16.4504638,13.25280087,0,1,1,0,0.01,15.41823965,1,0.0225,15.41823965,0,1.2,15.41823965
34.57,15.41548275,-0.2510285838,15.46184736,16.47378457,16.64121248,0,1,1,0,0.01,15.41548275,1,0.0225,15.41548275,0,1.2,15.41548275
34.58,15.41291841,-0.2587318371,15.29976925,16.42103426,14.01333787,0,1,1,0,0.01,15.41291841,1,0.0225,15.41291841,0,1.2,15.41291841
34.59,15.41002937,-0.2975700138,15.23936124,16.49200398,14.19454398,0,1,1,0,0.01,15.41002937,1,0.0225,15.41002937,0,1.2,15.41002937
34.6,15.40698464,-0.3113010015,15.39582046,16.37683351,17.45186758,0,1,1,0,0.01,15.40698464,1,0.0225,15.40698464,0,1.2,15.40698464
34.61,15.40392221,-0.3031936572,15.29468508,16.50850861,15.75516317,0,1,1,0,0.01,15.40392221,1,0.0225,15.40392221,0,1.2,15.40392221
34.62,15.40088569,-0.3231788077,15.56193866,16.50709949,14.76595006,0,1,1,0,0.01,15.40088569,1,0.0225,15.40088569,0,1.2,15.40088569
34.63,15.39779043,-0.3044448626,15.34675079,16.39928749,15.757968,0,1,1,0,0.01,15.39779043,1,0.0225,15.39779043,0,1.2,15.39779043
34.64,15.39454477,-0.3394652952,15.45215565,16.11086529,16.19145548,0,1,1,0,0.01,15.39454477,1,0.0225,15.39454477,0,1.2,15.39454477
34.65,15.39099673,-0.3417756892,15.3235574,16.63403595,15.49353512,0,1,1,0,0.01,15.39099673,1,0.0225,15.39099673,0,1.2,15.39099673
34.66,15.38778399,-0.307350636,15.56171253,16.26828832,16.48468517,0,1,1,0,0.01,15.38778399,1,0.0225,15.38778399,0,1.2,15.38778399
34.67,15.38453548,-0.3293190817,15.35233204,16.09228303,14.66070267,0,1,1,0,0.01,15.38453548,1,0.0225,15.38453548,0,1.2,15.38453548
34.68,15.38130103,-0.3316937513,15.28619409,16.51214064,14.91308042,0,1,1,0,0.01,15.38130103,1,0.0225,15.38130103,0,1.2,15.38130103
34.69,15.37793734,-0.3365900582,15.29177402,16.38722306,14.0696187,0,1,1,0,0.01,15.37793734,1,0.0225,15.37793734,0,1.2,15.37793734
34.7,15.37449662,-0.3495148536,15.37310635,16.36937224,15.6519494,0,1,1,0,0.01,15.37449662,1,0.0225,15.37449662,0,1.2,15.37449662
34.71,15.37121154,-0.319326857,15.22603805,16.23691865,15.09884877,0,1,1,0,0.01,15.37121154,1,0.0225,15.37121154,0,1.2,15.37121154
34.72,15.36817209,-0.2809930302,15.42097752,16.25854732,15.07992626,0,1,1,0,0.01,15.36817209,1,0.0225,15.36817209,0,1.2,15.36817209
34.73,15.36534712,-0.296945233,15.2326118,16.33452566,14.73238156,0,1,1,0,0.01,15.36534712,1,0.0225,15.36534712,0,1.2,15.36534712
34.74,15.36213063,-0.3249091939,15.27301658,16.36798336,15.68243072,0,1,1,0,0.01,15.36213063,1,0.0225,15.36213063,0,1.2,15.36213063
34.75,15.35860597,-0.3490908216,15.32678158,16.24801085,16.05963216,0,1,1,0,0.01,15.35860597,1,0.0225,15.35860597,0,1.2,15.35860597
34.76,15.3552899,-0.3242118795,15.15949337,16.47591609,17.10530227,0,1,1,0,0.01,15.3552899,1,0.0225,15.3552899,0,1.2,15.3552899
34.77,15.35198103,-0.3540969257,15.35112942,16.30541507,15.11701225,0,1,1,0,0.01,15.35198103,1,0.0225,15.35198103,0,1.2,15.35198103
34.78,15.34833653,-0.3604621023,15.38820995,16.27228886,17.2463741,0,1,1,0,0.01,15.34833653,1,0.0225,15.34833653,0,1.2,15.34833653
34.79,15.34451553,-0.4085775619,15.37214887,16.36954852,16.01567002,0,1,1,0,0.01,15.34451553,1,0.0225,15.34451553,0,1.2,15.34451553
34.8,15.34056865,-0.3989077037,15.4360371,16.40749125,16.23518394,0,1,1,0,0.01,15.34056865,1,0.0225,15.34056865,0,1.2,15.34056865
34.81,15.33669889,-0.3860752432,15.46396569,16.49079802,14.17252972,0,1,1,0,0.01,15.33669889,1,0.0225,15.33669889,0,1.2,15.33669889
34.82,15.33315213,-0.3332189206,15.25733321,16.34282969,14.86285757,0,1,1,0,0.01,15.33315213,1,0.0225,15.33315213,0,1.2,15.33315213
34.83,15.32996757,-0.2986708428,15.36569414,16.08997453,18.52130246,0,1,1,0,0.01,15.32996757,1,0.0225,15.32996757,0,1.2,15.32996757
34.84,15.32715888,-0.2672632468,15.32345903,16.24068418,15.59225018,0,1,1,0,0.01,15.32715888,1,0.0225,15.32715888,0,1.2,15.32715888
34.85,15.32460215,-0.2587408864,15.43063734,16.12127627,15.991717,0,1,1,0,0.01,15.32460215,1,0.0225,15.32460215,0,1.2,15.32460215
34.86,15.32210419,-0.2498294298,15.26028196,16.30342477,16.32233452,0,1,1,0,0.01,15.32210419,1,0.0225,15.32210419,0,1.2,15.32210419
34.87,15.31947904,-0.2502606332,15.35714531,16.13725095,15.54533047,0,1,1,0,0.01,15.31947904,1,0.0225,15.31947904,0,1.2,15.31947904
34.88,15.31704227,-0.2361877616,15.4398158,16.19191573,14.90855713,0,1,1,0,0.01,15.31704227,1,0.0225,15.31704227,0,1.2,15.31704227
34.89,15.31445143,-0.2512146814,15.41632399,16.05580892,14.22239607,0,1,1,0,0.01,15.31445143,1,0.0225,15.31445143,0,1.2,15.31445143
34.9,15.31184964,-0.2575523848,15.35358674,16.36765225,15.48678551,0,1,1,0,0.01,15.31184964,1,0.0225,15.31184964,0,1.2,15.31184964
34.91,15.30953647,-0.2099074737,15.08095678,16.43873806,16.30426674,0,1,1,0,0.01,15.30953647,1,0.0225,15.30953647,0,1.2,15.30953647
34.92,15.30748859,-0.2024216863,15.27499862,16.32618632,14.37427634,0,1,1,0,0.01,15.30748859,1,0.0225,15.30748859,0,1.2,15.30748859
34.93,15.30580405,-0.1528929091,15.39448644,16.31927181,14.67656588,0,1,1,0,0.01,15.30580405,1,0.0225,15.30580405,0,1.2,15.30580405
34.94,15.30427693,-0.1613232829,15.16392466,16.26198554,14.40246222,0,1,1,0,0.01,15.30427693,1,0.0225,15.30427693,0,1.2,15.30427693
34.95,15.30261451,-0.162565499,15.2599589,16.22397302,14.49006823,0,1,1,0,0.01,15.30261451,1,0.0225,15.30261451,0,1.2,15.30261451
34.96,15.30085802,-0.1930393932,15.20816502,16.42124125,16.54590891,0,1,1,0,0.01,15.30085802,1,0.0225,15.30085802,0,1.2,15.30085802
34.97,15.29876815,-0.2083406182,15.14506165,16.3440691,14.63497888,0,1,1,0,0.01,15.29876815,1,0.0225,15.29876815,0,1.2,15.29876815
34.98,15.29652587,-0.226666592,15.40493007,16.35612955,14.73768241,0,1,1,0,0.01,15.29652587,1,0.0225,15.29652587,0,1.2,15.29652587
34.99,15.29420154,-0.2408995293,15.14615953,16.23547618,13.92104967,0,1,1,0,0.01,15.29420154,1,0.0225,15.29420154,0,1.2,15.29420154
35,15.29175635,-0.2521016916,15.28226721,16.58828889,14.02568563,0,1,1,0,0.01,15.29175635,1,0.0225,15.29175635,0,1.2,15.29175635
35.01,15.28924491,-0.2814969177,15.47664374,16.1292933,16.27101334,0,1,1,0,0.01,15.28924491,1,0.0225,15.28924491,0,1.2,15.28924491
35.02,15.28635014,-0.2935238245,15.27304572,16.08202569,15.9290592,0,1,1,0,0.01,15.28635014,1,0.0225,15.28635014,0,1.2,15.28635014
35.03,15.28341623,-0.2704153169,15.27185407,16.35908841,16.35533606,0,1,1,0,0.01,15.28341623,1,0.0225,15.28341623,0,1.2,15.28341623
35.04,15.28087955,-0.2441265743,15.16487314,16.43858022,16.18597009,0,1,1,0,0.01,15.28087955,1,0.0225,15.28087955,0,1.2,15.28087955
35.05,15.27842047,-0.2292580338,15.35459415,16.51882905,14.44858033,0,1,1,0,0.01,15.27842047,1,0.0225,15.27842047,0,1.2,15.27842047
35.06,15.27608978,-0.2157582149,15.28774308,16.25571402,15.1525139,0,1,1,0,0.01,15.27608978,1,0.0225,15.27608978,0,1.2,15.27608978
35.07,15.27385061,-0.2242233986,15.31790748,16.34310982,15.27968962,0,1,1,0,0.01,15.27385061,1,0.0225,15.27385061,0,1.2,15.27385061
35.08,15.27164205,-0.2236247204,15.31885365,16.09097456,15.34036901,0,1,1,0,0.01,15.27164205,1,0.0225,15.27164205,0,1.2,15.27164205
35.09,15.26931674,-0.241351172,15.26585773,16.20354246,14.95676034,0,1,1,0,0.01,15.26931674,1,0.0225,15.26931674,0,1.2,15.26931674
35.1,15.26690796,-0.253943663,15.23218694,16.2927376,15.03119374,0,1,1,0,0.01,15.26690796,1,0.0225,15.26690796,0,1.2,15.26690796
35.11,15.26451299,-0.2424733736,15.4301951,16.20498249,15.87148991,0,1,1,0,0.01,15.26451299,1,0.0225,15.26451299,0,1.2,15.26451299
35.12,15.26232244,-0.2108405267,15.1490815,16.34941393,14.55496545,0,1,1,0,0.01,15.26232244,1,0.0225,15.26232244,0,1.2,15.26232244
35.13,15.26025116,-0.2027547483,15.22476914,16.53579189,15.60676478,0,1,1,0,0.01,15.26025116,1,0.0225,15.26025116,0,1.2,15.26025116
35.14,15.25823388,-0.2031130777,15.21888645,16.52389678,13.94365941,0,1,1,0,0.01,15.25823388,1,0.0225,15.25823388,0,1.2,15.25823388
35.15,15.25627405,-0.1916155855,15.33921033,16.05963365,16.53819427,0,1,1,0,0.01,15.25627405,1,0.0225,15.25627405,0,1.2,15.25627405
35.16,15.25441051,-0.1779175909,15.23262201,16.40546246,14.78213443,0,1,1,0,0.01,15.25441051,1,0.0225,15.25441051,0,1.2,15.25441051
35.17,15.25267862,-0.1567416881,15.26164426,16.42083418,15.34271802,0,1,1,0,0.01,15.25267862,1,0.0225,15.25267862,0,1.2,15.25267862
35.18,15.25116848,-0.149076233,15.21423854,16.08863081,14.69203052,0,1,1,0,0.01,15.25116848,1,0.0225,15.25116848,0,1.2,15.25116848
35.19,15.24967542,-0.1339970216,15.26158906,16.16262807,14.32166751,0,1,1,0,0.01,15.24967542,1,0.0225,15.24967542,0,1.2,15.24967542
35.2,15.24839321,-0.1255934908,15.29127192,16.42183387,16.95085383,0,1,1,0,0.01,15.24839321,1,0.0225,15.24839321,0,1.2,15.24839321
35.21,15.24715752,-0.1353046723,15.2240756,15.85248721,17.07522664,0,1,1,0,0.01,15.24715752,1,0.0225,15.24715752,0,1.2,15.24715752
35.22,15.24559654,-0.1576237269,15.45361923,16.12658271,16.2335878,0,1,1,0,0.01,15.24559654,1,0.0225,15.24559654,0,1.2,15.24559654
35.23,15.24407927,-0.1462183323,15.3946155,16.16899211,15.02287383,0,1,1,0,0.01,15.24407927,1,0.0225,15.24407927,0,1.2,15.24407927
35.24,15.24282645,-0.1144823958,15.30557186,16.24143852,15.31103671,0,1,1,0,0.01,15.24282645,1,0.0225,15.24282645,0,1.2,15.24282645
35.25,15.24154619,-0.1240776752,15.35426921,16.31604791,13.44835303,0,1,1,0,0.01,15.24154619,1,0.0225,15.24154619,0,1.2,15.24154619
35.26,15.24034162,-0.1343282688,15.29397581,16.42957718,16.13405616,0,1,1,0,0.01,15.24034162,1,0.0225,15.24034162,0,1.2,15.24034162
35.27,15.2390917,-0.1200277575,15.25448582,16.0223987,14.46337346,0,1,1,0,0.01,15.2390917,1,0.0225,15.2390917,0,1.2,15.2390917
35.28,15.23777145,-0.1417049476,15.19419332,16.12041321,15.64585979,0,1,1,0,0.01,15.23777145,1,0.0225,15.23777145,0,1.2,15.23777145
35.29,15.23651003,-0.1140589763,15.16024772,16.3530092,13.25213705,0,1,1,0,0.01,15.23651003,1,0.0225,15.23651003,0,1.2,15.23651003
35.3,15.23561614,-0.06619424456,15.37056862,16.27192867,16.91882217,0,1,1,0,0.01,15.23561614,1,0.0225,15.23561614,0,1.2,15.23561614
35.31,15.2349051,-0.09492009694,14.86251529,16.32861332,15.79785903,0,1,1,0,0.01,15.2349051,1,0.0225,15.2349051,0,1.2,15.2349051
35.32,15.2340263,-0.0920038141,15.11210389,16.24406753,15.22901474,0,1,1,0,0.01,15.2340263,1,0.0225,15.2340263,0,1.2,15.2340263
35.33,15.2330122,-0.09945216072,15.32976504,16.41871115,16.13648817,0,1,1,0,0.01,15.2330122,1,0.0225,15.2330122,0,1.2,15.2330122
35.34,15.23201072,-0.10575521,15.12691452,16.15956845,15.94728579,0,1,1,0,0.01,15.23201072,1,0.0225,15.23201072,0,1.2,15.23201072
35.35,15.23098021,-0.0902041092,15.3981824,16.14562485,14.49286423,0,1,1,0,0.01,15.23098021,1,0.0225,15.23098021,0,1.2,15.23098021
35.36,15.2301847,-0.07567791331,15.19587918,16.10059692,14.53149149,0,1,1,0,0.01,15.2301847,1,0.0225,15.2301847,0,1.2,15.2301847
35.37,15.22962797,-0.04735298002,15.36850299,15.89802654,14.75213456,0,1,1,0,0.01,15.22962797,1,0.0225,15.22962797,0,1.2,15.22962797
35.38,15.22913954,-0.06245843277,15.36767561,15.94225414,13.92143855,0,1,1,0,0.01,15.22913954,1,0.0225,15.22913954,0,1.2,15.22913954
35.39,15.22836168,-0.07634052796,15.25027301,16.05938752,15.75263328,0,1,1,0,0.01,15.22836168,1,0.0225,15.22836168,0,1.2,15.22836168
35.4,15.22760924,-0.07771311417,15.24189361,15.97784651,14.13440342,0,1,1,0,0.01,15.22760924,1,0.0225,15.22760924,0,1.2,15.22760924
35.41,15.22662023,-0.1209770095,15.19970593,16.53339711,14.77211177,0,1,1,0,0.01,15.22662023,1,0.0225,15.22662023,0,1.2,15.22662023
35.42,15.22546104,-0.1148101384,15.13011469,16.11769584,16.86716429,0,1,1,0,0.01,15.22546104,1,0.0225,15.22546104,0,1.2,15.22546104
35.43,15.22402597,-0.1535658633,15.20434889,16.45699028,15.86010164,0,1,1,0,0.01,15.22402597,1,0.0225,15.22402597,0,1.2,15.22402597
35.44,15.22241964,-0.1608718746,15.35212134,16.14374176,14.99546519,0,1,1,0,0.01,15.22241964,1,0.0225,15.22241964,0,1.2,15.22241964
35.45,15.22108332,-0.1368317401,15.03324739,15.91752439,14.82802223,0,1,1,0,0.01,15.22108332,1,0.0225,15.22108332,0,1.2,15.22108332
35.46,15.21976537,-0.134762956,15.303621,16.2321887,14.07411061,0,1,1,0,0.01,15.21976537,1,0.0225,15.21976537,0,1.2,15.21976537
35.47,15.21825078,-0.1590404288,15.08484697,16.38333521,16.29924776,0,1,1,0,0.01,15.21825078,1,0.0225,15.21825078,0,1.2,15.21825078
35.48,15.21660018,-0.1866961133,15.32777173,16.23664034,14.04202594,0,1,1,0,0.01,15.21660018,1,0.0225,15.21660018,0,1.2,15.21660018
35.49,15.21489902,-0.1489416729,15.26535544,16.11505108,15.28448481,0,1,1,0,0.01,15.21489902,1,0.0225,15.21489902,0,1.2,15.21489902
35.5,15.21344922,-0.1342375164,15.23996292,16.29168495,16.46589256,0,1,1,0,0.01,15.21344922,1,0.0225,15.21344922,0,1.2,15.21344922
35.51,15.21191055,-0.1581407532,15.05550544,16.05481361,16.24208831,0,1,1,0,0.01,15.21191055,1,0.0225,15.21191055,0,1.2,15.21191055
35.52,15.21033071,-0.1803891281,15.39640485,16.38057767,14.95008233,0,1,1,0,0.01,15.21033071,1,0.0225,15.21033071,0,1.2,15.21033071
35.53,15.20864686,-0.1507723514,15.10700253,16.29800235,13.07993692,0,1,1,0,0.01,15.20864686,1,0.0225,15.20864686,0,1.2,15.20864686
35.54,15.20735135,-0.1219104311,15.18271978,15.91197356,14.09200353,0,1,1,0,0.01,15.20735135,1,0.0225,15.20735135,0,1.2,15.20735135
35.55,15.20614283,-0.1332531165,15.3107264,16.25116765,15.19752008,0,1,1,0,0.01,15.20614283,1,0.0225,15.20614283,0,1.2,15.20614283
35.56,15.20480438,-0.1415449213,15.12941202,16.18176646,15.48213194,0,1,1,0,0.01,15.20480438,1,0.0225,15.20480438,0,1.2,15.20480438
35.57,15.20317591,-0.1734539797,15.13086359,15.9620793,15.88664716,0,1,1,0,0.01,15.20317591,1,0.0225,15.20317591,0,1.2,15.20317591
35.58,15.20157268,-0.1664113757,15.26461845,16.32198767,14.36039287,0,1,1,0,0.01,15.20157268,1,0.0225,15.20157268,0,1.2,15.20157268
35.59,15.19990436,-0.1657182257,15.26926214,16.2745371,15.26307018,0,1,1,0,0.01,15.19990436,1,0.0225,15.19990436,0,1.2,15.19990436
35.6,15.19831502,-0.1289418236,15.1903157,15.93457559,15.85712846,0,1,1,0,0.01,15.19831502,1,0.0225,15.19831502,0,1.2,15.19831502
35.61,15.19681712,-0.1625973561,15.23419958,16.1814978,15.7012372,0,1,1,0,0.01,15.19681712,1,0.0225,15.19681712,0,1.2,15.19681712
35.62,15.19514402,-0.157880711,15.20691812,16.0983665,15.47644218,0,1,1,0,0.01,15.19514402,1,0.0225,15.19514402,0,1.2,15.19514402
35.63,15.19335094,-0.179986721,15.25646256,16.10433658,16.44719625,0,1,1,0,0.01,15.19335094,1,0.0225,15.19335094,0,1.2,15.19335094
35.64,15.19161657,-0.1706227625,15.00702292,16.4628589,14.77541098,0,1,1,0,0.01,15.19161657,1,0.0225,15.19161657,0,1.2,15.19161657
35.65,15.18976928,-0.1855712125,15.25541852,16.10525541,16.20035282,0,1,1,0,0.01,15.18976928,1,0.0225,15.18976928,0,1.2,15.18976928
35.66,15.18771017,-0.2120069134,15.14217781,15.92396978,15.14830001,0,1,1,0,0.01,15.18771017,1,0.0225,15.18771017,0,1.2,15.18771017
35.67,15.18577898,-0.1757011902,15.31957859,16.08380745,13.93507219,0,1,1,0,0.01,15.18577898,1,0.0225,15.18577898,0,1.2,15.18577898
35.68,15.18406249,-0.1520742722,15.03754965,16.01702643,15.05000483,0,1,1,0,0.01,15.18406249,1,0.0225,15.18406249,0,1.2,15.18406249
35.69,15.1824055,-0.1564161788,15.32119529,16.21070309,14.83064029,0,1,1,0,0.01,15.1824055,1,0.0225,15.1824055,0,1.2,15.1824055
35.7,15.18079629,-0.1684820224,15.27190493,16.05808277,13.96937181,0,1,1,0,0.01,15.18079629,1,0.0225,15.18079629,0,1.2,15.18079629
35.71,15.17916623,-0.1450280673,15.05710212,16.15355957,14.1695347,0,1,1,0,0.01,15.17916623,1,0.0225,15.17916623,0,1.2,15.17916623
35.72,15.1776431,-0.1656763579,15.26508757,16.07408102,14.05974899,0,1,1,0,0.01,15.1776431,1,0.0225,15.1776431,0,1.2,15.1776431
35.73,15.17593781,-0.1692156016,15.25502192,16.42622115,15.30922742,0,1,1,0,0.01,15.17593781,1,0.0225,15.17593781,0,1.2,15.17593781
35.74,15.17429534,-0.1620145286,15.24707857,16.16440628,15.91664395,0,1,1,0,0.01,15.17429534,1,0.0225,15.17429534,0,1.2,15.17429534
35.75,15.172678,-0.1681930075,15.0950337,16.25882278,13.9257856,0,1,1,0,0.01,15.172678,1,0.0225,15.172678,0,1.2,15.172678
35.76,15.17105817,-0.1447968078,15.16161004,16.23204264,16.05201869,0,1,1,0,0.01,15.17105817,1,0.0225,15.17105817,0,1.2,15.17105817
35.77,15.16954519,-0.1665907952,15.00197644,16.27766274,13.30611146,0,1,1,0,0.01,15.16954519,1,0.0225,15.16954519,0,1.2,15.16954519
35.78,15.16783531,-0.1711143343,15.14975137,16.18402735,16.96448621,0,1,1,0,0.01,15.16783531,1,0.0225,15.16783531,0,1.2,15.16783531
35.79,15.16620744,-0.1660727064,15.11368192,16.09069146,14.19788944,0,1,1,0,0.01,15.16620744,1,0.0225,15.16620744,0,1.2,15.16620744
35.8,15.16456804,-0.1557406314,15.18300087,16.14250296,14.8192637,0,1,1,0,0.01,15.16456804,1,0.0225,15.16456804,0,1.2,15.16456804
35.81,15.16284353,-0.1548422911,15.20342336,16.33603474,13.08263568,0,1,1,0,0.01,15.16284353,1,0.0225,15.16284353,0,1.2,15.16284353
35.82,15.16138892,-0.1520905421,15.21107247,16.29985872,15.56484613,0,1,1,0,0.01,15.16138892,1,0.0225,15.16138892,0,1.2,15.16138892
35.83,15.15970131,-0.1798537807,15.10569912,16.04454844,14.38300587,0,1,1,0,0.01,15.15970131,1,0.0225,15.15970131,0,1.2,15.15970131
35.84,15.15785318,-0.1994330578,15.1126074,16.01410955,16.15675189,0,1,1,0,0.01,15.15785318,1,0.0225,15.15785318,0,1.2,15.15785318
35.85,15.15584472,-0.2072831127,15.16623488,16.11810743,16.66972652,0,1,1,0,0.01,15.15584472,1,0.0225,15.15584472,0,1.2,15.15584472
35.86,15.15382236,-0.2150573951,15.0583443,16.06882094,13.82650847,0,1,1,0,0.01,15.15382236,1,0.0225,15.15382236,0,1.2,15.15382236
35.87,15.15158416,-0.2190905812,15.05346459,16.211841,15.38604662,0,1,1,0,0.01,15.15158416,1,0.0225,15.15158416,0,1.2,15.15158416
35.88,15.14902337,-0.2775916255,14.97620669,16.02031991,15.38890778,0,1,1,0,0.01,15.14902337,1,0.0225,15.14902337,0,1.2,15.14902337
35.89,15.14630077,-0.2550464155,15.17491095,16.19903804,17.06666358,0,1,1,0,0.01,15.14630077,1,0.0225,15.14630077,0,1.2,15.14630077
35.9,15.14375215,-0.2732322025,15.18721385,16.36593684,15.14492431,0,1,1,0,0.01,15.14375215,1,0.0225,15.14375215,0,1.2,15.14375215
35.91,15.1409408,-0.2873601891,15.17144136,16.17191911,14.62393229,0,1,1,0,0.01,15.1409408,1,0.0225,15.1409408,0,1.2,15.1409408
35.92,15.13817644,-0.2745496011,15.04639976,16.01900334,16.39723453,0,1,1,0,0.01,15.13817644,1,0.0225,15.13817644,0,1.2,15.13817644
35.93,15.13550226,-0.2562795836,15.17266218,16.02144232,14.58704852,0,1,1,0,0.01,15.13550226,1,0.0225,15.13550226,0,1.2,15.13550226
35.94,15.13301751,-0.2354676948,15.06612163,16.1657023,15.41050484,0,1,1,0,0.01,15.13301751,1,0.0225,15.13301751,0,1.2,15.13301751
35.95,15.13065538,-0.2289019829,15.14120577,16.09729169,14.85461625,0,1,1,0,0.01,15.13065538,1,0.0225,15.13065538,0,1.2,15.13065538
35.96,15.12816308,-0.2689262299,15.34967284,16.31674704,14.62402721,0,1,1,0,0.01,15.12816308,1,0.0225,15.12816308,0,1.2,15.12816308
35.97,15.1254788,-0.2664518109,15.01333026,16.17335106,15.01255264,0,1,1,0,0.01,15.1254788,1,0.0225,15.1254788,0,1.2,15.1254788
35.98,15.12280779,-0.2791862157,15.24829162,16.36439322,13.5526512,0,1,1,0,0.01,15.12280779,1,0.0225,15.12280779,0,1.2,15.12280779
35.99,15.1201607,-0.249563897,15.05549665,16.13151438,15.99035245,0,1,1,0,0.01,15.1201607,1,0.0225,15.1201607,0,1.2,15.1201607
36,15.1176003,-0.2773353934,15.11926693,15.99952338,15.41743,0,1,1,0,0.01,15.1176003,1,0.0225,15.1176003,0,1.2,15.1176003
36.01,15.11482249,-0.2880897458,15.25683619,16.07919268,14.97286852,0,1,1,0,0.01,15.11482249,1,0.0225,15.11482249,0,1.2,15.11482249
36.02,15.11214555,-0.257892612,15.04867974,16.16121973,14.76752632,0,1,1,0,0.01,15.11214555,1,0.0225,15.11214555,0,1.2,15.11214555
36.03,15.10971318,-0.235088781,15.1899343,16.44446793,17.87485321,0,1,1,0,0.01,15.10971318,1,0.0225,15.10971318,0,1.2,15.10971318
36.04,15.10715095,-0.2604999872,14.9522558,15.92445432,15.31668946,0,1,1,0,0.01,15.10715095,1,0.0225,15.10715095,0,1.2,15.10715095
36.05,15.10452124,-0.2498472337,15.11268965,16.32942137,17.68276572,0,1,1,0,0.01,15.10452124,1,0.0225,15.10452124,0,1.2,15.10452124
36.06,15.10221029,-0.2095969407,15.18428096,16.06720553,15.0967336,0,1,1,0,0.01,15.10221029,1,0.0225,15.10221029,0,1.2,15.10221029
36.07,15.10021289,-0.1823045544,15.18577324,15.94999903,16.49354224,0,1,1,0,0.01,15.10021289,1,0.0225,15.10021289,0,1.2,15.10021289
36.08,15.09851863,-0.1533664317,14.9935033,16.00299,15.87091488,0,1,1,0,0.01,15.09851863,1,0.0225,15.09851863,0,1.2,15.09851863
36.09,15.09697919,-0.1663135135,15.33111821,15.93841147,15.94697308,0,1,1,0,0.01,15.09697919,1,0.0225,15.09697919,0,1.2,15.09697919
36.1,15.09534053,-0.166250094,15.01905014,15.90646689,15.79014385,0,1,1,0,0.01,15.09534053,1,0.0225,15.09534053,0,1.2,15.09534053
36.11,15.09374812,-0.1583085102,15.09010052,15.94871547,15.66765361,0,1,1,0,0.01,15.09374812,1,0.0225,15.09374812,0,1.2,15.09374812
36.12,15.0920568,-0.17384971,15.27566259,16.16241224,15.84965876,0,1,1,0,0.01,15.0920568,1,0.0225,15.0920568,0,1.2,15.0920568
36.13,15.09016775,-0.1954403177,15.19198598,16.38088005,15.04499574,0,1,1,0,0.01,15.09016775,1,0.0225,15.09016775,0,1.2,15.09016775
36.14,15.08828638,-0.1880902934,15.1274297,16.18228295,17.5188367,0,1,1,0,0.01,15.08828638,1,0.0225,15.08828638,0,1.2,15.08828638
36.15,15.08635233,-0.1887008433,15.30321101,16.02315967,16.37999664,0,1,1,0,0.01,15.08635233,1,0.0225,15.08635233,0,1.2,15.08635233
36.16,15.0845325,-0.1792708875,14.78840813,16.30431531,13.64715513,0,1,1,0,0.01,15.0845325,1,0.0225,15.0845325,0,1.2,15.0845325
36.17,15.08288449,-0.1398480358,15.26878967,16.4705084,14.34242111,0,1,1,0,0.01,15.08288449,1,0.0225,15.08288449,0,1.2,15.08288449
36.18,15.08165596,-0.1300073689,15.20333275,16.0447827,14.83051054,0,1,1,0,0.01,15.08165596,1,0.0225,15.08165596,0,1.2,15.08165596
36.19,15.0804365,-0.1133333004,15.02582544,15.93092362,13.7304439,0,1,1,0,0.01,15.0804365,1,0.0225,15.0804365,0,1.2,15.0804365
36.2,15.07935008,-0.09885536909,15.01065316,16.17211253,13.05985107,0,1,1,0,0.01,15.07935008,1,0.0225,15.07935008,0,1.2,15.07935008
36.21,15.07835426,-0.08398440451,15.09520177,16.10209575,15.94268342,0,1,1,0,0.01,15.07835426,1,0.0225,15.07835426,0,1.2,15.07835426
36.22,15.07752368,-0.05984373068,14.90272721,16.04783608,16.22273266,0,1,1,0,0.01,15.07752368,1,0.0225,15.07752368,0,1.2,15.07752368
36.23,15.07687964,-0.0562754505,15.01909459,15.82611754,14.06670433,0,1,1,0,0.01,15.07687964,1,0.0225,15.07687964,0,1.2,15.07687964
36.24,15.07626561,-0.07838356791,14.97962637,16.1897424,14.05216402,0,1,1,0,0.01,15.07626561,1,0.0225,15.07626561,0,1.2,15.07626561
36.25,15.07562069,-0.06719195859,15.06239834,16.2071403,15.59791191,0,1,1,0,0.01,15.07562069,1,0.0225,15.07562069,0,1.2,15.07562069
36.26,15.07486092,-0.08929637996,15.08508663,15.83528526,14.95380201,0,1,1,0,0.01,15.07486092,1,0.0225,15.07486092,0,1.2,15.07486092
36.27,15.0739498,-0.07628491746,15.20717827,16.27498154,16.34672509,0,1,1,0,0.01,15.0739498,1,0.0225,15.0739498,0,1.2,15.0739498
36.28,15.07290658,-0.1053439005,15.02177392,15.9555364,15.14883557,0,1,1,0,0.01,15.07290658,1,0.0225,15.07290658,0,1.2,15.07290658
36.29,15.07183588,-0.1205031611,15.15575114,16.21013668,14.17808145,0,1,1,0,0.01,15.07183588,1,0.0225,15.07183588,0,1.2,15.07183588
36.3,15.0707403,-0.1034815101,15.08958831,16.04159874,15.13340322,0,1,1,0,0.01,15.0707403,1,0.0225,15.0707403,0,1.2,15.0707403
36.31,15.06972677,-0.09966970305,15.19956525,16.07278658,12.5500043,0,1,1,0,0.01,15.06972677,1,0.0225,15.06972677,0,1.2,15.06972677
36.32,15.06853215,-0.1312798761,15.02431595,16.05445154,15.21971156,0,1,1,0,0.01,15.06853215,1,0.0225,15.06853215,0,1.2,15.06853215
36.33,15.06732033,-0.1184743974,14.90882144,16.17030872,14.41774947,0,1,1,0,0.01,15.06732033,1,0.0225,15.06732033,0,1.2,15.06732033
36.34,15.06636852,-0.07653986665,14.94237074,15.83322776,15.22630357,0,1,1,0,0.01,15.06636852,1,0.0225,15.06636852,0,1.2,15.06636852
36.35,15.06589572,-0.03679026557,15.07079152,15.93733365,15.32207415,0,1,1,0,0.01,15.06589572,1,0.0225,15.06589572,0,1.2,15.06589572
36.36,15.06543466,-0.04044689496,14.94324774,15.90952461,15.45317932,0,1,1,0,0.01,15.06543466,1,0.0225,15.06543466,0,1.2,15.06543466
36.37,15.06514035,-0.02406107709,15.00115626,15.96186745,14.92448754,0,1,1,0,0.01,15.06514035,1,0.0225,15.06514035,0,1.2,15.06514035
36.38,15.06488751,-0.0374649611,15.12296149,15.85743671,16.79551972,0,1,1,0,0.01,15.06488751,1,0.0225,15.06488751,0,1.2,15.06488751
36.39,15.06454805,-0.04014622694,14.97536666,16.05368968,13.45496866,0,1,1,0,0.01,15.06454805,1,0.0225,15.06454805,0,1.2,15.06454805
36.4,15.0641618,-0.03164338412,15.10253365,16.02091108,15.22345257,0,1,1,0,0.01,15.0641618,1,0.0225,15.0641618,0,1.2,15.0641618
36.41,15.06382865,-0.02015544184,15.03041991,16.23611573,15.60775657,0,1,1,0,0.01,15.06382865,1,0.0225,15.06382865,0,1.2,15.06382865
36.42,15.06356983,-0.02578192343,15.0661026,15.92128794,15.12058998,0,1,1,0,0.01,15.06356983,1,0.0225,15.06356983,0,1.2,15.06356983
36.43,15.06305967,-0.06591563898,15.10385279,16.09529729,14.52552922,0,1,1,0,0.01,15.06305967,1,0.0225,15.06305967,0,1.2,15.06305967
36.44,15.06257681,-0.02859881683,15.10199473,16.02108772,15.26873841,0,1,1,0,0.01,15.06257681,1,0.0225,15.06257681,0,1.2,15.06257681
36.45,15.06236773,-0.01402368781,14.97487803,15.94319196,16.75814416,0,1,1,0,0.01,15.06236773,1,0.0225,15.06236773,0,1.2,15.06236773
36.46,15.06234263,-0.008526500765,15.04771863,16.16236424,15.69197097,0,1,1,0,0.01,15.06234263,1,0.0225,15.06234263,0,1.2,15.06234263
36.47,15.06217081,-0.01031351168,14.94389106,15.84012408,16.50107375,0,1,1,0,0.01,15.06217081,1,0.0225,15.06217081,0,1.2,15.06217081
36.48,15.06195546,-0.0297065141,14.95412252,15.76229852,13.98931061,0,1,1,0,0.01,15.06195546,1,0.0225,15.06195546,0,1.2,15.06195546
36.49,15.06151627,-0.04325748568,14.99705038,15.95466283,14.74171898,0,1,1,0,0.01,15.06151627,1,0.0225,15.06151627,0,1.2,15.06151627
36.5,15.06132816,-0.01292864042,15.25488971,15.83061696,13.90639634,0,1,1,0,0.01,15.06132816,1,0.0225,15.06132816,0,1.2,15.06132816
36.51,15.06098003,-0.04121665147,14.97760768,16.17101336,14.8748264,0,1,1,0,0.01,15.06098003,1,0.0225,15.06098003,0,1.2,15.06098003
36.52,15.06068243,-0.01662269158,14.90662914,16.01326051,15.32956956,0,1,1,0,0.01,15.06068243,1,0.0225,15.06068243,0,1.2,15.06068243
36.53,15.06079148,0.001629105737,15.03526079,16.00428262,14.570709,0,1,1,0,0.01,15.06079148,1,0.0225,15.06079148,0,1.2,15.06079148
36.54,15.06084748,0.003026907995,14.96508497,16.19612317,14.54048904,0,1,1,0,0.01,15.06084748,1,0.0225,15.06084748,0,1.2,15.06084748
36.55,15.06109831,0.02332503429,15.12596971,16.08936875,12.77965797,0,1,1,0,0.01,15.06109831,1,0.0225,15.06109831,0,1.2,15.06109831
36.56,15.0611299,0.006817625867,14.98583582,16.08386294,14.82393206,0,1,1,0,0.01,15.0611299,1,0.0225,15.0611299,0,1.2,15.0611299
36.57,15.06150356,0.04329118906,14.99214638,16.16245383,15.38408507,0,1,1,0,0.01,15.06150356,1,0.0225,15.06150356,0,1.2,15.06150356
36.58,15.06224514,0.1018086783,15.13456436,16.1846373,16.34742231,0,1,1,0,0.01,15.06224514,1,0.0225,15.06224514,0,1.2,15.06224514
36.59,15.06322468,0.1042430866,14.97364579,16.21257377,14.95878718,0,1,1,0,0.01,15.06322468,1,0.0225,15.06322468,0,1.2,15.06322468
36.6,15.0645092,0.131260418,15.02122117,16.04867668,15.72928431,0,1,1,0,0.01,15.0645092,1,0.0225,15.0645092,0,1.2,15.0645092
36.61,15.06581731,0.1443295518,15.09187115,15.74259257,15.55414124,0,1,1,0,0.01,15.06581731,1,0.0225,15.06581731,0,1.2,15.06581731
36.62,15.06722743,0.1281299118,15.10607961,16.01169281,13.10022811,0,1,1,0,0.01,15.06722743,1,0.0225,15.06722743,0,1.2,15.06722743
36.63,15.06860566,0.1586655673,15.23638986,15.82662327,15.03978084,0,1,1,0,0.01,15.06860566,1,0.0225,15.06860566,0,1.2,15.06860566
36.64,15.07002056,0.1468006727,15.01926436,16.35730905,14.37985161,0,1,1,0,0.01,15.07002056,1,0.0225,15.07002056,0,1.2,15.07002056
36.65,15.07133977,0.1456949447,15.09460715,15.97407967,13.87626985,0,1,1,0,0.01,15.07133977,1,0.0225,15.07133977,0,1.2,15.07133977
36.66,15.07276415,0.1599805859,14.94693445,16.06688196,14.36243437,0,1,1,0,0.01,15.07276415,1,0.0225,15.07276415,0,1.2,15.07276415
36.67,15.07426515,0.132447348,15.12355203,16.15366396,12.66316798,0,1,1,0,0.01,15.07426515,1,0.0225,15.07426515,0,1.2,15.07426515
36.68,15.07583174,0.1765538669,15.3076058,16.04478467,14.7865662,0,1,1,0,0.01,15.07583174,1,0.0225,15.07583174,0,1.2,15.07583174
36.69,15.07780416,0.2017106367,15.03217953,16.06481303,15.37654196,0,1,1,0,0.01,15.07780416,1,0.0225,15.07780416,0,1.2,15.07780416
36.7,15.08008194,0.25574117,15.11154989,16.09398583,13.4250596,0,1,1,0,0.01,15.08008194,1,0.0225,15.08008194,0,1.2,15.08008194
36.71,15.0827729,0.2762033115,15.09785152,16.23461045,15.93664342,0,1,1,0,0.01,15.0827729,1,0.0225,15.0827729,0,1.2,15.0827729
36.72,15.08558837,0.2802981766,14.93678848,16.46271041,14.33164801,0,1,1,0,0.01,15.08558837,1,0.0225,15.08558837,0,1.2,15.08558837
36.73,15.08850236,0.3003925983,15.10442996,16.0813507,14.71147373,0,1,1,0,0.01,15.08850236,1,0.0225,15.08850236,0,1.2,15.08850236
36.74,15.09161945,0.3309297836,14.97595835,15.93208717,14.14207405,0,1,1,0,0.01,15.09161945,1,0.0225,15.09161945,0,1.2,15.09161945
36.75,15.09498399,0.3301643179,15.12313319,16.30335521,15.64003582,0,1,1,0,0.01,15.09498399,1,0.0225,15.09498399,0,1.2,15.09498399
36.76,15.09829467,0.3262316735,15.17229279,16.20819867,15.57620863,0,1,1,0,0.01,15.09829467,1,0.0225,15.09829467,0,1.2,15.09829467
36.77,15.10128932,0.3094069455,15.11429331,16.27108963,14.55620776,0,1,1,0,0.01,15.10128932,1,0.0225,15.10128932,0,1.2,15.10128932
36.78,15.10441542,0.311734352,15.08147451,16.23518355,14.73334125,0,1,1,0,0.01,15.10441542,1,0.0225,15.10441542,0,1.2,15.10441542
36.79,15.10784854,0.3627233193,15.13477187,16.04320217,15.92558407,0,1,1,0,0.01,15.10784854,1,0.0225,15.10784854,0,1.2,15.10784854
36.8,15.11126435,0.3261973799,14.99877514,16.28920692,16.02255705,0,1,1,0,0.01,15.11126435,1,0.0225,15.11126435,0,1.2,15.11126435
36.81,15.11461922,0.3362756534,15.18089222,16.06125627,14.17540641,0,1,1,0,0.01,15.11461922,1,0.0225,15.11461922,0,1.2,15.11461922
36.82,15.11801452,0.3347426865,15.05668724,15.99891115,15.54890991,0,1,1,0,0.01,15.11801452,1,0.0225,15.11801452,0,1.2,15.11801452
36.83,15.12149099,0.3417736774,15.26472147,16.25018398,14.87081168,0,1,1,0,0.01,15.12149099,1,0.0225,15.12149099,0,1.2,15.12149099
36.84,15.12475284,0.309835763,15.17577455,16.07765642,15.63756052,0,1,1,0,0.01,15.12475284,1,0.0225,15.12475284,0,1.2,15.12475284
36.85,15.12780334,0.3113884045,15.08017282,16.06266482,14.34085511,0,1,1,0,0.01,15.12780334,1,0.0225,15.12780334,0,1.2,15.12780334
36.86,15.13100183,0.342312376,15.15539749,16.47379615,14.73543214,0,1,1,0,0.01,15.13100183,1,0.0225,15.13100183,0,1.2,15.13100183
36.87,15.13447138,0.3702120503,15.02278801,16.14246672,15.80393622,0,1,1,0,0.01,15.13447138,1,0.0225,15.13447138,0,1.2,15.13447138
36.88,15.13819967,0.3890311802,15.05451838,16.42573801,16.94376076,0,1,1,0,0.01,15.13819967,1,0.0225,15.13819967,0,1.2,15.13819967
36.89,15.14204992,0.3763473332,15.04389597,16.27375166,14.66239258,0,1,1,0,0.01,15.14204992,1,0.0225,15.14204992,0,1.2,15.14204992
36.9,15.14576404,0.3649811809,15.01084741,16.43930936,16.05609765,0,1,1,0,0.01,15.14576404,1,0.0225,15.14576404,0,1.2,15.14576404
36.91,15.1492058,0.3304166802,15.12657215,16.24815881,15.77221568,0,1,1,0,0.01,15.1492058,1,0.0225,15.1492058,0,1.2,15.1492058
36.92,15.15242373,0.3167176803,15.16816613,16.04238131,14.94360397,0,1,1,0,0.01,15.15242373,1,0.0225,15.15242373,0,1.2,15.15242373
36.93,15.15579472,0.3480344876,15.31707417,16.26486753,15.50556318,0,1,1,0,0.01,15.15579472,1,0.0225,15.15579472,0,1.2,15.15579472
36.94,15.1591559,0.3260818382,15.00875225,15.96779719,15.57086031,0,1,1,0,0.01,15.1591559,1,0.0225,15.1591559,0,1.2,15.1591559
36.95,15.16225326,0.2845749052,14.97817264,16.13392919,16.77253734,0,1,1,0,0.01,15.16225326,1,0.0225,15.16225326,0,1.2,15.16225326
36.96,15.16514464,0.2958782582,15.05786115,16.3129113,16.1170759,0,1,1,0,0.01,15.16514464,1,0.0225,15.16514464,0,1.2,15.16514464
36.97,15.16784338,0.2633409649,15.27713544,16.06998755,15.0052707,0,1,1,0,0.01,15.16784338,1,0.0225,15.16784338,0,1.2,15.16784338
36.98,15.17056042,0.2906359146,15.28074466,16.14762512,13.80726766,0,1,1,0,0.01,15.17056042,1,0.0225,15.17056042,0,1.2,15.17056042
36.99,15.17343644,0.2919524205,15.18019913,15.99291771,14.10140116,0,1,1,0,0.01,15.17343644,1,0.0225,15.17343644,0,1.2,15.17343644
37,15.17617357,0.2447337517,15.13964797,16.10039392,15.72707857,0,1,1,0,0.01,15.17617357,1,0.0225,15.17617357,0,1.2,15.17617357
37.01,15.17835571,0.1963461339,15.0840771,16.11337345,16.1746722,0,1,1,0,0.01,15.17835571,1,0.0225,15.17835571,0,1.2,15.17835571
37.02,15.18035195,0.1863542933,15.01524037,15.77133655,15.19636059,0,1,1,0,0.01,15.18035195,1,0.0225,15.18035195,0,1.2,15.18035195
37.03,15.182356,0.2035922025,15.27251323,16.33054007,13.75484843,0,1,1,0,0.01,15.182356,1,0.0225,15.182356,0,1.2,15.182356
37.04,15.18426407,0.1691421938,15.28291157,16.2427545,14.4569064,0,1,1,0,0.01,15.18426407,1,0.0225,15.18426407,0,1.2,15.18426407
37.05,15.18615834,0.2159228324,15.18938015,16.05684829,15.13231167,0,1,1,0,0.01,15.18615834,1,0.0225,15.18615834,0,1.2,15.18615834
37.06,15.18822996,0.1862167453,15.2817555,16.02006198,15.1573708,0,1,1,0,0.01,15.18822996,1,0.0225,15.18822996,0,1.2,15.18822996
37.07,15.19006519,0.1525444848,15.16786939,16.077879,14.9611642,0,1,1,0,0.01,15.19006519,1,0.0225,15.19006519,0,1.2,15.19006519
37.08,15.19147069,0.1294528818,15.04054496,16.29264344,13.82420159,0,1,1,0,0.01,15.19147069,1,0.0225,15.19147069,0,1.2,15.19147069
37.09,15.19261415,0.1110482265,15.24266062,16.21466487,16.34654111,0,1,1,0,0.01,15.19261415,1,0.0225,15.19261415,0,1.2,15.19261415
37.1,15.19362169,0.1109699635,15.33243233,16.37710237,13.85815454,0,1,1,0,0.01,15.19362169,1,0.0225,15.19362169,0,1.2,15.19362169
37.11,15.19484211,0.127788639,15.24633253,16.17492617,14.83361305,0,1,1,0,0.01,15.19484211,1,0.0225,15.19484211,0,1.2,15.19484211
37.12,15.19616124,0.1413377219,15.10948879,16.01538987,16.10883159,0,1,1,0,0.01,15.19616124,1,0.0225,15.19616124,0,1.2,15.19616124
37.13,15.19760121,0.1647353391,14.98484431,16.21029346,16.55480837,0,1,1,0,0.01,15.19760121,1,0.0225,15.19760121,0,1.2,15.19760121
37.14,15.1993963,0.1955239738,15.24788249,16.34198477,14.47442881,0,1,1,0,0.01,15.1993963,1,0.0225,15.1993963,0,1.2,15.1993963
37.15,15.20118942,0.1778795652,15.21779794,16.17388961,14.95639788,0,1,1,0,0.01,15.20118942,1,0.0225,15.20118942,0,1.2,15.20118942
37.16,15.20293868,0.1732190058,15.13379813,16.29311582,13.45196377,0,1,1,0,0.01,15.20293868,1,0.0225,15.20293868,0,1.2,15.20293868
37.17,15.20477962,0.2031011263,15.15650297,16.10499453,16.4897883,0,1,1,0,0.01,15.20477962,1,0.0225,15.20477962,0,1.2,15.20477962
37.18,15.20684551,0.2022936543,15.3430275,16.18662622,14.16550534,0,1,1,0,0.01,15.20684551,1,0.0225,15.20684551,0,1.2,15.20684551
37.19,15.20888823,0.2134633121,15.45214913,16.33177154,16.47600598,0,1,1,0,0.01,15.20888823,1,0.0225,15.20888823,0,1.2,15.20888823
37.2,15.21089852,0.1881551048,15.27238206,15.72272389,15.78756118,0,1,1,0,0.01,15.21089852,1,0.0225,15.21089852,0,1.2,15.21089852
37.21,15.21277016,0.1984653036,15.11155715,16.03111806,13.46335569,0,1,1,0,0.01,15.21277016,1,0.0225,15.21277016,0,1.2,15.21277016
37.22,15.21469943,0.2003014569,15.31538255,16.02017475,13.52892749,0,1,1,0,0.01,15.21469943,1,0.0225,15.21469943,0,1.2,15.21469943
37.23,15.21655504,0.1837154566,15.26155154,16.15864491,12.85011147,0,1,1,0,0.01,15.21655504,1,0.0225,15.21655504,0,1.2,15.21655504
37.24,15.21833514,0.1787259389,15.19791933,16.36142955,16.71736422,0,1,1,0,0.01,15.21833514,1,0.0225,15.21833514,0,1.2,15.21833514
37.25,15.22004632,0.1599106177,15.15324973,16.3742239,14.08740823,0,1,1,0,0.01,15.22004632,1,0.0225,15.22004632,0,1.2,15.22004632
37.26,15.2214067,0.1226881604,15.23914173,16.3376135,14.32813041,0,1,1,0,0.01,15.2214067,1,0.0225,15.2214067,0,1.2,15.2214067
37.27,15.22263713,0.1415310628,15.20988657,16.08677774,15.39708505,0,1,1,0,0.01,15.22263713,1,0.0225,15.22263713,0,1.2,15.22263713
37.28,15.22392149,0.1224548564,15.29625563,16.10480667,15.77056929,0,1,1,0,0.01,15.22392149,1,0.0225,15.22392149,0,1.2,15.22392149
37.29,15.22501602,0.09837417704,15.16413826,15.8804475,14.32010972,0,1,1,0,0.01,15.22501602,1,0.0225,15.22501602,0,1.2,15.22501602
37.3,15.22601394,0.09006579912,15.20666103,16.16799317,16.13903652,0,1,1,0,0.01,15.22601394,1,0.0225,15.22601394,0,1.2,15.22601394
37.31,15.22691502,0.0943840179,15.30583785,16.21028955,16.48540939,0,1,1,0,0.01,15.22691502,1,0.0225,15.22691502,0,1.2,15.22691502
37.32,15.22784383,0.09473503829,15.22408847,16.34617979,16.90633758,0,1,1,0,0.01,15.22784383,1,0.0225,15.22784383,0,1.2,15.22784383
37.33,15.22882913,0.102361946,15.1264959,16.36917334,14.50269521,0,1,1,0,0.01,15.22882913,1,0.0225,15.22882913,0,1.2,15.22882913
37.34,15.22976015,0.07869963404,15.28836225,16.50644094,15.07930492,0,1,1,0,0.01,15.22976015,1,0.0225,15.22976015,0,1.2,15.22976015
37.35,15.23065033,0.08044031499,15.15153072,16.51757521,16.20651328,0,1,1,0,0.01,15.23065033,1,0.0225,15.23065033,0,1.2,15.23065033
37.36,15.2315219,0.09715663201,15.35728637,16.34751249,14.81315662,0,1,1,0,0.01,15.2315219,1,0.0225,15.2315219,0,1.2,15.2315219
37.37,15.23262179,0.1009903452,15.18381221,15.96969279,16.90260732,0,1,1,0,0.01,15.23262179,1,0.0225,15.23262179,0,1.2,15.23262179
37.38,15.23379417,0.1277668574,15.08945892,16.31023427,16.13407908,0,1,1,0,0.01,15.23379417,1,0.0225,15.23379417,0,1.2,15.23379417
37.39,15.23484202,0.0938963734,15.2800193,16.17397199,14.03269879,0,1,1,0,0.01,15.23484202,1,0.0225,15.23484202,0,1.2,15.23484202
37.4,15.23580837,0.08628310827,15.39013142,16.05675857,15.62089207,0,1,1,0,0.01,15.23580837,1,0.0225,15.23580837,0,1.2,15.23580837
37.41,15.23658735,0.07838380189,15.1906909,16.1101073,15.31421226,0,1,1,0,0.01,15.23658735,1,0.0225,15.23658735,0,1.2,15.23658735
37.42,15.23727266,0.07072885175,15.34373352,16.08085337,16.47732964,0,1,1,0,0.01,15.23727266,1,0.0225,15.23727266,0,1.2,15.23727266
37.43,15.23797221,0.07376949588,15.27200832,16.27681544,14.36575202,0,1,1,0,0.01,15.23797221,1,0.0225,15.23797221,0,1.2,15.23797221
37.44,15.23889626,0.1012457024,15.26238797,16.14013973,16.14978402,0,1,1,0,0.01,15.23889626,1,0.0225,15.23889626,0,1.2,15.23889626
37.45,15.23981947,0.105934374,15.22581308,16.37478182,15.4918747,0,1,1,0,0.01,15.23981947,1,0.0225,15.23981947,0,1.2,15.23981947
37.46,15.24065625,0.06233945103,15.2157302,16.43949994,17.93075964,0,1,1,0,0.01,15.24065625,1,0.0225,15.24065625,0,1.2,15.24065625
37.47,15.24144556,0.08700050959,15.28260574,16.28139667,15.85697347,0,1,1,0,0.01,15.24144556,1,0.0225,15.24144556,0,1.2,15.24144556
37.48,15.24240014,0.10693934,15.10579478,16.13125693,14.83221534,0,1,1,0,0.01,15.24240014,1,0.0225,15.24240014,0,1.2,15.24240014
37.49,15.24366261,0.1450924744,15.33348592,15.99591035,16.19381679,0,1,1,0,0.01,15.24366261,1,0.0225,15.24366261,0,1.2,15.24366261
37.5,15.2451357,0.1447779469,15.30538013,16.39124929,15.94191433,0,1,1,0,0.01,15.2451357,1,0.0225,15.2451357,0,1.2,15.2451357
37.51,15.24664582,0.1535443773,15.27482149,16.36574876,15.66148197,0,1,1,0,0.01,15.24664582,1,0.0225,15.24664582,0,1.2,15.24664582
37.52,15.24815061,0.1531828762,15.26835869,16.38954306,13.33912429,0,1,1,0,0.01,15.24815061,1,0.0225,15.24815061,0,1.2,15.24815061
37.53,15.24996508,0.1890277512,15.26142945,16.47024904,15.20040566,0,1,1,0,0.01,15.24996508,1,0.0225,15.24996508,0,1.2,15.24996508
37.54,15.25184632,0.2068691664,15.05782591,16.45467871,16.31806803,0,1,1,0,0.01,15.25184632,1,0.0225,15.25184632,0,1.2,15.25184632
37.55,15.25397667,0.2167066332,15.31138946,16.26089078,15.3255572,0,1,1,0,0.01,15.25397667,1,0.0225,15.25397667,0,1.2,15.25397667
37.56,15.25620303,0.2458463266,15.14964116,16.16461796,13.43328588,0,1,1,0,0.01,15.25620303,1,0.0225,15.25620303,0,1.2,15.25620303
37.57,15.25873581,0.2540554293,14.94830327,16.16611332,17.88018521,0,1,1,0,0.01,15.25873581,1,0.0225,15.25873581,0,1.2,15.25873581
37.58,15.26134048,0.2802227922,15.26882916,15.99085623,15.66878295,0,1,1,0,0.01,15.26134048,1,0.0225,15.26134048,0,1.2,15.26134048
37.59,15.26411485,0.2801811717,15.07770311,16.14509231,15.60169333,0,1,1,0,0.01,15.26411485,1,0.0225,15.26411485,0,1.2,15.26411485
37.6,15.26709868,0.2916454507,15.50990247,16.58292965,15.09916435,0,1,1,0,0.01,15.26709868,1,0.0225,15.26709868,0,1.2,15.26709868
37.61,15.26983178,0.2579482646,15.42088794,16.18230433,14.94493984,0,1,1,0,0.01,15.26983178,1,0.0225,15.26983178,0,1.2,15.26983178
37.62,15.27246466,0.2669975297,15.45351492,16.21501727,15.45891102,0,1,1,0,0.01,15.27246466,1,0.0225,15.27246466,0,1.2,15.27246466
37.63,15.27516426,0.2693941477,15.37421344,16.29485412,16.76618103,0,1,1,0,0.01,15.27516426,1,0.0225,15.27516426,0,1.2,15.27516426
37.64,15.27777744,0.271375697,15.2921982,16.3077354,14.34811317,0,1,1,0,0.01,15.27777744,1,0.0225,15.27777744,0,1.2,15.27777744
37.65,15.28061503,0.3020591607,15.33695435,16.19988247,14.38047386,0,1,1,0,0.01,15.28061503,1,0.0225,15.28061503,0,1.2,15.28061503
37.66,15.28366242,0.2906825104,15.35516925,16.5306407,14.11880909,0,1,1,0,0.01,15.28366242,1,0.0225,15.28366242,0,1.2,15.28366242
37.67,15.28673894,0.32419039,15.56802733,16.17955215,16.58012263,0,1,1,0,0.01,15.28673894,1,0.0225,15.28673894,0,1.2,15.28673894
37.68,15.29008271,0.3387649536,15.31552314,16.37717389,15.98881474,0,1,1,0,0.01,15.29008271,1,0.0225,15.29008271,0,1.2,15.29008271
37.69,15.29343089,0.3299473259,15.58966515,16.37186442,16.39598249,0,1,1,0,0.01,15.29343089,1,0.0225,15.29343089,0,1.2,15.29343089
37.7,15.29658086,0.3050642464,15.13865036,16.25987789,16.72509776,0,1,1,0,0.01,15.29658086,1,0.0225,15.29658086,0,1.2,15.29658086
37.71,15.29981788,0.3487927603,15.33810141,16.27909415,17.446005,0,1,1,0,0.01,15.29981788,1,0.0225,15.29981788,0,1.2,15.29981788
37.72,15.30318977,0.3361914472,15.40447094,16.08265913,15.07992219,0,1,1,0,0.01,15.30318977,1,0.0225,15.30318977,0,1.2,15.30318977
37.73,15.30648321,0.3182375909,15.33244133,16.3102698,13.78603324,0,1,1,0,0.01,15.30648321,1,0.0225,15.30648321,0,1.2,15.30648321
37.74,15.30976576,0.3306858772,15.39961392,16.45023685,14.96951914,0,1,1,0,0.01,15.30976576,1,0.0225,15.30976576,0,1.2,15.30976576
37.75,15.31298051,0.31178001,15.39197806,16.36623421,15.81553722,0,1,1,0,0.01,15.31298051,1,0.0225,15.31298051,0,1.2,15.31298051
37.76,15.31630776,0.3534630004,15.35935123,16.5363893,16.09304393,0,1,1,0,0.01,15.31630776,1,0.0225,15.31630776,0,1.2,15.31630776
37.77,15.31996948,0.3686139538,15.3250107,15.98225888,15.4896077,0,1,1,0,0.01,15.31996948,1,0.0225,15.31996948,0,1.2,15.31996948
37.78,15.32372112,0.3732990749,15.37721875,16.31079694,16.85796596,0,1,1,0,0.01,15.32372112,1,0.0225,15.32372112,0,1.2,15.32372112
37.79,15.32760455,0.4021525961,15.38954563,16.31763219,15.3315651,0,1,1,0,0.01,15.32760455,1,0.0225,15.32760455,0,1.2,15.32760455
37.8,15.33169338,0.4111446661,15.19211903,16.30469041,15.22978836,0,1,1,0,0.01,15.33169338,1,0.0225,15.33169338,0,1.2,15.33169338
37.81,15.33570306,0.3802305124,15.32955525,16.20684486,16.4395486,0,1,1,0,0.01,15.33570306,1,0.0225,15.33570306,0,1.2,15.33570306
37.82,15.33952393,0.3923848276,15.30593266,16.30109705,15.94765684,0,1,1,0,0.01,15.33952393,1,0.0225,15.33952393,0,1.2,15.33952393
37.83,15.34351584,0.3935737732,15.40817257,16.32971841,16.26913327,0,1,1,0,0.01,15.34351584,1,0.0225,15.34351584,0,1.2,15.34351584
37.84,15.34738394,0.3823031,15.28808638,16.46402157,14.62714343,0,1,1,0,0.01,15.34738394,1,0.0225,15.34738394,0,1.2,15.34738394
37.85,15.35129985,0.3869030484,15.26662248,16.33024145,14.38190606,0,1,1,0,0.01,15.35129985,1,0.0225,15.35129985,0,1.2,15.35129985
37.86,15.35506434,0.3675351292,15.28361598,16.50244279,17.75321628,0,1,1,0,0.01,15.35506434,1,0.0225,15.35506434,0,1.2,15.35506434
37.87,15.35875004,0.3595018866,15.16653951,16.36917003,14.09528725,0,1,1,0,0.01,15.35875004,1,0.0225,15.35875004,0,1.2,15.35875004
37.88,15.36241275,0.3573454236,15.50487848,16.38646008,16.45098906,0,1,1,0,0.01,15.36241275,1,0.0225,15.36241275,0,1.2,15.36241275
37.89,15.36626184,0.4011541896,15.394714,16.31881242,15.5501278,0,1,1,0,0.01,15.36626184,1,0.0225,15.36626184,0,1.2,15.36626184
37.9,15.37009766,0.3699754742,15.45054711,16.09454646,16.58499868,0,1,1,0,0.01,15.37009766,1,0.0225,15.37009766,0,1.2,15.37009766
37.91,15.37374671,0.3888764794,15.63195248,16.54184772,17.07366276,0,1,1,0,0.01,15.37374671,1,0.0225,15.37374671,0,1.2,15.37374671
37.92,15.37757391,0.3789944993,15.31400453,16.57671297,15.61469001,0,1,1,0,0.01,15.37757391,1,0.0225,15.37757391,0,1.2,15.37757391
37.93,15.38131718,0.3628329632,15.43532788,16.41483203,15.82747684,0,1,1,0,0.01,15.38131718,1,0.0225,15.38131718,0,1.2,15.38131718
37.94,15.38492654,0.3623657618,15.39743963,16.26479442,13.1686463,0,1,1,0,0.01,15.38492654,1,0.0225,15.38492654,0,1.2,15.38492654
37.95,15.38867446,0.3796290169,15.54602512,16.58081522,16.93654171,0,1,1,0,0.01,15.38867446,1,0.0225,15.38867446,0,1.2,15.38867446
37.96,15.39247413,0.3798549715,15.5111174,16.35711042,14.23772293,0,1,1,0,0.01,15.39247413,1,0.0225,15.39247413,0,1.2,15.39247413
37.97,15.39608776,0.360410759,15.48337236,16.34422015,18.98328856,0,1,1,0,0.01,15.39608776,1,0.0225,15.39608776,0,1.2,15.39608776
37.98,15.39974948,0.3592474021,15.28413151,16.33686514,14.7148636,0,1,1,0,0.01,15.39974948,1,0.0225,15.39974948,0,1.2,15.39974948
37.99,15.40332363,0.3701196253,15.44374891,16.51164089,12.31085665,0,1,1,0,0.01,15.40332363,1,0.0225,15.40332363,0,1.2,15.40332363
38,15.4068835,0.3654895668,15.42468535,16.55501155,15.67234892,0,1,1,0,0.01,15.4068835,1,0.0225,15.4068835,0,1.2,15.4068835
38.01,15.410784,0.398115898,15.31474425,16.26663305,13.74933005,0,1,1,0,0.01,15.410784,1,0.0225,15.410784,0,1.2,15.410784
38.02,15.41484382,0.4080177507,15.38449338,16.31364456,15.75524216,0,1,1,0,0.01,15.41484382,1,0.0225,15.41484382,0,1.2,15.41484382
38.03,15.41883288,0.3772026955,15.55076006,16.71740145,17.50502281,0,1,1,0,0.01,15.41883288,1,0.0225,15.41883288,0,1.2,15.41883288
38.04,15.42242561,0.3381334345,15.52091564,16.55481883,15.84330984,0,1,1,0,0.01,15.42242561,1,0.0225,15.42242561,0,1.2,15.42242561
38.05,15.42578771,0.3459357504,15.33149782,16.64457198,15.22309474,0,1,1,0,0.01,15.42578771,1,0.0225,15.42578771,0,1.2,15.42578771
38.06,15.42935091,0.3550583666,15.37526087,16.53376431,15.55978447,0,1,1,0,0.01,15.42935091,1,0.0225,15.42935091,0,1.2,15.42935091
38.07,15.43286088,0.3471896907,15.43765241,16.22998664,17.25135825,0,1,1,0,0.01,15.43286088,1,0.0225,15.43286088,0,1.2,15.43286088
38.08,15.4362916,0.3310708139,15.47933606,16.33747093,14.78339715,0,1,1,0,0.01,15.4362916,1,0.0225,15.4362916,0,1.2,15.4362916
38.09,15.43954948,0.3020766102,15.38967289,16.51387184,15.20498546,0,1,1,0,0.01,15.43954948,1,0.0225,15.43954948,0,1.2,15.43954948
38.1,15.4425496,0.305250451,15.43501235,16.52943812,14.71993532,0,1,1,0,0.01,15.4425496,1,0.0225,15.4425496,0,1.2,15.4425496
38.11,15.44545953,0.2738631117,15.40958647,16.25816123,14.80657302,0,1,1,0,0.01,15.44545953,1,0.0225,15.44545953,0,1.2,15.44545953
38.12,15.44794961,0.2413184299,15.50047492,16.38137716,14.16120831,0,1,1,0,0.01,15.44794961,1,0.0225,15.44794961,0,1.2,15.44794961
38.13,15.45022481,0.2419509245,15.51998481,16.60969424,16.95110111,0,1,1,0,0.01,15.45022481,1,0.0225,15.45022481,0,1.2,15.45022481
38.14,15.45265974,0.251732381,15.45837079,16.20165822,16.23818226,0,1,1,0,0.01,15.45265974,1,0.0225,15.45265974,0,1.2,15.45265974
38.15,15.45512263,0.2483103665,15.51224979,16.57844029,14.2311053,0,1,1,0,0.01,15.45512263,1,0.0225,15.45512263,0,1.2,15.45512263
38.16,15.45754554,0.2407368486,15.65898028,16.48476708,15.57907275,0,1,1,0,0.01,15.45754554,1,0.0225,15.45754554,0,1.2,15.45754554
38.17,15.46006119,0.2457083292,15.62486832,16.46132366,15.75709296,0,1,1,0,0.01,15.46006119,1,0.0225,15.46006119,0,1.2,15.46006119
38.18,15.46268046,0.2745294842,15.55556208,16.37981074,16.7953246,0,1,1,0,0.01,15.46268046,1,0.0225,15.46268046,0,1.2,15.46268046
38.19,15.46523121,0.2548466802,15.41648687,16.76246543,13.41695733,0,1,1,0,0.01,15.46523121,1,0.0225,15.46523121,0,1.2,15.46523121
38.2,15.4676564,0.2318590846,15.61780443,16.40072036,15.32762203,0,1,1,0,0.01,15.4676564,1,0.0225,15.4676564,0,1.2,15.4676564
38.21,15.46989877,0.2258178751,15.47169244,16.54131065,15.13034009,0,1,1,0,0.01,15.46989877,1,0.0225,15.46989877,0,1.2,15.46989877
38.22,15.4723428,0.2378976726,15.47862489,16.03473276,15.8702546,0,1,1,0,0.01,15.4723428,1,0.0225,15.4723428,0,1.2,15.4723428
38.23,15.47453089,0.1992931079,15.3137121,16.28492594,13.54494782,0,1,1,0,0.01,15.47453089,1,0.0225,15.47453089,0,1.2,15.47453089
38.24,15.47653935,0.209630974,15.52128789,16.41441653,15.52995141,0,1,1,0,0.01,15.47653935,1,0.0225,15.47653935,0,1.2,15.47653935
38.25,15.47831505,0.1624784316,15.38304373,16.42448462,16.26733742,0,1,1,0,0.01,15.47831505,1,0.0225,15.47831505,0,1.2,15.47831505
38.26,15.47985874,0.1384722225,15.50795849,16.71637267,13.61054875,0,1,1,0,0.01,15.47985874,1,0.0225,15.47985874,0,1.2,15.47985874
38.27,15.48112103,0.1218108076,15.50992548,16.32876802,15.88152859,0,1,1,0,0.01,15.48112103,1,0.0225,15.48112103,0,1.2,15.48112103
38.28,15.48249565,0.1299221538,15.45100697,16.48769508,17.0162116,0,1,1,0,0.01,15.48249565,1,0.0225,15.48249565,0,1.2,15.48249565
38.29,15.4835881,0.1004160343,15.49001704,16.59487024,15.34865958,0,1,1,0,0.01,15.4835881,1,0.0225,15.4835881,0,1.2,15.4835881
38.3,15.48466819,0.09956426185,15.46707908,16.24748483,15.62053682,0,1,1,0,0.01,15.48466819,1,0.0225,15.48466819,0,1.2,15.48466819
38.31,15.48575474,0.1048142497,15.28427583,16.42031849,18.46237293,0,1,1,0,0.01,15.48575474,1,0.0225,15.48575474,0,1.2,15.48575474
38.32,15.48690484,0.1234556388,15.34692845,16.72957414,15.46312913,0,1,1,0,0.01,15.48690484,1,0.0225,15.48690484,0,1.2,15.48690484
38.33,15.48830174,0.1480651426,15.59638159,16.49797252,18.08303168,0,1,1,0,0.01,15.48830174,1,0.0225,15.48830174,0,1.2,15.48830174
38.34,15.48968398,0.1331155494,15.34440832,16.71435516,14.69636212,0,1,1,0,0.01,15.48968398,1,0.0225,15.48968398,0,1.2,15.48968398
38.35,15.4913482,0.1806988831,15.47591431,16.68253939,17.20201949,0,1,1,0,0.01,15.4913482,1,0.0225,15.4913482,0,1.2,15.4913482
38.36,15.49315542,0.1679524681,15.44939906,16.50370094,13.71097152,0,1,1,0,0.01,15.49315542,1,0.0225,15.49315542,0,1.2,15.49315542
38.37,15.49497462,0.1954798912,15.45791077,16.42050925,16.12865172,0,1,1,0,0.01,15.49497462,1,0.0225,15.49497462,0,1.2,15.49497462
38.38,15.49683698,0.1633574636,15.56034066,16.59479065,14.84926809,0,1,1,0,0.01,15.49683698,1,0.0225,15.49683698,0,1.2,15.49683698
38.39,15.49830076,0.1227782341,15.32834521,16.55974368,15.74230268,0,1,1,0,0.01,15.49830076,1,0.0225,15.49830076,0,1.2,15.49830076
38.4,15.49944153,0.122842494,15.56213556,16.28207895,16.13020078,0,1,1,0,0.01,15.49944153,1,0.0225,15.49944153,0,1.2,15.49944153
38.41,15.50054875,0.09967309088,15.54863513,16.60994268,16.94740843,0,1,1,0,0.01,15.50054875,1,0.0225,15.50054875,0,1.2,15.50054875
38.42,15.50151306,0.09465273976,15.60243191,16.35413174,15.80126015,0,1,1,0,0.01,15.50151306,1,0.0225,15.50151306,0,1.2,15.50151306
38.43,15.50250343,0.09213541284,15.66818458,16.43649254,14.02591496,0,1,1,0,0.01,15.50250343,1,0.0225,15.50250343,0,1.2,15.50250343
38.44,15.50339179,0.08271437601,15.58243867,16.41240614,14.3366598,0,1,1,0,0.01,15.50339179,1,0.0225,15.50339179,0,1.2,15.50339179
38.45,15.50430313,0.08308774861,15.46874855,16.52165335,16.64403908,0,1,1,0,0.01,15.50430313,1,0.0225,15.50430313,0,1.2,15.50430313
38.46,15.50514186,0.07727530268,15.59732452,16.64325194,16.86839928,0,1,1,0,0.01,15.50514186,1,0.0225,15.50514186,0,1.2,15.50514186
38.47,15.50577883,0.07508104188,15.72091226,16.41898647,16.33279517,0,1,1,0,0.01,15.50577883,1,0.0225,15.50577883,0,1.2,15.50577883
38.48,15.50647459,0.06357447245,15.45850709,16.42855061,16.04991718,0,1,1,0,0.01,15.50647459,1,0.0225,15.50647459,0,1.2,15.50647459
38.49,15.50682363,0.02139512424,15.39228598,16.75553408,15.55822055,0,1,1,0,0.01,15.50682363,1,0.0225,15.50682363,0,1.2,15.50682363
38.5,15.50698902,0.02662119924,15.52777476,16.72989934,15.07742818,0,1,1,0,0.01,15.50698902,1,0.0225,15.50698902,0,1.2,15.50698902
38.51,15.50699292,-0.02357105927,15.56639799,16.52571108,16.23436919,0,1,1,0,0.01,15.50699292,1,0.0225,15.50699292,0,1.2,15.50699292
38.52,15.50664378,-0.02774637414,15.63815089,16.51541942,15.86160048,0,1,1,0,0.01,15.50664378,1,0.0225,15.50664378,0,1.2,15.50664378
38.53,15.50650069,-0.03323345066,15.55874535,16.47614796,15.52986606,0,1,1,0,0.01,15.50650069,1,0.0225,15.50650069,0,1.2,15.50650069
38.54,15.50586005,-0.0762504227,15.43300175,16.55235468,15.25589923,0,1,1,0,0.01,15.50586005,1,0.0225,15.50586005,0,1.2,15.50586005
38.55,15.50510688,-0.07549159776,15.63808988,16.47402072,15.62743294,0,1,1,0,0.01,15.50510688,1,0.0225,15.50510688,0,1.2,15.50510688
38.56,15.50467272,-0.03937362834,15.42547576,16.63044462,14.488475,0,1,1,0,0.01,15.50467272,1,0.0225,15.50467272,0,1.2,15.50467272
38.57,15.50426366,-0.04327618461,15.70429503,16.36913856,15.4974272,0,1,1,0,0.01,15.50426366,1,0.0225,15.50426366,0,1.2,15.50426366
38.58,15.50404975,-0.01343763411,15.53844936,16.51871865,14.12600805,0,1,1,0,0.01,15.50404975,1,0.0225,15.50404975,0,1.2,15.50404975
38.59,15.50404575,0.01803538674,15.29512622,16.36708619,16.54081511,0,1,1,0,0.01,15.50404575,1,0.0225,15.50404575,0,1.2,15.50404575
38.6,15.50434035,0.04202489513,15.58353363,16.62084922,14.9857408,0,1,1,0,0.01,15.50434035,1,0.0225,15.50434035,0,1.2,15.50434035
38.61,15.50453818,-0.004801337303,15.46407629,16.50806375,15.79412296,0,1,1,0,0.01,15.50453818,1,0.0225,15.50453818,0,1.2,15.50453818
38.62,15.50456183,0.003261243335,15.40319468,16.5474064,14.31727505,0,1,1,0,0.01,15.50456183,1,0.0225,15.50456183,0,1.2,15.50456183
38.63,15.50478313,0.03988745765,15.60883693,16.61664876,15.07417719,0,1,1,0,0.01,15.50478313,1,0.0225,15.50478313,0,1.2,15.50478313
38.64,15.50507941,0.01608278634,15.34680091,16.39308239,14.43207443,0,1,1,0,0.01,15.50507941,1,0.0225,15.50507941,0,1.2,15.50507941
38.65,15.50540327,0.06347935324,15.34201244,16.29093942,16.5325262,0,1,1,0,0.01,15.50540327,1,0.0225,15.50540327,0,1.2,15.50540327
38.66,15.50607478,0.06387945789,15.56011267,16.48050691,16.08640331,0,1,1,0,0.01,15.50607478,1,0.0225,15.50607478,0,1.2,15.50607478
38.67,15.50687765,0.1115318216,15.45874233,16.30238194,15.77027806,0,1,1,0,0.01,15.50687765,1,0.0225,15.50687765,0,1.2,15.50687765
38.68,15.50797615,0.1087450202,15.73150158,16.47949799,15.51979717,0,1,1,0,0.01,15.50797615,1,0.0225,15.50797615,0,1.2,15.50797615
38.69,15.50921955,0.1199975667,15.61013605,16.25003464,13.24928422,0,1,1,0,0.01,15.50921955,1,0.0225,15.50921955,0,1.2,15.50921955
38.7,15.51045541,0.1337008927,15.46961597,16.66934405,14.82537187,0,1,1,0,0.01,15.51045541,1,0.0225,15.51045541,0,1.2,15.51045541
38.71,15.51182793,0.1492560181,15.4318636,16.69829548,14.72768809,0,1,1,0,0.01,15.51182793,1,0.0225,15.51182793,0,1.2,15.51182793
38.72,15.51327838,0.1286353302,15.59407679,16.21672973,15.6646477,0,1,1,0,0.01,15.51327838,1,0.0225,15.51327838,0,1.2,15.51327838
38.73,15.51463102,0.1511701059,15.62726727,16.71839778,15.32203968,0,1,1,0,0.01,15.51463102,1,0.0225,15.51463102,0,1.2,15.51463102
38.74,15.51632647,0.172643286,15.5333841,16.42038404,16.82149956,0,1,1,0,0.01,15.51632647,1,0.0225,15.51632647,0,1.2,15.51632647
38.75,15.51794766,0.1705200487,15.34790423,16.37063752,18.79493146,0,1,1,0,0.01,15.51794766,1,0.0225,15.51794766,0,1.2,15.51794766
38.76,15.51952215,0.1564058666,15.54334547,16.50139175,17.2430576,0,1,1,0,0.01,15.51952215,1,0.0225,15.51952215,0,1.2,15.51952215
38.77,15.52114019,0.13815618,15.53580131,16.66098665,14.5914326,0,1,1,0,0.01,15.52114019,1,0.0225,15.52114019,0,1.2,15.52114019
38.78,15.52237566,0.1137268914,15.36537633,16.5719235,15.94446206,0,1,1,0,0.01,15.52237566,1,0.0225,15.52237566,0,1.2,15.52237566
38.79,15.5233936,0.09800075709,15.44955627,16.41003773,15.33497581,0,1,1,0,0.01,15.5233936,1,0.0225,15.5233936,0,1.2,15.5233936
38.8,15.52419554,0.06722873562,15.37726605,16.50477114,14.82341469,0,1,1,0,0.01,15.52419554,1,0.0225,15.52419554,0,1.2,15.52419554
38.81,15.52487411,0.06162592216,15.42865528,16.61924118,14.48169043,0,1,1,0,0.01,15.52487411,1,0.0225,15.52487411,0,1.2,15.52487411
38.82,15.52552528,0.05536222003,15.71932045,16.71902238,17.00523129,0,1,1,0,0.01,15.52552528,1,0.0225,15.52552528,0,1.2,15.52552528
38.83,15.52599767,0.04901062293,15.47698593,16.57242118,15.36520375,0,1,1,0,0.01,15.52599767,1,0.0225,15.52599767,0,1.2,15.52599767
38.84,15.52658817,0.05426358734,15.54302368,16.49157129,15.53289102,0,1,1,0,0.01,15.52658817,1,0.0225,15.52658817,0,1.2,15.52658817
38.85,15.52699268,0.02557975066,15.488161,16.75257039,16.90397753,0,1,1,0,0.01,15.52699268,1,0.0225,15.52699268,0,1.2,15.52699268
38.86,15.52730587,0.02795513545,15.71462949,16.53908247,15.45705047,0,1,1,0,0.01,15.52730587,1,0.0225,15.52730587,0,1.2,15.52730587
38.87,15.52781384,0.05542125721,15.44820879,16.51584873,15.09696389,0,1,1,0,0.01,15.52781384,1,0.0225,15.52781384,0,1.2,15.52781384
38.88,15.52845531,0.1012745552,15.57396814,16.4196583,15.75636417,0,1,1,0,0.01,15.52845531,1,0.0225,15.52845531,0,1.2,15.52845531
38.89,15.5293195,0.08087864231,15.63303071,16.21875113,14.70678046,0,1,1,0,0.01,15.5293195,1,0.0225,15.5293195,0,1.2,15.5293195
38.9,15.5301697,0.09028611254,15.54973582,16.63515637,16.00107537,0,1,1,0,0.01,15.5301697,1,0.0225,15.5301697,0,1.2,15.5301697
38.91,15.53097731,0.06463334842,15.57173839,16.35000538,15.96206605,0,1,1,0,0.01,15.53097731,1,0.0225,15.53097731,0,1.2,15.53097731
38.92,15.53163191,0.06129008884,15.44397564,16.70051765,15.45354784,0,1,1,0,0.01,15.53163191,1,0.0225,15.53163191,0,1.2,15.53163191
38.93,15.5320338,0.03982816851,15.51585973,16.47283415,16.46870763,0,1,1,0,0.01,15.5320338,1,0.0225,15.5320338,0,1.2,15.5320338
38.94,15.53228778,0.01120969678,15.71464544,16.34994506,16.79321317,0,1,1,0,0.01,15.53228778,1,0.0225,15.53228778,0,1.2,15.53228778
38.95,15.53251071,0.01999902191,15.41852884,16.53981593,14.93141639,0,1,1,0,0.01,15.53251071,1,0.0225,15.53251071,0,1.2,15.53251071
38.96,15.53273611,0.03014669089,15.49437089,16.6022393,16.10884675,0,1,1,0,0.01,15.53273611,1,0.0225,15.53273611,0,1.2,15.53273611
38.97,15.53317984,0.05090554678,15.55633152,16.44085586,14.39461135,0,1,1,0,0.01,15.53317984,1,0.0225,15.53317984,0,1.2,15.53317984
38.98,15.53374509,0.06468404729,15.39267149,16.31246216,16.37274689,0,1,1,0,0.01,15.53374509,1,0.0225,15.53374509,0,1.2,15.53374509
38.99,15.53440593,0.06756491588,15.50758559,16.55974676,15.89417847,0,1,1,0,0.01,15.53440593,1,0.0225,15.53440593,0,1.2,15.53440593
39,15.53504168,0.083886075,15.59490551,16.60808058,13.67269939,0,1,1,0,0.01,15.53504168,1,0.0225,15.53504168,0,1.2,15.53504168
39.01,15.53581025,0.07864168351,15.40977693,16.40420017,15.23702616,0,1,1,0,0.01,15.53581025,1,0.0225,15.53581025,0,1.2,15.53581025
39.02,15.536462,0.07731324633,15.5288572,16.44294098,15.81326142,0,1,1,0,0.01,15.536462,1,0.0225,15.536462,0,1.2,15.536462
39.03,15.537348,0.07201901819,15.5641077,16.52364825,14.58600541,0,1,1,0,0.01,15.537348,1,0.0225,15.537348,0,1.2,15.537348
39.04,15.53816645,0.0945190829,15.49595235,16.49739561,15.51249374,0,1,1,0,0.01,15.53816645,1,0.0225,15.53816645,0,1.2,15.53816645
39.05,15.53906374,0.09664294297,15.43311572,16.44610357,13.38844344,0,1,1,0,0.01,15.53906374,1,0.0225,15.53906374,0,1.2,15.53906374
39.06,15.5401364,0.1267531407,15.66179475,16.78264931,17.57217226,0,1,1,0,0.01,15.5401364,1,0.0225,15.5401364,0,1.2,15.5401364
39.07,15.54132615,0.1146197778,15.54360155,16.73620899,16.45125852,0,1,1,0,0.01,15.54132615,1,0.0225,15.54132615,0,1.2,15.54132615
39.08,15.54255392,0.1260013459,15.51330875,16.7337471,16.7344229,0,1,1,0,0.01,15.54255392,1,0.0225,15.54255392,0,1.2,15.54255392
39.09,15.54362953,0.0964966028,15.51366966,16.64525539,17.05723732,0,1,1,0,0.01,15.54362953,1,0.0225,15.54362953,0,1.2,15.54362953
39.1,15.54470481,0.09515600031,15.62600593,16.63376218,15.62988364,0,1,1,0,0.01,15.54470481,1,0.0225,15.54470481,0,1.2,15.54470481
39.11,15.54586989,0.1251861538,15.44594499,16.4869507,13.96935548,0,1,1,0,0.01,15.54586989,1,0.0225,15.54586989,0,1.2,15.54586989
39.12,15.54729746,0.1521172658,15.49502662,16.44941267,14.21326918,0,1,1,0,0.01,15.54729746,1,0.0225,15.54729746,0,1.2,15.54729746
39.13,15.54872015,0.1588164406,15.60464037,16.43161856,16.8879616,0,1,1,0,0.01,15.54872015,1,0.0225,15.54872015,0,1.2,15.54872015
39.14,15.55016562,0.1486024194,15.64041703,16.3490728,16.08524811,0,1,1,0,0.01,15.55016562,1,0.0225,15.55016562,0,1.2,15.55016562
39.15,15.55161012,0.1310902153,15.64728326,16.65927397,15.02236149,0,1,1,0,0.01,15.55161012,1,0.0225,15.55161012,0,1.2,15.55161012
39.16,15.55288361,0.1229119149,15.59431163,16.58911614,16.78810434,0,1,1,0,0.01,15.55288361,1,0.0225,15.55288361,0,1.2,15.55288361
39.17,15.5540571,0.1233844821,15.68046916,16.91750116,17.15151387,0,1,1,0,0.01,15.5540571,1,0.0225,15.5540571,0,1.2,15.5540571
39.18,15.55525388,0.124902194,15.50020151,16.54510883,15.47174606,0,1,1,0,0.01,15.55525388,1,0.0225,15.55525388,0,1.2,15.55525388
39.19,15.55655774,0.1229916871,15.45950263,16.64705732,13.13130141,0,1,1,0,0.01,15.55655774,1,0.0225,15.55655774,0,1.2,15.55655774
39.2,15.55779142,0.1275496614,15.50237103,16.64594195,14.38433222,0,1,1,0,0.01,15.55779142,1,0.0225,15.55779142,0,1.2,15.55779142
39.21,15.55897846,0.1075861252,15.66396418,16.66181108,15.53499854,0,1,1,0,0.01,15.55897846,1,0.0225,15.55897846,0,1.2,15.55897846
39.22,15.55997976,0.1087384837,15.4618274,16.43567676,16.92384088,0,1,1,0,0.01,15.55997976,1,0.0225,15.55997976,0,1.2,15.55997976
39.23,15.56117293,0.10394565,15.64499704,16.51631226,16.1550228,0,1,1,0,0.01,15.56117293,1,0.0225,15.56117293,0,1.2,15.56117293
39.24,15.5622537,0.1204751838,15.48602863,16.50985039,17.41088525,0,1,1,0,0.01,15.5622537,1,0.0225,15.5622537,0,1.2,15.5622537
39.25,15.56325723,0.1000276484,15.57012158,16.55489757,15.67111818,0,1,1,0,0.01,15.56325723,1,0.0225,15.56325723,0,1.2,15.56325723
39.26,15.5642925,0.1064806702,15.49785259,16.50138248,15.2134525,0,1,1,0,0.01,15.5642925,1,0.0225,15.5642925,0,1.2,15.5642925
39.27,15.56528341,0.1174355645,15.63278342,16.61210605,15.48701506,0,1,1,0,0.01,15.56528341,1,0.0225,15.56528341,0,1.2,15.56528341
39.28,15.56657651,0.1210949165,15.56959016,16.40487992,16.02820415,0,1,1,0,0.01,15.56657651,1,0.0225,15.56657651,0,1.2,15.56657651
39.29,15.56769739,0.1067691009,15.47863519,16.46030975,16.43339816,0,1,1,0,0.01,15.56769739,1,0.0225,15.56769739,0,1.2,15.56769739
39.3,15.56861732,0.06158691146,15.7249923,16.51653431,14.80041651,0,1,1,0,0.01,15.56861732,1,0.0225,15.56861732,0,1.2,15.56861732
39.31,15.56925449,0.06453094383,15.53317322,16.59216215,17.1330869,0,1,1,0,0.01,15.56925449,1,0.0225,15.56925449,0,1.2,15.56925449
39.32,15.56975998,0.02059058008,15.56962773,16.89381759,14.44537037,0,1,1,0,0.01,15.56975998,1,0.0225,15.56975998,0,1.2,15.56975998
39.33,15.56987411,0.01180307024,15.63108136,16.53829201,13.549255,0,1,1,0,0.01,15.56987411,1,0.0225,15.56987411,0,1.2,15.56987411
39.34,15.56991549,0.002514297948,15.5902317,16.33343179,14.099723,0,1,1,0,0.01,15.56991549,1,0.0225,15.56991549,0,1.2,15.56991549
39.35,15.57010117,0.02065095865,15.65248079,16.38857172,13.93229699,0,1,1,0,0.01,15.57010117,1,0.0225,15.57010117,0,1.2,15.57010117
39.36,15.57039414,0.02412953194,15.53660121,16.28818374,16.03208849,0,1,1,0,0.01,15.57039414,1,0.0225,15.57039414,0,1.2,15.57039414
39.37,15.57040838,-0.0004852878738,15.40154478,16.52204303,15.87471523,0,1,1,0,0.01,15.57040838,1,0.0225,15.57040838,0,1.2,15.57040838
39.38,15.57053956,0.02587417074,15.5344111,16.43055148,16.52355938,0,1,1,0,0.01,15.57053956,1,0.0225,15.57053956,0,1.2,15.57053956
39.39,15.57075957,0.02772742718,15.49120646,16.61886337,14.09531438,0,1,1,0,0.01,15.57075957,1,0.0225,15.57075957,0,1.2,15.57075957
39.4,15.57117714,0.05039170307,15.5052405,16.37768015,14.91818918,0,1,1,0,0.01,15.57117714,1,0.0225,15.57117714,0,1.2,15.57117714
39.41,15.57164889,0.03601162961,15.77300933,16.61780639,15.34362434,0,1,1,0,0.01,15.57164889,1,0.0225,15.57164889,0,1.2,15.57164889
39.42,15.57224413,0.0916935038,15.81639819,16.66921288,15.12850418,0,1,1,0,0.01,15.57224413,1,0.0225,15.57224413,0,1.2,15.57224413
39.43,15.5731136,0.07279344288,15.65468873,16.54124758,14.84042355,0,1,1,0,0.01,15.5731136,1,0.0225,15.5731136,0,1.2,15.5731136
39.44,15.57373302,0.05572304045,15.47387584,16.31041177,15.92082715,0,1,1,0,0.01,15.57373302,1,0.0225,15.57373302,0,1.2,15.57373302
39.45,15.57431015,0.05772921776,15.70334831,16.71579166,13.88157836,0,1,1,0,0.01,15.57431015,1,0.0225,15.57431015,0,1.2,15.57431015
39.46,15.57496946,0.05942305409,15.47978398,16.51948777,14.52792429,0,1,1,0,0.01,15.57496946,1,0.0225,15.57496946,0,1.2,15.57496946
39.47,15.57557367,0.04140229931,15.45794096,16.4074307,15.70365744,0,1,1,0,0.01,15.57557367,1,0.0225,15.57557367,0,1.2,15.57557367
39.48,15.5760564,0.06273862121,15.63296247,16.5305316,16.63349677,0,1,1,0,0.01,15.5760564,1,0.0225,15.5760564,0,1.2,15.5760564
39.49,15.57659241,0.05351398569,15.5063978,16.59698458,15.71428229,0,1,1,0,0.01,15.57659241,1,0.0225,15.57659241,0,1.2,15.57659241
39.5,15.57717054,0.05179785391,15.61387821,16.66628095,15.70401755,0,1,1,0,0.01,15.57717054,1,0.0225,15.57717054,0,1.2,15.57717054
39.51,15.57752505,0.02365493339,15.4732275,16.38123727,14.14811261,0,1,1,0,0.01,15.57752505,1,0.0225,15.57752505,0,1.2,15.57752505
39.52,15.57771397,0.03240720321,15.61551681,16.45127038,14.18208703,0,1,1,0,0.01,15.57771397,1,0.0225,15.57771397,0,1.2,15.57771397
39.53,15.57807305,0.03187821889,15.56186565,16.4310725,17.11139055,0,1,1,0,0.01,15.57807305,1,0.0225,15.57807305,0,1.2,15.57807305
39.54,15.57834529,0.02659959812,15.66984954,16.42014078,15.71199676,0,1,1,0,0.01,15.57834529,1,0.0225,15.57834529,0,1.2,15.57834529
39.55,15.57883604,0.05150875501,15.60587959,16.3974374,16.63249522,0,1,1,0,0.01,15.57883604,1,0.0225,15.57883604,0,1.2,15.57883604
39.56,15.57945259,0.06199248242,15.62227827,16.73396862,16.17494762,0,1,1,0,0.01,15.57945259,1,0.0225,15.57945259,0,1.2,15.57945259
39.57,15.58018994,0.08228484433,15.52548438,16.66102504,16.9686728,0,1,1,0,0.01,15.58018994,1,0.0225,15.58018994,0,1.2,15.58018994
39.58,15.58098968,0.0688169409,15.46912667,16.61961669,15.64764794,0,1,1,0,0.01,15.58098968,1,0.0225,15.58098968,0,1.2,15.58098968
39.59,15.58160215,0.05953385631,15.63065324,16.72567117,17.67556106,0,1,1,0,0.01,15.58160215,1,0.0225,15.58160215,0,1.2,15.58160215
39.6,15.58204742,0.03893308028,15.60901201,16.54780768,14.39535962,0,1,1,0,0.01,15.58204742,1,0.0225,15.58204742,0,1.2,15.58204742
39.61,15.58245689,0.04717436844,15.5278012,16.72028489,17.98593034,0,1,1,0,0.01,15.58245689,1,0.0225,15.58245689,0,1.2,15.58245689
39.62,15.58301684,0.07053976688,15.51674222,16.38937095,15.08042995,0,1,1,0,0.01,15.58301684,1,0.0225,15.58301684,0,1.2,15.58301684
39.63,15.58378531,0.07023660776,15.75406764,16.75422511,15.94973414,0,1,1,0,0.01,15.58378531,1,0.0225,15.58378531,0,1.2,15.58378531
39.64,15.58440451,0.04808676947,15.72030093,16.79893217,16.83533351,0,1,1,0,0.01,15.58440451,1,0.0225,15.58440451,0,1.2,15.58440451
39.65,15.58506342,0.06659917004,15.64664673,16.543591,17.54678521,0,1,1,0,0.01,15.58506342,1,0.0225,15.58506342,0,1.2,15.58506342
39.66,15.58571478,0.05907439236,15.66910119,16.60512642,14.90806492,0,1,1,0,0.01,15.58571478,1,0.0225,15.58571478,0,1.2,15.58571478
39.67,15.58613036,0.02662366772,15.49524392,16.4998702,15.3592123,0,1,1,0,0.01,15.58613036,1,0.0225,15.58613036,0,1.2,15.58613036
39.68,15.58660682,0.05165174104,15.73059548,16.55159692,15.0987939,0,1,1,0,0.01,15.58660682,1,0.0225,15.58660682,0,1.2,15.58660682
39.69,15.58732512,0.08646893958,15.49851176,16.37512514,16.03166856,0,1,1,0,0.01,15.58732512,1,0.0225,15.58732512,0,1.2,15.58732512
39.7,15.58829798,0.08039478061,15.58579967,16.68405604,15.86799254,0,1,1,0,0.01,15.58829798,1,0.0225,15.58829798,0,1.2,15.58829798
39.71,15.58927412,0.1054239383,15.80894288,16.64435431,13.60438692,0,1,1,0,0.01,15.58927412,1,0.0225,15.58927412,0,1.2,15.58927412
39.72,15.59047769,0.1336522461,15.56118861,16.53915831,15.36224022,0,1,1,0,0.01,15.59047769,1,0.0225,15.59047769,0,1.2,15.59047769
39.73,15.59195692,0.1689701678,15.60758416,16.79263541,15.40048615,0,1,1,0,0.01,15.59195692,1,0.0225,15.59195692,0,1.2,15.59195692
39.74,15.59385403,0.191566093,15.65260126,16.41867107,12.76530071,0,1,1,0,0.01,15.59385403,1,0.0225,15.59385403,0,1.2,15.59385403
39.75,15.59568477,0.1835546725,15.56415858,16.64723322,15.9850419,0,1,1,0,0.01,15.59568477,1,0.0225,15.59568477,0,1.2,15.59568477
39.76,15.59754787,0.1939523151,15.68249405,16.53565574,17.44756785,0,1,1,0,0.01,15.59754787,1,0.0225,15.59754787,0,1.2,15.59754787
39.77,15.59941319,0.1782141068,15.78202462,16.334988,15.91697918,0,1,1,0,0.01,15.59941319,1,0.0225,15.59941319,0,1.2,15.59941319
39.78,15.60126392,0.1841388383,15.58702447,16.4351547,15.55924255,0,1,1,0,0.01,15.60126392,1,0.0225,15.60126392,0,1.2,15.60126392
39.79,15.60325744,0.2078822531,15.63336144,16.58906932,13.91903923,0,1,1,0,0.01,15.60325744,1,0.0225,15.60325744,0,1.2,15.60325744
39.8,15.60511409,0.1596009979,15.45665104,16.40050681,16.86038067,0,1,1,0,0.01,15.60511409,1,0.0225,15.60511409,0,1.2,15.60511409
39.81,15.60669605,0.1800218063,15.55117264,16.62956111,14.9327273,0,1,1,0,0.01,15.60669605,1,0.0225,15.60669605,0,1.2,15.60669605
39.82,15.60849209,0.166587372,15.81550456,16.75125445,14.74207732,0,1,1,0,0.01,15.60849209,1,0.0225,15.60849209,0,1.2,15.60849209
39.83,15.61000108,0.1663571614,15.6564398,16.56365014,14.41470109,0,1,1,0,0.01,15.61000108,1,0.0225,15.61000108,0,1.2,15.61000108
39.84,15.61153062,0.1376657958,15.66569194,16.55995926,15.29523856,0,1,1,0,0.01,15.61153062,1,0.0225,15.61153062,0,1.2,15.61153062
39.85,15.6129945,0.1548424241,15.34150747,16.41976391,14.93540192,0,1,1,0,0.01,15.6129945,1,0.0225,15.6129945,0,1.2,15.6129945
39.86,15.61442782,0.1367334,15.57489241,16.36766838,15.1707982,0,1,1,0,0.01,15.61442782,1,0.0225,15.61442782,0,1.2,15.61442782
39.87,15.61595419,0.1560184406,15.56037097,16.51689747,15.98988521,0,1,1,0,0.01,15.61595419,1,0.0225,15.61595419,0,1.2,15.61595419
39.88,15.61774646,0.1950599233,15.60892359,16.65256227,14.22796445,0,1,1,0,0.01,15.61774646,1,0.0225,15.61774646,0,1.2,15.61774646
39.89,15.61961015,0.1785828381,15.67240495,16.72174206,15.98861568,0,1,1,0,0.01,15.61961015,1,0.0225,15.61961015,0,1.2,15.61961015
39.9,15.62118207,0.1554204151,15.52237719,16.68698284,14.60583509,0,1,1,0,0.01,15.62118207,1,0.0225,15.62118207,0,1.2,15.62118207
39.91,15.62267549,0.1627628944,15.61292687,16.61709779,18.55293101,0,1,1,0,0.01,15.62267549,1,0.0225,15.62267549,0,1.2,15.62267549
39.92,15.62439258,0.1846915451,15.89293929,16.60995704,17.06594883,0,1,1,0,0.01,15.62439258,1,0.0225,15.62439258,0,1.2,15.62439258
39.93,15.62618708,0.1766253436,15.78417817,16.6843661,16.33995858,0,1,1,0,0.01,15.62618708,1,0.0225,15.62618708,0,1.2,15.62618708
39.94,15.62790738,0.1814576961,15.77591296,16.7879161,16.52218464,0,1,1,0,0.01,15.62790738,1,0.0225,15.62790738,0,1.2,15.62790738
39.95,15.62966473,0.1780538136,15.50688124,16.71868235,16.24218765,0,1,1,0,0.01,15.62966473,1,0.0225,15.62966473,0,1.2,15.62966473
39.96,15.63139376,0.1585307488,15.64314454,16.47272811,16.82095098,0,1,1,0,0.01,15.63139376,1,0.0225,15.63139376,0,1.2,15.63139376
39.97,15.63281073,0.1201392735,15.66622067,16.63763951,12.97644651,0,1,1,0,0.01,15.63281073,1,0.0225,15.63281073,0,1.2,15.63281073
39.98,15.63404893,0.1282620611,15.74983512,16.59733687,16.10988781,0,1,1,0,0.01,15.63404893,1,0.0225,15.63404893,0,1.2,15.63404893
39.99,15.63530558,0.1198471743,15.45179533,16.74673681,15.03317092,0,1,1,0,0.01,15.63530558,1,0.0225,15.63530558,0,1.2,15.63530558
40,15.63672248,0.1656003315,15.64553814,16.49961783,14.50142575,0,1,1,0,0.01,15.63672248,1,0.0225,15.63672248,0,1.2,15.63672248
40.01,15.63836727,0.1724788645,15.53407657,16.5106874,16.83141676,0,1,1,0,0.01,15.63836727,1,0.0225,15.63836727,0,1.2,15.63836727
40.02,15.6401319,0.1884674395,15.4502491,16.6564576,14.67732984,0,1,1,0,0.01,15.6401319,1,0.0225,15.6401319,0,1.2,15.6401319
40.03,15.64212995,0.1867721532,15.66880735,16.98971081,15.70610724,0,1,1,0,0.01,15.64212995,1,0.0225,15.64212995,0,1.2,15.64212995
40.04,15.64404887,0.2183325498,15.59387684,16.64320944,16.00478062,0,1,1,0,0.01,15.64404887,1,0.0225,15.64404887,0,1.2,15.64404887
40.05,15.64636098,0.2234903664,15.79025958,16.59017097,16.0170344,0,1,1,0,0.01,15.64636098,1,0.0225,15.64636098,0,1.2,15.64636098
40.06,15.64863789,0.2257525745,15.44093913,16.64751715,13.73998892,0,1,1,0,0.01,15.64863789,1,0.0225,15.64863789,0,1.2,15.64863789
40.07,15.651025,0.2371816163,15.5503298,16.83498234,16.20916913,0,1,1,0,0.01,15.651025,1,0.0225,15.651025,0,1.2,15.651025
40.08,15.65314076,0.2135979663,15.65486097,16.50788243,17.15561393,0,1,1,0,0.01,15.65314076,1,0.0225,15.65314076,0,1.2,15.65314076
40.09,15.65516038,0.2139177165,15.72875301,16.71519242,16.25448012,0,1,1,0,0.01,15.65516038,1,0.0225,15.65516038,0,1.2,15.65516038
40.1,15.65738121,0.2236413529,15.62454425,16.72890401,14.06357332,0,1,1,0,0.01,15.65738121,1,0.0225,15.65738121,0,1.2,15.65738121
40.11,15.65953915,0.2103797741,15.6702618,16.46852427,16.26304149,0,1,1,0,0.01,15.65953915,1,0.0225,15.65953915,0,1.2,15.65953915
40.12,15.66186434,0.2472832373,15.81170719,16.56944781,15.21507147,0,1,1,0,0.01,15.66186434,1,0.0225,15.66186434,0,1.2,15.66186434
40.13,15.66439953,0.2558537394,15.71066383,16.6677475,14.95396813,0,1,1,0,0.01,15.66439953,1,0.0225,15.66439953,0,1.2,15.66439953
40.14,15.66696556,0.2709071536,15.51723645,16.69011771,14.49691999,0,1,1,0,0.01,15.66696556,1,0.0225,15.66696556,0,1.2,15.66696556
40.15,15.66950381,0.2486047885,15.5997641,16.73001847,15.15867034,0,1,1,0,0.01,15.66950381,1,0.0225,15.66950381,0,1.2,15.66950381
40.16,15.67213131,0.2540085477,15.47398314,16.72565126,16.55326857,0,1,1,0,0.01,15.67213131,1,0.0225,15.67213131,0,1.2,15.67213131
40.17,15.67472923,0.2562366738,15.69108127,16.57331785,14.38729109,0,1,1,0,0.01,15.67472923,1,0.0225,15.67472923,0,1.2,15.67472923
40.18,15.67729197,0.2652206754,15.47431895,16.57598456,13.31778032,0,1,1,0,0.01,15.67729197,1,0.0225,15.67729197,0,1.2,15.67729197
40.19,15.67978223,0.2484620008,15.62733473,16.71145926,15.40922578,0,1,1,0,0.01,15.67978223,1,0.0225,15.67978223,0,1.2,15.67978223
40.2,15.68231616,0.2322197382,15.69534759,16.55578778,15.65830529,0,1,1,0,0.01,15.68231616,1,0.0225,15.68231616,0,1.2,15.68231616
40.21,15.68485227,0.263864352,15.94535467,16.71947821,15.68881632,0,1,1,0,0.01,15.68485227,1,0.0225,15.68485227,0,1.2,15.68485227
40.22,15.68723471,0.2183785315,15.60490628,16.53294351,11.88877886,0,1,1,0,0.01,15.68723471,1,0.0225,15.68723471,0,1.2,15.68723471
40.23,15.68934327,0.1980980235,15.58120833,16.65414228,12.59008692,0,1,1,0,0.01,15.68934327,1,0.0225,15.68934327,0,1.2,15.68934327
40.24,15.69144091,0.2277042816,15.68746723,17.00206316,15.70063661,0,1,1,0,0.01,15.69144091,1,0.0225,15.69144091,0,1.2,15.69144091
40.25,15.69376794,0.2572605775,15.7610665,16.57083859,15.88811938,0,1,1,0,0.01,15.69376794,1,0.0225,15.69376794,0,1.2,15.69376794
40.26,15.69619642,0.2483386135,15.79144201,16.74151663,17.14208887,0,1,1,0,0.01,15.69619642,1,0.0225,15.69619642,0,1.2,15.69619642
40.27,15.69894312,0.2880221695,15.77848244,16.64971734,15.44279344,0,1,1,0,0.01,15.69894312,1,0.0225,15.69894312,0,1.2,15.69894312
40.28,15.70189767,0.3183412612,15.81020401,16.6419387,13.78899687,0,1,1,0,0.01,15.70189767,1,0.0225,15.70189767,0,1.2,15.70189767
40.29,15.70536522,0.3617665361,15.66642064,16.4858828,16.43139589,0,1,1,0,0.01,15.70536522,1,0.0225,15.70536522,0,1.2,15.70536522
40.3,15.708916,0.3478114988,15.81365866,16.82790329,16.50195343,0,1,1,0,0.01,15.708916,1,0.0225,15.708916,0,1.2,15.708916
40.31,15.71254458,0.3664531845,15.67657386,16.33732811,17.1372513,0,1,1,0,0.01,15.71254458,1,0.0225,15.71254458,0,1.2,15.71254458
40.32,15.71617505,0.342727654,15.57504171,16.68782438,16.36294472,0,1,1,0,0.01,15.71617505,1,0.0225,15.71617505,0,1.2,15.71617505
40.33,15.71958319,0.3291764578,15.803067,16.60720044,17.20193079,0,1,1,0,0.01,15.71958319,1,0.0225,15.71958319,0,1.2,15.71958319
40.34,15.72280587,0.2988414926,15.90480403,16.8217586,14.72039783,0,1,1,0,0.01,15.72280587,1,0.0225,15.72280587,0,1.2,15.72280587
40.35,15.72595769,0.3220003207,15.69424523,16.7433795,17.49860858,0,1,1,0,0.01,15.72595769,1,0.0225,15.72595769,0,1.2,15.72595769
40.36,15.72924263,0.3397030926,15.7460848,16.77488536,15.81547109,0,1,1,0,0.01,15.72924263,1,0.0225,15.72924263,0,1.2,15.72924263
40.37,15.73252476,0.3093122591,15.71635241,16.84686101,17.34902592,0,1,1,0,0.01,15.73252476,1,0.0225,15.73252476,0,1.2,15.73252476
40.38,15.7357301,0.3276365139,15.87792845,16.81549891,16.31758281,0,1,1,0,0.01,15.7357301,1,0.0225,15.7357301,0,1.2,15.7357301
40.39,15.7390056,0.3490733594,15.71831544,16.86211777,15.63439132,0,1,1,0,0.01,15.7390056,1,0.0225,15.7390056,0,1.2,15.7390056
40.4,15.74262676,0.3646894892,15.79394541,17.00093679,17.25366222,0,1,1,0,0.01,15.74262676,1,0.0225,15.74262676,0,1.2,15.74262676
40.41,15.74627715,0.3723695267,15.73563847,16.65239834,16.72268737,0,1,1,0,0.01,15.74627715,1,0.0225,15.74627715,0,1.2,15.74627715
40.42,15.74988538,0.3782251278,15.85307019,16.60607195,16.06291465,0,1,1,0,0.01,15.74988538,1,0.0225,15.74988538,0,1.2,15.74988538
40.43,15.75359787,0.374049494,15.64959384,16.95564218,14.7779939,0,1,1,0,0.01,15.75359787,1,0.0225,15.75359787,0,1.2,15.75359787
40.44,15.75738278,0.3695583695,15.63395766,16.54771137,15.34797749,0,1,1,0,0.01,15.75738278,1,0.0225,15.75738278,0,1.2,15.75738278
40.45,15.76103083,0.3696229259,15.9155753,16.47472374,16.60605117,0,1,1,0,0.01,15.76103083,1,0.0225,15.76103083,0,1.2,15.76103083
40.46,15.76469306,0.3850843018,15.77754763,16.85635397,16.32436797,0,1,1,0,0.01,15.76469306,1,0.0225,15.76469306,0,1.2,15.76469306
40.47,15.76834427,0.3544464237,15.83882656,16.86436608,18.41163523,0,1,1,0,0.01,15.76834427,1,0.0225,15.76834427,0,1.2,15.76834427
40.48,15.77180732,0.3558191556,15.61382508,16.69412062,15.17562606,0,1,1,0,0.01,15.77180732,1,0.0225,15.77180732,0,1.2,15.77180732
40.49,15.77538644,0.3607840783,15.83465474,16.44663045,14.22387341,0,1,1,0,0.01,15.77538644,1,0.0225,15.77538644,0,1.2,15.77538644
40.5,15.7791209,0.3932450135,15.86408717,16.89248326,16.06156865,0,1,1,0,0.01,15.7791209,1,0.0225,15.7791209,0,1.2,15.7791209
40.51,15.78315,0.3973118711,15.8309889,16.77292566,18.32457262,0,1,1,0,0.01,15.78315,1,0.0225,15.78315,0,1.2,15.78315
40.52,15.78727794,0.4279063309,15.70952969,16.82695408,17.07296928,0,1,1,0,0.01,15.78727794,1,0.0225,15.78727794,0,1.2,15.78727794
40.53,15.79130291,0.3885460482,15.9605695,16.98715915,14.52817665,0,1,1,0,0.01,15.79130291,1,0.0225,15.79130291,0,1.2,15.79130291
40.54,15.79515887,0.3830726875,15.80987343,16.78297734,16.06663959,0,1,1,0,0.01,15.79515887,1,0.0225,15.79515887,0,1.2,15.79515887
40.55,15.7991208,0.3891854191,15.66374446,16.66361069,17.87769313,0,1,1,0,0.01,15.7991208,1,0.0225,15.7991208,0,1.2,15.7991208
40.56,15.80306784,0.3819263219,15.75175641,16.88695855,15.64742275,0,1,1,0,0.01,15.80306784,1,0.0225,15.80306784,0,1.2,15.80306784
40.57,15.80686276,0.3761235954,15.88314999,16.97538904,15.14277448,0,1,1,0,0.01,15.80686276,1,0.0225,15.80686276,0,1.2,15.80686276
40.58,15.81063179,0.3766874615,16.07823,16.62017402,14.86773276,0,1,1,0,0.01,15.81063179,1,0.0225,15.81063179,0,1.2,15.81063179
40.59,15.81438659,0.3584205432,15.72688203,16.82318037,15.12780548,0,1,1,0,0.01,15.81438659,1,0.0225,15.81438659,0,1.2,15.81438659
40.6,15.81806391,0.3764904058,15.93140476,16.69138904,16.43758463,0,1,1,0,0.01,15.81806391,1,0.0225,15.81806391,0,1.2,15.81806391
40.61,15.82180286,0.3750252954,15.77829869,16.8512104,14.94353094,0,1,1,0,0.01,15.82180286,1,0.0225,15.82180286,0,1.2,15.82180286
40.62,15.82552875,0.3672986605,15.83261254,17.07117412,15.29728808,0,1,1,0,0.01,15.82552875,1,0.0225,15.82552875,0,1.2,15.82552875
40.63,15.82905385,0.3492804958,15.8358765,16.62127715,16.09781681,0,1,1,0,0.01,15.82905385,1,0.0225,15.82905385,0,1.2,15.82905385
40.64,15.83253335,0.3416070052,15.73693778,16.93787965,17.74686226,0,1,1,0,0.01,15.83253335,1,0.0225,15.83253335,0,1.2,15.83253335
40.65,15.83597228,0.3289699737,15.83448624,17.000178,16.85636792,0,1,1,0,0.01,15.83597228,1,0.0225,15.83597228,0,1.2,15.83597228
40.66,15.83907467,0.2954662436,15.83971436,16.82816905,16.50193645,0,1,1,0,0.01,15.83907467,1,0.0225,15.83907467,0,1.2,15.83907467
40.67,15.84213133,0.313067531,15.80640254,16.72333274,15.25372378,0,1,1,0,0.01,15.84213133,1,0.0225,15.84213133,0,1.2,15.84213133
40.68,15.84517024,0.2870019556,15.8756519,16.77587637,16.33861686,0,1,1,0,0.01,15.84517024,1,0.0225,15.84517024,0,1.2,15.84517024
40.69,15.8480481,0.3015432547,15.75396544,16.45960948,15.43452525,0,1,1,0,0.01,15.8480481,1,0.0225,15.8480481,0,1.2,15.8480481
40.7,15.8511371,0.3050392123,15.97222675,16.93940482,16.736274,0,1,1,0,0.01,15.8511371,1,0.0225,15.8511371,0,1.2,15.8511371
40.71,15.85413849,0.283585996,15.78544495,16.83878339,16.1484083,0,1,1,0,0.01,15.85413849,1,0.0225,15.85413849,0,1.2,15.85413849
40.72,15.85709153,0.2954496052,16.02033591,16.78175166,16.72556927,0,1,1,0,0.01,15.85709153,1,0.0225,15.85709153,0,1.2,15.85709153
40.73,15.8601357,0.3171396143,15.80651571,16.84111554,16.28472277,0,1,1,0,0.01,15.8601357,1,0.0225,15.8601357,0,1.2,15.8601357
40.74,15.86324028,0.321016193,15.95761667,16.3980935,15.53529885,0,1,1,0,0.01,15.86324028,1,0.0225,15.86324028,0,1.2,15.86324028
40.75,15.86650237,0.3470583933,15.94439321,17.01297053,14.2181164,0,1,1,0,0.01,15.86650237,1,0.0225,15.86650237,0,1.2,15.86650237
40.76,15.86990672,0.3439173008,15.7189555,16.82561961,14.46945553,0,1,1,0,0.01,15.86990672,1,0.0225,15.86990672,0,1.2,15.86990672
40.77,15.87321541,0.3203948215,15.85319056,16.95283269,15.83111731,0,1,1,0,0.01,15.87321541,1,0.0225,15.87321541,0,1.2,15.87321541
40.78,15.87641225,0.3375038761,15.81590949,16.89308243,15.48532163,0,1,1,0,0.01,15.87641225,1,0.0225,15.87641225,0,1.2,15.87641225
40.79,15.87976902,0.3321961267,15.9680022,16.66892183,16.3473787,0,1,1,0,0.01,15.87976902,1,0.0225,15.87976902,0,1.2,15.87976902
40.8,15.88335251,0.3625798589,15.96275215,16.91017222,15.80799408,0,1,1,0,0.01,15.88335251,1,0.0225,15.88335251,0,1.2,15.88335251
40.81,15.88721749,0.4109463859,15.9130287,16.96462101,16.49580231,0,1,1,0,0.01,15.88721749,1,0.0225,15.88721749,0,1.2,15.88721749
40.82,15.89131989,0.4113335793,16.04926611,17.22017425,16.30431711,0,1,1,0,0.01,15.89131989,1,0.0225,15.89131989,0,1.2,15.89131989
40.83,15.89539354,0.4042743533,15.93519513,16.92767995,14.84831991,0,1,1,0,0.01,15.89539354,1,0.0225,15.89539354,0,1.2,15.89539354
40.84,15.89954185,0.4316010172,16.03561478,16.96441722,16.66200076,0,1,1,0,0.01,15.89954185,1,0.0225,15.89954185,0,1.2,15.89954185
40.85,15.9040042,0.480024404,15.971446,16.84673045,13.34370645,0,1,1,0,0.01,15.9040042,1,0.0225,15.9040042,0,1.2,15.9040042
40.86,15.90898927,0.5079079761,15.99123032,16.84478351,14.12799733,0,1,1,0,0.01,15.90898927,1,0.0225,15.90898927,0,1.2,15.90898927
40.87,15.91408139,0.5045810565,15.79187588,16.93010731,14.75261406,0,1,1,0,0.01,15.91408139,1,0.0225,15.91408139,0,1.2,15.91408139
40.88,15.91921818,0.5341402543,15.73154843,16.88166126,17.53976846,0,1,1,0,0.01,15.91921818,1,0.0225,15.91921818,0,1.2,15.91921818
40.89,15.92440407,0.4980301262,15.93865308,17.18449347,15.93369728,0,1,1,0,0.01,15.92440407,1,0.0225,15.92440407,0,1.2,15.92440407
40.9,15.92953499,0.5192372127,16.0999005,16.89119479,13.5756947,0,1,1,0,0.01,15.92953499,1,0.0225,15.92953499,0,1.2,15.92953499
40.91,15.93464148,0.5142915895,15.84368513,16.8168805,15.86502996,0,1,1,0,0.01,15.93464148,1,0.0225,15.93464148,0,1.2,15.93464148
40.92,15.93956468,0.4817869109,15.92829491,16.88860479,14.65758633,0,1,1,0,0.01,15.93956468,1,0.0225,15.93956468,0,1.2,15.93956468
40.93,15.94416419,0.4647910293,15.74085934,16.80587629,16.50310732,0,1,1,0,0.01,15.94416419,1,0.0225,15.94416419,0,1.2,15.94416419
40.94,15.94884575,0.4706917008,15.92984362,17.01337193,15.68801365,0,1,1,0,0.01,15.94884575,1,0.0225,15.94884575,0,1.2,15.94884575
40.95,15.95365364,0.47332831,15.81323961,17.12757459,15.48217363,0,1,1,0,0.01,15.95365364,1,0.0225,15.95365364,0,1.2,15.95365364
40.96,15.95839472,0.4699881692,15.88396443,16.98955862,16.15363164,0,1,1,0,0.01,15.95839472,1,0.0225,15.95839472,0,1.2,15.95839472
40.97,15.9631576,0.495045776,16.16528561,16.89433461,16.8070907,0,1,1,0,0.01,15.9631576,1,0.0225,15.9631576,0,1.2,15.9631576
40.98,15.96811657,0.509597527,15.9229869,17.1437196,16.5162601,0,1,1,0,0.01,15.96811657,1,0.0225,15.96811657,0,1.2,15.96811657
40.99,15.97336004,0.5080916816,15.80986882,16.89891279,15.87149449,0,1,1,0,0.01,15.97336004,1,0.0225,15.97336004,0,1.2,15.97336004
41,15.97833281,0.4762986489,16.07269862,16.91679316,15.64380143,0,1,1,0,0.01,15.97833281,1,0.0225,15.97833281,0,1.2,15.97833281
41.01,15.98334366,0.5136864751,15.96865724,17.04835557,15.98206403,0,1,1,0,0.01,15.98334366,1,0.0225,15.98334366,0,1.2,15.98334366
41.02,15.98830041,0.4744864322,15.9107482,16.71969145,13.06513597,0,1,1,0,0.01,15.98830041,1,0.0225,15.98830041,0,1.2,15.98830041
41.03,15.99300865,0.4798186482,15.97209374,16.95593134,15.0434841,0,1,1,0,0.01,15.99300865,1,0.0225,15.99300865,0,1.2,15.99300865
41.04,15.99769037,0.4467602842,15.97651122,16.9562336,16.67507884,0,1,1,0,0.01,15.99769037,1,0.0225,15.99769037,0,1.2,15.99769037
41.05,16.00184381,0.3876828155,16.07506912,17.13667084,15.087517,0,1,1,0,0.01,16.00184381,1,0.0225,16.00184381,0,1.2,16.00184381
41.06,16.00539609,0.3569139262,16.06084636,16.80570322,16.68751071,0,1,1,0,0.01,16.00539609,1,0.0225,16.00539609,0,1.2,16.00539609
41.07,16.00884122,0.3602879282,15.99546834,16.9412146,15.27673594,0,1,1,0,0.01,16.00884122,1,0.0225,16.00884122,0,1.2,16.00884122
41.08,16.01266039,0.4031210168,15.89622677,16.93659341,16.77180797,0,1,1,0,0.01,16.01266039,1,0.0225,16.01266039,0,1.2,16.01266039
41.09,16.01646775,0.3746391705,16.13693429,16.95219668,14.89516458,0,1,1,0,0.01,16.01646775,1,0.0225,16.01646775,0,1.2,16.01646775
41.1,16.02028275,0.3881810571,16.03458829,17.05365048,15.8566987,0,1,1,0,0.01,16.02028275,1,0.0225,16.02028275,0,1.2,16.02028275
41.11,16.02413983,0.3848630743,15.82393448,16.94215218,16.5462013,0,1,1,0,0.01,16.02413983,1,0.0225,16.02413983,0,1.2,16.02413983
41.12,16.02788724,0.3741976075,16.19294604,17.14049992,16.15669191,0,1,1,0,0.01,16.02788724,1,0.0225,16.02788724,0,1.2,16.02788724
41.13,16.0316832,0.3897732764,16.17877912,16.95929037,16.98842789,0,1,1,0,0.01,16.0316832,1,0.0225,16.0316832,0,1.2,16.0316832
41.14,16.03582513,0.4118565342,16.10386396,17.01459064,14.92852063,0,1,1,0,0.01,16.03582513,1,0.0225,16.03582513,0,1.2,16.03582513
41.15,16.03985222,0.3870223982,16.03051697,16.82951608,15.71465983,0,1,1,0,0.01,16.03985222,1,0.0225,16.03985222,0,1.2,16.03985222
41.16,16.04366804,0.3727405696,16.27316259,17.08098233,15.69451065,0,1,1,0,0.01,16.04366804,1,0.0225,16.04366804,0,1.2,16.04366804
41.17,16.04735975,0.3623763854,15.97066186,17.01177749,15.56550388,0,1,1,0,0.01,16.04735975,1,0.0225,16.04735975,0,1.2,16.04735975
41.18,16.05086955,0.3527985681,16.12511101,17.0905828,15.30901738,0,1,1,0,0.01,16.05086955,1,0.0225,16.05086955,0,1.2,16.05086955
41.19,16.05439767,0.3413099484,16.15403618,16.99126079,14.86495887,0,1,1,0,0.01,16.05439767,1,0.0225,16.05439767,0,1.2,16.05439767
41.2,16.05795008,0.3731454787,16.10346206,17.09518728,15.55639954,0,1,1,0,0.01,16.05795008,1,0.0225,16.05795008,0,1.2,16.05795008
41.21,16.06163527,0.3578730474,15.90076538,16.72622235,16.18065268,0,1,1,0,0.01,16.06163527,1,0.0225,16.06163527,0,1.2,16.06163527
41.22,16.06536235,0.3658317108,16.08290934,16.83871395,15.8564488,0,1,1,0,0.01,16.06536235,1,0.0225,16.06536235,0,1.2,16.06536235
41.23,16.06896152,0.3501067055,16.1427717,17.25448945,17.74175698,0,1,1,0,0.01,16.06896152,1,0.0225,16.06896152,0,1.2,16.06896152
41.24,16.07237178,0.3305703339,16.1209024,16.83939072,18.49047899,0,1,1,0,0.01,16.07237178,1,0.0225,16.07237178,0,1.2,16.07237178
41.25,16.07572376,0.3428827379,16.07176481,17.28316658,16.27559718,0,1,1,0,0.01,16.07572376,1,0.0225,16.07572376,0,1.2,16.07572376
41.26,16.07943024,0.3967728598,16.05450705,17.07233094,16.37337135,0,1,1,0,0.01,16.07943024,1,0.0225,16.07943024,0,1.2,16.07943024
41.27,16.0832927,0.3659343189,16.14314971,16.90158571,16.46450752,0,1,1,0,0.01,16.0832927,1,0.0225,16.0832927,0,1.2,16.0832927
41.28,16.08698849,0.3789439726,16.05331748,17.21664902,15.25658869,0,1,1,0,0.01,16.08698849,1,0.0225,16.08698849,0,1.2,16.08698849
41.29,16.09068989,0.3719722535,16.1233566,17.00052789,14.61721111,0,1,1,0,0.01,16.09068989,1,0.0225,16.09068989,0,1.2,16.09068989
41.3,16.09429838,0.3496071446,16.04937556,17.12288132,17.19697143,0,1,1,0,0.01,16.09429838,1,0.0225,16.09429838,0,1.2,16.09429838
41.31,16.09776193,0.3549630882,16.17151366,17.02173379,15.81877773,0,1,1,0,0.01,16.09776193,1,0.0225,16.09776193,0,1.2,16.09776193
41.32,16.10135266,0.3619195794,16.08450239,17.1818222,17.73802473,0,1,1,0,0.01,16.10135266,1,0.0225,16.10135266,0,1.2,16.10135266
41.33,16.10521223,0.4079656865,16.10195218,17.20796776,14.53958646,0,1,1,0,0.01,16.10521223,1,0.0225,16.10521223,0,1.2,16.10521223
41.34,16.10932796,0.4137621582,15.95554204,17.077487,16.79911618,0,1,1,0,0.01,16.10932796,1,0.0225,16.10932796,0,1.2,16.10932796
41.35,16.11366575,0.4498123473,16.21852484,17.19739585,17.7461247,0,1,1,0,0.01,16.11366575,1,0.0225,16.11366575,0,1.2,16.11366575
41.36,16.11819202,0.4482416187,15.95096055,17.11194416,16.6070334,0,1,1,0,0.01,16.11819202,1,0.0225,16.11819202,0,1.2,16.11819202
41.37,16.12261114,0.4252814334,15.95999978,17.02960713,15.63513683,0,1,1,0,0.01,16.12261114,1,0.0225,16.12261114,0,1.2,16.12261114
41.38,16.1268605,0.4407846396,16.03788827,17.2328987,15.38088658,0,1,1,0,0.01,16.1268605,1,0.0225,16.1268605,0,1.2,16.1268605
41.39,16.13109174,0.412000252,16.31037083,17.10838944,16.10367147,0,1,1,0,0.01,16.13109174,1,0.0225,16.13109174,0,1.2,16.13109174
41.4,16.13523289,0.4302270915,16.12145895,17.02148713,14.63484405,0,1,1,0,0.01,16.13523289,1,0.0225,16.13523289,0,1.2,16.13523289
41.41,16.13956922,0.4400189468,16.45518916,17.08898412,17.17054796,0,1,1,0,0.01,16.13956922,1,0.0225,16.13956922,0,1.2,16.13956922
41.42,16.14418825,0.4713413023,16.14799325,17.29190486,12.94112473,0,1,1,0,0.01,16.14418825,1,0.0225,16.14418825,0,1.2,16.14418825
41.43,16.14908843,0.5060783195,16.04360215,17.34392374,17.02104786,0,1,1,0,0.01,16.14908843,1,0.0225,16.14908843,0,1.2,16.14908843
41.44,16.15393996,0.4707747677,15.9476547,17.23792962,17.22298296,0,1,1,0,0.01,16.15393996,1,0.0225,16.15393996,0,1.2,16.15393996
41.45,16.15854116,0.4674042446,16.15011333,17.29948483,15.91085295,0,1,1,0,0.01,16.15854116,1,0.0225,16.15854116,0,1.2,16.15854116
41.46,16.16339216,0.4896535217,16.1172776,16.95646884,14.81602832,0,1,1,0,0.01,16.16339216,1,0.0225,16.16339216,0,1.2,16.16339216
41.47,16.16826963,0.4991980509,16.2043932,17.11692145,13.80315736,0,1,1,0,0.01,16.16826963,1,0.0225,16.16826963,0,1.2,16.16826963
41.48,16.17317376,0.4870018363,16.35551485,17.24555129,15.22272899,0,1,1,0,0.01,16.17317376,1,0.0225,16.17317376,0,1.2,16.17317376
41.49,16.17775568,0.4589545925,16.04325818,17.10251283,14.54131584,0,1,1,0,0.01,16.17775568,1,0.0225,16.17775568,0,1.2,16.17775568
41.5,16.18217484,0.4111541147,16.26861479,17.23821103,16.77512393,0,1,1,0,0.01,16.18217484,1,0.0225,16.18217484,0,1.2,16.18217484
41.51,16.18644174,0.4358140647,16.18572416,17.15699309,14.12796884,0,1,1,0,0.01,16.18644174,1,0.0225,16.18644174,0,1.2,16.18644174
41.52,16.1906806,0.4137127266,16.30965437,17.57044804,15.6982406,0,1,1,0,0.01,16.1906806,1,0.0225,16.1906806,0,1.2,16.1906806
41.53,16.19493981,0.4434069644,16.40313495,17.2010239,15.31145861,0,1,1,0,0.01,16.19493981,1,0.0225,16.19493981,0,1.2,16.19493981
41.54,16.19946965,0.4431351561,16.21541722,16.83381848,13.65748815,0,1,1,0,0.01,16.19946965,1,0.0225,16.19946965,0,1.2,16.19946965
41.55,16.20384658,0.4304430336,16.30898723,17.32009848,16.52781415,0,1,1,0,0.01,16.20384658,1,0.0225,16.20384658,0,1.2,16.20384658
41.56,16.2081914,0.4421420499,16.09411964,17.10757087,15.44037992,0,1,1,0,0.01,16.2081914,1,0.0225,16.2081914,0,1.2,16.2081914
41.57,16.21261153,0.4338728963,16.18663123,17.28471607,16.09561574,0,1,1,0,0.01,16.21261153,1,0.0225,16.21261153,0,1.2,16.21261153
41.58,16.21697947,0.4405889255,16.13715465,17.40012075,15.71024148,0,1,1,0,0.01,16.21697947,1,0.0225,16.21697947,0,1.2,16.21697947
41.59,16.22147113,0.4662800238,16.11748292,17.17890915,15.35206523,0,1,1,0,0.01,16.22147113,1,0.0225,16.22147113,0,1.2,16.22147113
41.6,16.22622994,0.4684612765,16.27279683,17.28976935,16.27271702,0,1,1,0,0.01,16.22622994,1,0.0225,16.22622994,0,1.2,16.22622994
41.61,16.23098368,0.4956561551,16.33814938,17.34376305,15.15079327,0,1,1,0,0.01,16.23098368,1,0.0225,16.23098368,0,1.2,16.23098368
41.62,16.23599654,0.4963382928,16.27525392,17.41951646,16.94074682,0,1,1,0,0.01,16.23599654,1,0.0225,16.23599654,0,1.2,16.23599654
41.63,16.2409224,0.5006975089,16.16138003,17.36420427,16.19398191,0,1,1,0,0.01,16.2409224,1,0.0225,16.2409224,0,1.2,16.2409224
41.64,16.24619639,0.5295860027,16.17095327,17.26808753,15.19453802,0,1,1,0,0.01,16.24619639,1,0.0225,16.24619639,0,1.2,16.24619639
41.65,16.25167349,0.5645680421,16.2082111,16.86641287,17.34145664,0,1,1,0,0.01,16.25167349,1,0.0225,16.25167349,0,1.2,16.25167349
41.66,16.25722354,0.5658279224,16.21161894,17.47275089,18.74376477,0,1,1,0,0.01,16.25722354,1,0.0225,16.25722354,0,1.2,16.25722354
41.67,16.26308065,0.6118526338,16.37884698,17.14998461,16.1663408,0,1,1,0,0.01,16.26308065,1,0.0225,16.26308065,0,1.2,16.26308065
41.68,16.26926561,0.6268421297,16.34932055,17.22056706,15.04684814,0,1,1,0,0.01,16.26926561,1,0.0225,16.26926561,0,1.2,16.26926561
41.69,16.27567898,0.6374222144,16.16556091,17.53477916,14.74960743,0,1,1,0,0.01,16.27567898,1,0.0225,16.27567898,0,1.2,16.27567898
41.7,16.28196426,0.6091323997,16.15653034,17.12105391,14.56660585,0,1,1,0,0.01,16.28196426,1,0.0225,16.28196426,0,1.2,16.28196426
41.71,16.28773918,0.5776837783,16.1831563,17.12737086,18.64859435,0,1,1,0,0.01,16.28773918,1,0.0225,16.28773918,0,1.2,16.28773918
41.72,16.29334083,0.5308281096,16.28627214,17.42226075,17.07384931,0,1,1,0,0.01,16.29334083,1,0.0225,16.29334083,0,1.2,16.29334083
41.73,16.29850415,0.5021912334,16.42705018,17.201398,16.0712311,0,1,1,0,0.01,16.29850415,1,0.0225,16.29850415,0,1.2,16.29850415
41.74,16.30328222,0.4688157306,16.08519779,17.33358466,15.92803964,0,1,1,0,0.01,16.30328222,1,0.0225,16.30328222,0,1.2,16.30328222
41.75,16.30814166,0.4984188775,16.15947498,17.3069631,17.13232129,0,1,1,0,0.01,16.30814166,1,0.0225,16.30814166,0,1.2,16.30814166
41.76,16.31312769,0.4881086357,16.38030385,17.41949985,19.34500654,0,1,1,0,0.01,16.31312769,1,0.0225,16.31312769,0,1.2,16.31312769
41.77,16.31821491,0.5323547403,16.36819141,17.41551954,17.68851684,0,1,1,0,0.01,16.31821491,1,0.0225,16.31821491,0,1.2,16.31821491
41.78,16.32365381,0.5651222478,16.25734548,17.22337809,15.79524604,0,1,1,0,0.01,16.32365381,1,0.0225,16.32365381,0,1.2,16.32365381
41.79,16.32914578,0.5187087075,16.55688458,17.08376632,16.14516491,0,1,1,0,0.01,16.32914578,1,0.0225,16.32914578,0,1.2,16.32914578
41.8,16.33447745,0.5374858251,16.17850241,17.18294045,14.69291535,0,1,1,0,0.01,16.33447745,1,0.0225,16.33447745,0,1.2,16.33447745
41.81,16.33984474,0.5640820546,16.29367358,17.10344082,16.68485115,0,1,1,0,0.01,16.33984474,1,0.0225,16.33984474,0,1.2,16.33984474
41.82,16.34560908,0.5614980183,16.19246375,17.4197986,17.87214716,0,1,1,0,0.01,16.34560908,1,0.0225,16.34560908,0,1.2,16.34560908
41.83,16.35100273,0.5356548829,16.43798889,17.40797743,14.56085703,0,1,1,0,0.01,16.35100273,1,0.0225,16.35100273,0,1.2,16.35100273
41.84,16.35611251,0.4863903418,16.61594744,17.30121998,15.27765639,0,1,1,0,0.01,16.35611251,1,0.0225,16.35611251,0,1.2,16.35611251
41.85,16.3609007,0.4661528387,16.46171476,17.47380912,15.04212962,0,1,1,0,0.01,16.3609007,1,0.0225,16.3609007,0,1.2,16.3609007
41.86,16.3656157,0.4720009832,16.2596791,17.32890958,15.10450506,0,1,1,0,0.01,16.3656157,1,0.0225,16.3656157,0,1.2,16.3656157
41.87,16.37036311,0.4941611955,16.34138844,17.12924758,16.39804588,0,1,1,0,0.01,16.37036311,1,0.0225,16.37036311,0,1.2,16.37036311
41.88,16.37536338,0.4972279748,16.26487073,17.34774188,17.3032566,0,1,1,0,0.01,16.37536338,1,0.0225,16.37536338,0,1.2,16.37536338
41.89,16.38027121,0.4810548128,16.41895777,17.16925792,17.44475874,0,1,1,0,0.01,16.38027121,1,0.0225,16.38027121,0,1.2,16.38027121
41.9,16.38528983,0.5103772176,16.33985754,17.30425933,15.55432961,0,1,1,0,0.01,16.38528983,1,0.0225,16.38528983,0,1.2,16.38528983
41.91,16.3906006,0.543615818,16.43185978,17.34755156,16.18465019,0,1,1,0,0.01,16.3906006,1,0.0225,16.3906006,0,1.2,16.3906006
41.92,16.39575755,0.4953826704,16.5321696,17.30519207,16.85810018,0,1,1,0,0.01,16.39575755,1,0.0225,16.39575755,0,1.2,16.39575755
41.93,16.40053664,0.4725286822,16.33004179,17.35780867,17.2998815,0,1,1,0,0.01,16.40053664,1,0.0225,16.40053664,0,1.2,16.40053664
41.94,16.40531689,0.4780283174,16.43751307,17.11228928,17.94918632,0,1,1,0,0.01,16.40531689,1,0.0225,16.40531689,0,1.2,16.40531689
41.95,16.40996782,0.4843937264,16.42216954,17.44629938,16.53745313,0,1,1,0,0.01,16.40996782,1,0.0225,16.40996782,0,1.2,16.40996782
41.96,16.4149058,0.5097582287,16.27167073,17.41533633,15.83737199,0,1,1,0,0.01,16.4149058,1,0.0225,16.4149058,0,1.2,16.4149058
41.97,16.42004669,0.5278298782,16.50339261,17.4395091,18.0606191,0,1,1,0,0.01,16.42004669,1,0.0225,16.42004669,0,1.2,16.42004669
41.98,16.42523832,0.489015422,16.38469556,17.49487103,18.70576424,0,1,1,0,0.01,16.42523832,1,0.0225,16.42523832,0,1.2,16.42523832
41.99,16.42988841,0.4656122536,16.45824248,17.35236342,16.81148211,0,1,1,0,0.01,16.42988841,1,0.0225,16.42988841,0,1.2,16.42988841
42,16.43470538,0.5145218997,16.46382304,17.75979165,15.50245401,0,1,1,0,0.01,16.43470538,1,0.0225,16.43470538,0,1.2,16.43470538
42.01,16.43978197,0.487814521,16.52084333,17.31354203,17.02925548,0,1,1,0,0.01,16.43978197,1,0.0225,16.43978197,0,1.2,16.43978197
42.02,16.44486688,0.5195537449,16.23151951,17.11807872,15.55887408,0,1,1,0,0.01,16.44486688,1,0.0225,16.44486688,0,1.2,16.44486688
42.03,16.45010048,0.5182815411,16.45728471,17.34809792,16.89374247,0,1,1,0,0.01,16.45010048,1,0.0225,16.45010048,0,1.2,16.45010048
42.04,16.45526832,0.5204180286,16.37625449,17.16179563,15.70513341,0,1,1,0,0.01,16.45526832,1,0.0225,16.45526832,0,1.2,16.45526832
42.05,16.46051617,0.528551233,16.37867793,17.35780148,15.58429176,0,1,1,0,0.01,16.46051617,1,0.0225,16.46051617,0,1.2,16.46051617
42.06,16.46602942,0.5679988734,16.49317605,17.3090306,15.67984014,0,1,1,0,0.01,16.46602942,1,0.0225,16.46602942,0,1.2,16.46602942
42.07,16.47159765,0.5418078892,16.4504571,17.45414608,17.20476988,0,1,1,0,0.01,16.47159765,1,0.0225,16.47159765,0,1.2,16.47159765
42.08,16.47713227,0.570060341,16.64727563,17.5881926,16.01515605,0,1,1,0,0.01,16.47713227,1,0.0225,16.47713227,0,1.2,16.47713227
42.09,16.48258339,0.5222448289,16.49482807,17.53586039,16.8075361,0,1,1,0,0.01,16.48258339,1,0.0225,16.48258339,0,1.2,16.48258339
42.1,16.48784087,0.5086614084,16.51842965,17.5580126,16.27367971,0,1,1,0,0.01,16.48784087,1,0.0225,16.48784087,0,1.2,16.48784087
42.11,16.49283062,0.4720489993,16.49702809,17.48162521,14.99084505,0,1,1,0,0.01,16.49283062,1,0.0225,16.49283062,0,1.2,16.49283062
42.12,16.49773616,0.4836866955,16.5128479,17.5560227,16.70992455,0,1,1,0,0.01,16.49773616,1,0.0225,16.49773616,0,1.2,16.49773616
42.13,16.50238682,0.4641278893,16.60142899,17.47941876,16.12863606,0,1,1,0,0.01,16.50238682,1,0.0225,16.50238682,0,1.2,16.50238682
42.14,16.50730903,0.5100404834,16.33308639,17.52956827,16.62259834,0,1,1,0,0.01,16.50730903,1,0.0225,16.50730903,0,1.2,16.50730903
42.15,16.51224185,0.474030451,16.6143629,17.49944067,17.5780712,0,1,1,0,0.01,16.51224185,1,0.0225,16.51224185,0,1.2,16.51224185
42.16,16.51709022,0.4947687714,16.33152888,17.36837118,16.86156662,0,1,1,0,0.01,16.51709022,1,0.0225,16.51709022,0,1.2,16.51709022
42.17,16.52221209,0.5240582212,16.57402948,17.67004631,16.7118089,0,1,1,0,0.01,16.52221209,1,0.0225,16.52221209,0,1.2,16.52221209
42.18,16.52746176,0.5386610906,16.43680203,17.76314991,15.24562695,0,1,1,0,0.01,16.52746176,1,0.0225,16.52746176,0,1.2,16.52746176
42.19,16.53280504,0.5542944343,16.64518685,17.34891664,15.8822472,0,1,1,0,0.01,16.53280504,1,0.0225,16.53280504,0,1.2,16.53280504
42.2,16.53835305,0.5604599134,16.58247412,17.6019281,17.28585822,0,1,1,0,0.01,16.53835305,1,0.0225,16.53835305,0,1.2,16.53835305
42.21,16.54382565,0.5529532258,16.4345923,17.73270443,17.23115418,0,1,1,0,0.01,16.54382565,1,0.0225,16.54382565,0,1.2,16.54382565
42.22,16.54944236,0.5620712116,16.39467121,17.79697417,17.68460651,0,1,1,0,0.01,16.54944236,1,0.0225,16.54944236,0,1.2,16.54944236
42.23,16.55480837,0.5204769534,16.55543972,17.34147147,18.47402398,0,1,1,0,0.01,16.55480837,1,0.0225,16.55480837,0,1.2,16.55480837
42.24,16.55988965,0.4960058977,16.53333016,17.566572,17.1288995,0,1,1,0,0.01,16.55988965,1,0.0225,16.55988965,0,1.2,16.55988965
42.25,16.56472428,0.4715543311,16.52944731,17.6504804,17.6873198,0,1,1,0,0.01,16.56472428,1,0.0225,16.56472428,0,1.2,16.56472428
42.26,16.56929127,0.4496792125,16.57378094,17.41298203,18.24589049,0,1,1,0,0.01,16.56929127,1,0.0225,16.56929127,0,1.2,16.56929127
42.27,16.573872,0.4816835384,16.54561462,17.50824581,17.14320347,0,1,1,0,0.01,16.573872,1,0.0225,16.573872,0,1.2,16.573872
42.28,16.57865148,0.4714961378,16.51079941,17.68845611,17.23940038,0,1,1,0,0.01,16.57865148,1,0.0225,16.57865148,0,1.2,16.57865148
42.29,16.58334216,0.4802376712,16.50168247,17.53651637,18.29695631,0,1,1,0,0.01,16.58334216,1,0.0225,16.58334216,0,1.2,16.58334216
42.3,16.58796577,0.4488202286,16.59573655,17.71827466,16.73030897,0,1,1,0,0.01,16.58796577,1,0.0225,16.58796577,0,1.2,16.58796577
42.31,16.59232466,0.4515865787,16.65883286,17.73631845,17.09634706,0,1,1,0,0.01,16.59232466,1,0.0225,16.59232466,0,1.2,16.59232466
42.32,16.59691088,0.4434750084,16.63338491,17.6348637,17.52347811,0,1,1,0,0.01,16.59691088,1,0.0225,16.59691088,0,1.2,16.59691088
42.33,16.60130354,0.4400321849,16.58460024,17.61101266,17.80631611,0,1,1,0,0.01,16.60130354,1,0.0225,16.60130354,0,1.2,16.60130354
42.34,16.60569904,0.4263397571,16.72874345,17.7489972,17.88712241,0,1,1,0,0.01,16.60569904,1,0.0225,16.60569904,0,1.2,16.60569904
42.35,16.61000947,0.4216738186,16.54083092,17.72337749,16.26941557,0,1,1,0,0.01,16.61000947,1,0.0225,16.61000947,0,1.2,16.61000947
42.36,16.61420138,0.4020664564,16.3689217,17.67227161,16.03524626,0,1,1,0,0.01,16.61420138,1,0.0225,16.61420138,0,1.2,16.61420138
42.37,16.6184023,0.4205325524,16.55675931,17.65339845,17.19302623,0,1,1,0,0.01,16.6184023,1,0.0225,16.6184023,0,1.2,16.6184023
42.38,16.62232826,0.3852118289,16.7362346,17.89114029,15.24283282,0,1,1,0,0.01,16.62232826,1,0.0225,16.62232826,0,1.2,16.62232826
42.39,16.62632494,0.3947435725,16.67576455,17.40138542,16.36249369,0,1,1,0,0.01,16.62632494,1,0.0225,16.62632494,0,1.2,16.62632494
42.4,16.63017353,0.3912052064,16.58899118,17.60558575,16.34920916,0,1,1,0,0.01,16.63017353,1,0.0225,16.63017353,0,1.2,16.63017353
42.41,16.63420191,0.4075969205,16.55249881,17.82931614,15.91817122,0,1,1,0,0.01,16.63420191,1,0.0225,16.63420191,0,1.2,16.63420191
42.42,16.63828081,0.4140902875,16.67556851,17.7398137,17.73870345,0,1,1,0,0.01,16.63828081,1,0.0225,16.63828081,0,1.2,16.63828081
42.43,16.64234617,0.3998348143,16.6911564,17.64911749,17.55926621,0,1,1,0,0.01,16.64234617,1,0.0225,16.64234617,0,1.2,16.64234617
42.44,16.64649534,0.4262460752,16.65626463,17.84090249,17.33813253,0,1,1,0,0.01,16.64649534,1,0.0225,16.64649534,0,1.2,16.64649534
42.45,16.65098344,0.4690438161,16.76227992,17.37251168,18.08016111,0,1,1,0,0.01,16.65098344,1,0.0225,16.65098344,0,1.2,16.65098344
42.46,16.65588221,0.5040182696,16.67870351,17.63815189,17.44156014,0,1,1,0,0.01,16.65588221,1,0.0225,16.65588221,0,1.2,16.65588221
42.47,16.66071344,0.4630932268,16.66378989,17.71567269,17.12374076,0,1,1,0,0.01,16.66071344,1,0.0225,16.66071344,0,1.2,16.66071344
42.48,16.66523246,0.4354907042,16.68930776,17.75094927,17.30785967,0,1,1,0,0.01,16.66523246,1,0.0225,16.66523246,0,1.2,16.66523246
42.49,16.66967755,0.4495773666,16.67199169,17.4756914,16.70594275,0,1,1,0,0.01,16.66967755,1,0.0225,16.66967755,0,1.2,16.66967755
42.5,16.67403997,0.4232594762,16.63683197,17.81139409,16.48615331,0,1,1,0,0.01,16.67403997,1,0.0225,16.67403997,0,1.2,16.67403997
42.51,16.67840197,0.4483934369,16.64880589,17.32550859,15.31829194,0,1,1,0,0.01,16.67840197,1,0.0225,16.67840197,0,1.2,16.67840197
42.52,16.6827392,0.4437215779,16.67498271,17.59623477,16.33906146,0,1,1,0,0.01,16.6827392,1,0.0225,16.6827392,0,1.2,16.6827392
42.53,16.68731221,0.4636572579,16.68728247,17.55140221,19.58078543,0,1,1,0,0.01,16.68731221,1,0.0225,16.68731221,0,1.2,16.68731221
42.54,16.69216534,0.4871704258,16.64456435,17.49369498,18.61015416,0,1,1,0,0.01,16.69216534,1,0.0225,16.69216534,0,1.2,16.69216534
42.55,16.69726653,0.5165062153,16.65793404,17.31156729,16.76510603,0,1,1,0,0.01,16.69726653,1,0.0225,16.69726653,0,1.2,16.69726653
42.56,16.70242393,0.5095599816,16.69639986,17.71560456,15.15574109,0,1,1,0,0.01,16.70242393,1,0.0225,16.70242393,0,1.2,16.70242393
42.57,16.7074098,0.5053357739,16.73857248,17.65598648,16.63714348,0,1,1,0,0.01,16.7074098,1,0.0225,16.7074098,0,1.2,16.7074098
42.58,16.71247861,0.528201259,16.70178362,17.5786157,15.80057357,0,1,1,0,0.01,16.71247861,1,0.0225,16.71247861,0,1.2,16.71247861
42.59,16.71760999,0.5158548127,16.68241573,17.64011157,17.05978104,0,1,1,0,0.01,16.71760999,1,0.0225,16.71760999,0,1.2,16.71760999
42.6,16.72291567,0.5299426342,16.68035821,17.69672662,19.17165086,0,1,1,0,0.01,16.72291567,1,0.0225,16.72291567,0,1.2,16.72291567
42.61,16.72823763,0.5411673117,16.91088295,17.63122399,15.51378413,0,1,1,0,0.01,16.72823763,1,0.0225,16.72823763,0,1.2,16.72823763
42.62,16.7335833,0.5218144141,16.82716936,17.56030107,17.60144258,0,1,1,0,0.01,16.7335833,1,0.0225,16.7335833,0,1.2,16.7335833
42.63,16.73875892,0.51837556,17.0039472,17.81630368,16.16199573,0,1,1,0,0.01,16.73875892,1,0.0225,16.73875892,0,1.2,16.73875892
42.64,16.74362218,0.4819953582,16.71168094,17.77162687,18.0989191,0,1,1,0,0.01,16.74362218,1,0.0225,16.74362218,0,1.2,16.74362218
42.65,16.74834632,0.4741964675,16.76924522,17.64904748,17.87174299,0,1,1,0,0.01,16.74834632,1,0.0225,16.74834632,0,1.2,16.74834632
42.66,16.75314731,0.4769755626,16.7896677,17.75850934,17.38395049,0,1,1,0,0.01,16.75314731,1,0.0225,16.75314731,0,1.2,16.75314731
42.67,16.75799045,0.5116499807,16.81546612,18.13215444,17.58531358,0,1,1,0,0.01,16.75799045,1,0.0225,16.75799045,0,1.2,16.75799045
42.68,16.76302606,0.5146876625,16.66074448,17.59759009,16.61639517,0,1,1,0,0.01,16.76302606,1,0.0225,16.76302606,0,1.2,16.76302606
42.69,16.76810266,0.500029749,16.79849153,18.00650068,16.04790505,0,1,1,0,0.01,16.76810266,1,0.0225,16.76810266,0,1.2,16.76810266
42.7,16.77312926,0.4953215621,16.67281711,17.8789232,16.2394556,0,1,1,0,0.01,16.77312926,1,0.0225,16.77312926,0,1.2,16.77312926
42.71,16.77808924,0.4915444992,16.7417486,18.06676422,16.5642055,0,1,1,0,0.01,16.77808924,1,0.0225,16.77808924,0,1.2,16.77808924
42.72,16.78293665,0.4515681544,16.59581855,17.65862039,17.1714008,0,1,1,0,0.01,16.78293665,1,0.0225,16.78293665,0,1.2,16.78293665
42.73,16.78736035,0.4310213337,16.64253329,17.75351577,15.49296891,0,1,1,0,0.01,16.78736035,1,0.0225,16.78736035,0,1.2,16.78736035
42.74,16.79159621,0.4223256504,16.84811407,17.89991569,15.62844899,0,1,1,0,0.01,16.79159621,1,0.0225,16.79159621,0,1.2,16.79159621
42.75,16.79577129,0.4054451122,16.71929043,17.63626475,16.19456798,0,1,1,0,0.01,16.79577129,1,0.0225,16.79577129,0,1.2,16.79577129
42.76,16.79971538,0.4098157005,17.02104598,17.80574623,16.88442526,0,1,1,0,0.01,16.79971538,1,0.0225,16.79971538,0,1.2,16.79971538
42.77,16.80376064,0.3949896015,16.91052739,17.617904,15.96155756,0,1,1,0,0.01,16.80376064,1,0.0225,16.80376064,0,1.2,16.80376064
42.78,16.80755618,0.3578098703,16.90775655,17.72502008,15.57559707,0,1,1,0,0.01,16.80755618,1,0.0225,16.80755618,0,1.2,16.80755618
42.79,16.81103332,0.3573821952,16.90955437,17.86037686,18.43859356,0,1,1,0,0.01,16.81103332,1,0.0225,16.81103332,0,1.2,16.81103332
42.8,16.81479774,0.3623635306,16.83554892,17.57859545,16.92976186,0,1,1,0,0.01,16.81479774,1,0.0225,16.81479774,0,1.2,16.81479774
42.81,16.81839752,0.3468703311,16.82401619,17.89086143,15.8453944,0,1,1,0,0.01,16.81839752,1,0.0225,16.81839752,0,1.2,16.81839752
42.82,16.82192053,0.3447459563,16.9767058,17.75549182,16.88071101,0,1,1,0,0.01,16.82192053,1,0.0225,16.82192053,0,1.2,16.82192053
42.83,16.82543673,0.363158596,16.76311859,17.91364169,15.33909219,0,1,1,0,0.01,16.82543673,1,0.0225,16.82543673,0,1.2,16.82543673
42.84,16.82916232,0.3728669804,16.81519748,17.74448324,16.77228948,0,1,1,0,0.01,16.82916232,1,0.0225,16.82916232,0,1.2,16.82916232
42.85,16.83292301,0.3785394153,16.78720565,18.01903749,16.79092111,0,1,1,0,0.01,16.83292301,1,0.0225,16.83292301,0,1.2,16.83292301
42.86,16.83664223,0.3546797692,16.99297165,17.48884484,15.82782437,0,1,1,0,0.01,16.83664223,1,0.0225,16.83664223,0,1.2,16.83664223
42.87,16.84012411,0.3494807015,16.82203496,17.97066782,16.36569261,0,1,1,0,0.01,16.84012411,1,0.0225,16.84012411,0,1.2,16.84012411
42.88,16.84366789,0.3709473633,17.0337931,17.65450795,15.47558067,0,1,1,0,0.01,16.84366789,1,0.0225,16.84366789,0,1.2,16.84366789
42.89,16.84717375,0.3202699482,16.84650797,17.72408816,17.88151153,0,1,1,0,0.01,16.84717375,1,0.0225,16.84717375,0,1.2,16.84717375
42.9,16.85042965,0.3177477679,17.02364917,17.97166571,16.53766893,0,1,1,0,0.01,16.85042965,1,0.0225,16.85042965,0,1.2,16.85042965
42.91,16.85348891,0.2974406932,16.70490383,17.81220623,18.20074843,0,1,1,0,0.01,16.85348891,1,0.0225,16.85348891,0,1.2,16.85348891
42.92,16.85632878,0.2968539158,16.91009176,17.70447009,16.62814152,0,1,1,0,0.01,16.85632878,1,0.0225,16.85632878,0,1.2,16.85632878
42.93,16.85936305,0.3186870099,17.0241859,17.98900503,15.78065405,0,1,1,0,0.01,16.85936305,1,0.0225,16.85936305,0,1.2,16.85936305
42.94,16.86263782,0.3420158877,17.09337323,18.00304344,17.37975289,0,1,1,0,0.01,16.86263782,1,0.0225,16.86263782,0,1.2,16.86263782
42.95,16.86581632,0.3097685083,16.82072819,17.88304192,17.62375797,0,1,1,0,0.01,16.86581632,1,0.0225,16.86581632,0,1.2,16.86581632
42.96,16.86903379,0.3249691364,16.6801976,17.80632846,17.12431648,0,1,1,0,0.01,16.86903379,1,0.0225,16.86903379,0,1.2,16.86903379
42.97,16.87232606,0.3530184424,16.90285779,18.10534643,15.83561154,0,1,1,0,0.01,16.87232606,1,0.0225,16.87232606,0,1.2,16.87232606
42.98,16.87563033,0.323084396,16.82865359,18.04369047,18.0792837,0,1,1,0,0.01,16.87563033,1,0.0225,16.87563033,0,1.2,16.87563033
42.99,16.87910295,0.3341904956,17.00211012,17.80928814,16.80005309,0,1,1,0,0.01,16.87910295,1,0.0225,16.87910295,0,1.2,16.87910295
43,16.88249825,0.3582688104,16.85800625,17.79290398,16.23738631,0,1,1,0,0.01,16.88249825,1,0.0225,16.88249825,0,1.2,16.88249825
43.01,16.88604991,0.3463562614,16.97703227,17.85659013,14.84212743,0,1,1,0,0.01,16.88604991,1,0.0225,16.88604991,0,1.2,16.88604991
43.02,16.88959159,0.3623463531,16.86847262,17.87882078,18.400393,0,1,1,0,0.01,16.88959159,1,0.0225,16.88959159,0,1.2,16.88959159
43.03,16.89324581,0.3778903684,16.6164989,17.59606716,15.75965186,0,1,1,0,0.01,16.89324581,1,0.0225,16.89324581,0,1.2,16.89324581
43.04,16.89708376,0.3949466681,16.91934381,17.98511892,18.10832574,0,1,1,0,0.01,16.89708376,1,0.0225,16.89708376,0,1.2,16.89708376
43.05,16.90079752,0.3666579959,16.83571146,17.94103648,19.15682668,0,1,1,0,0.01,16.90079752,1,0.0225,16.90079752,0,1.2,16.90079752
43.06,16.90443995,0.3638250312,17.01610959,17.71512385,16.4403323,0,1,1,0,0.01,16.90443995,1,0.0225,16.90443995,0,1.2,16.90443995
43.07,16.90802416,0.353040893,17.00613045,18.09189711,18.43733299,0,1,1,0,0.01,16.90802416,1,0.0225,16.90802416,0,1.2,16.90802416
43.08,16.91170786,0.3855060463,17.0707681,17.92676496,15.69014858,0,1,1,0,0.01,16.91170786,1,0.0225,16.91170786,0,1.2,16.91170786
43.09,16.9157512,0.4143459068,16.90439743,18.05198286,17.37445343,0,1,1,0,0.01,16.9157512,1,0.0225,16.9157512,0,1.2,16.9157512
43.1,16.9198355,0.4314793394,16.93466099,17.76969976,17.23301903,0,1,1,0,0.01,16.9198355,1,0.0225,16.9198355,0,1.2,16.9198355
43.11,16.92418441,0.4328376187,16.73938593,17.89969641,17.22926659,0,1,1,0,0.01,16.92418441,1,0.0225,16.92418441,0,1.2,16.92418441
43.12,16.92832761,0.406336762,16.91676938,17.98277885,17.52048216,0,1,1,0,0.01,16.92832761,1,0.0225,16.92832761,0,1.2,16.92832761
43.13,16.93230278,0.3937041275,16.87524838,17.94448696,17.86733202,0,1,1,0,0.01,16.93230278,1,0.0225,16.93230278,0,1.2,16.93230278
43.14,16.93617557,0.3744819307,16.97239661,17.92099993,15.0530376,0,1,1,0,0.01,16.93617557,1,0.0225,16.93617557,0,1.2,16.93617557
43.15,16.93964069,0.3294778635,16.90692273,17.88571229,17.02315912,0,1,1,0,0.01,16.93964069,1,0.0225,16.93964069,0,1.2,16.93964069
43.16,16.94313994,0.3629377832,16.80807393,17.67986636,16.23964862,0,1,1,0,0.01,16.94313994,1,0.0225,16.94313994,0,1.2,16.94313994
43.17,16.94681644,0.387482405,16.96480955,17.94133944,17.09174488,0,1,1,0,0.01,16.94681644,1,0.0225,16.94681644,0,1.2,16.94681644
43.18,16.95071126,0.3948911992,16.81591645,17.79095541,17.11888818,0,1,1,0,0.01,16.95071126,1,0.0225,16.95071126,0,1.2,16.95071126
43.19,16.95443141,0.3511840064,16.94019029,18.14844858,17.66673703,0,1,1,0,0.01,16.95443141,1,0.0225,16.95443141,0,1.2,16.95443141
43.2,16.95777764,0.3194068864,17.00093126,18.0263487,18.16614086,0,1,1,0,0.01,16.95777764,1,0.0225,16.95777764,0,1.2,16.95777764
43.21,16.9608977,0.3023049389,17.04358703,18.00334148,17.97387515,0,1,1,0,0.01,16.9608977,1,0.0225,16.9608977,0,1.2,16.9608977
43.22,16.96415235,0.3459480999,16.92927293,18.17614203,16.23328049,0,1,1,0,0.01,16.96415235,1,0.0225,16.96415235,0,1.2,16.96415235
43.23,16.96763242,0.3361442884,17.07398662,17.76719803,18.73367559,0,1,1,0,0.01,16.96763242,1,0.0225,16.96763242,0,1.2,16.96763242
43.24,16.97102473,0.338173843,16.97395374,17.75901136,18.76868976,0,1,1,0,0.01,16.97102473,1,0.0225,16.97102473,0,1.2,16.97102473
43.25,16.97447416,0.3412330793,16.79816723,17.85066177,17.11983674,0,1,1,0,0.01,16.97447416,1,0.0225,16.97447416,0,1.2,16.97447416
43.26,16.9780166,0.3609373506,16.86104071,17.99274075,17.21709848,0,1,1,0,0.01,16.9780166,1,0.0225,16.9780166,0,1.2,16.9780166
43.27,16.98170772,0.3664934184,16.92196759,18.08240424,17.30977164,0,1,1,0,0.01,16.98170772,1,0.0225,16.98170772,0,1.2,16.98170772
43.28,16.98549099,0.3811634412,16.92257087,17.99654784,19.00772294,0,1,1,0,0.01,16.98549099,1,0.0225,16.98549099,0,1.2,16.98549099
43.29,16.98942063,0.3897042282,16.96019679,17.8919136,17.185355,0,1,1,0,0.01,16.98942063,1,0.0225,16.98942063,0,1.2,16.98942063
43.3,16.99335115,0.4044697336,16.88995227,18.12053818,15.74110766,0,1,1,0,0.01,16.99335115,1,0.0225,16.99335115,0,1.2,16.99335115
43.31,16.99749673,0.4370010993,17.15538607,18.03407078,17.83444425,0,1,1,0,0.01,16.99749673,1,0.0225,16.99749673,0,1.2,16.99749673
43.32,17.00178496,0.4238349758,16.95972788,18.1897267,20.02357561,0,1,1,0,0.01,17.00178496,1,0.0225,17.00178496,0,1.2,17.00178496
43.33,17.00603811,0.4226056686,16.9543877,18.00307013,16.28181074,0,1,1,0,0.01,17.00603811,1,0.0225,17.00603811,0,1.2,17.00603811
43.34,17.01025629,0.4432276832,17.08007559,18.25272725,17.44482282,0,1,1,0,0.01,17.01025629,1,0.0225,17.01025629,0,1.2,17.01025629
43.35,17.01481994,0.467910612,16.90876898,17.94051776,16.56060457,0,1,1,0,0.01,17.01481994,1,0.0225,17.01481994,0,1.2,17.01481994
43.36,17.01954974,0.4608741743,17.05340733,17.84957257,17.28175149,0,1,1,0,0.01,17.01954974,1,0.0225,17.01954974,0,1.2,17.01954974
43.37,17.02441507,0.5054506309,17.11185617,17.79820264,18.51775102,0,1,1,0,0.01,17.02441507,1,0.0225,17.02441507,0,1.2,17.02441507
43.38,17.02947031,0.5053491833,16.77989101,18.12161283,16.71737587,0,1,1,0,0.01,17.02947031,1,0.0225,17.02947031,0,1.2,17.02947031
43.39,17.03465864,0.5369045127,17.12410493,18.02005685,17.64005585,0,1,1,0,0.01,17.03465864,1,0.0225,17.03465864,0,1.2,17.03465864
43.4,17.04004423,0.5350970213,17.06624471,17.91308525,17.26727725,0,1,1,0,0.01,17.04004423,1,0.0225,17.04004423,0,1.2,17.04004423
43.41,17.04548559,0.5422149241,17.09771632,18.01685374,15.33972721,0,1,1,0,0.01,17.04548559,1,0.0225,17.04548559,0,1.2,17.04548559
43.42,17.05090192,0.5156456729,17.1552242,17.97771041,16.28535503,0,1,1,0,0.01,17.05090192,1,0.0225,17.05090192,0,1.2,17.05090192
43.43,17.05596586,0.5091333505,17.06654336,18.12393068,17.12651561,0,1,1,0,0.01,17.05596586,1,0.0225,17.05596586,0,1.2,17.05596586
43.44,17.06104031,0.5102847342,17.28578288,18.35444255,17.26494543,0,1,1,0,0.01,17.06104031,1,0.0225,17.06104031,0,1.2,17.06104031
43.45,17.06612887,0.5080174292,17.1205521,18.13648145,17.93345762,0,1,1,0,0.01,17.06612887,1,0.0225,17.06612887,0,1.2,17.06612887
43.46,17.07124728,0.5181561743,16.93655101,17.92460853,16.52846774,0,1,1,0,0.01,17.07124728,1,0.0225,17.07124728,0,1.2,17.07124728
43.47,17.07658065,0.5550597285,17.18922476,17.89938374,15.79454518,0,1,1,0,0.01,17.07658065,1,0.0225,17.07658065,0,1.2,17.07658065
43.48,17.08205083,0.5455701331,17.14862101,18.06374163,18.12638166,0,1,1,0,0.01,17.08205083,1,0.0225,17.08205083,0,1.2,17.08205083
43.49,17.08743632,0.528700069,17.06322385,17.99787408,16.61613377,0,1,1,0,0.01,17.08743632,1,0.0225,17.08743632,0,1.2,17.08743632
43.5,17.0926958,0.534797484,17.14994083,18.12884921,17.77669334,0,1,1,0,0.01,17.0926958,1,0.0225,17.0926958,0,1.2,17.0926958
43.51,17.09796834,0.5287597636,16.90280187,17.82887483,17.60748851,0,1,1,0,0.01,17.09796834,1,0.0225,17.09796834,0,1.2,17.09796834
43.52,17.10328214,0.531440228,17.11567414,18.19642787,17.74929567,0,1,1,0,0.01,17.10328214,1,0.0225,17.10328214,0,1.2,17.10328214
43.53,17.1084289,0.5142985017,17.09046448,17.94350717,17.06118501,0,1,1,0,0.01,17.1084289,1,0.0225,17.1084289,0,1.2,17.1084289
43.54,17.11343112,0.475881353,17.1876635,18.08802407,16.62216349,0,1,1,0,0.01,17.11343112,1,0.0225,17.11343112,0,1.2,17.11343112
43.55,17.11816706,0.4697629944,16.97527907,18.07103805,15.18119679,0,1,1,0,0.01,17.11816706,1,0.0225,17.11816706,0,1.2,17.11816706
43.56,17.12272897,0.4543060191,17.1498516,18.23552938,18.13924657,0,1,1,0,0.01,17.12272897,1,0.0225,17.12272897,0,1.2,17.12272897
43.57,17.1273179,0.4596999684,17.08294791,18.01597882,16.91006345,0,1,1,0,0.01,17.1273179,1,0.0225,17.1273179,0,1.2,17.1273179
43.58,17.1320526,0.4864166379,17.08917414,17.95369163,16.616159,0,1,1,0,0.01,17.1320526,1,0.0225,17.1320526,0,1.2,17.1320526
43.59,17.13691703,0.487330256,17.13630227,18.12328962,16.55719321,0,1,1,0,0.01,17.13691703,1,0.0225,17.13691703,0,1.2,17.13691703
43.6,17.14204236,0.5195841779,17.10189639,17.92040229,18.53986175,0,1,1,0,0.01,17.14204236,1,0.0225,17.14204236,0,1.2,17.14204236
43.61,17.14726326,0.522352892,17.13580045,18.06227098,17.15306492,0,1,1,0,0.01,17.14726326,1,0.0225,17.14726326,0,1.2,17.14726326
43.62,17.15251803,0.551053065,17.23169402,18.16633871,16.21058726,0,1,1,0,0.01,17.15251803,1,0.0225,17.15251803,0,1.2,17.15251803
43.63,17.15798538,0.5280909906,16.86065969,18.26333639,16.39828414,0,1,1,0,0.01,17.15798538,1,0.0225,17.15798538,0,1.2,17.15798538
43.64,17.16324343,0.5271693719,17.36873931,18.21848874,17.92557312,0,1,1,0,0.01,17.16324343,1,0.0225,17.16324343,0,1.2,17.16324343
43.65,17.16878831,0.5588128569,17.30583212,18.16402532,16.31346607,0,1,1,0,0.01,17.16878831,1,0.0225,17.16878831,0,1.2,17.16878831
43.66,17.17434505,0.5426459856,17.10211393,18.23640419,18.53192045,0,1,1,0,0.01,17.17434505,1,0.0225,17.17434505,0,1.2,17.17434505
43.67,17.17966194,0.5203197056,17.32747964,18.30731079,16.77762755,0,1,1,0,0.01,17.17966194,1,0.0225,17.17966194,0,1.2,17.17966194
43.68,17.18460247,0.4742581146,17.18628924,18.11504696,17.75426891,0,1,1,0,0.01,17.18460247,1,0.0225,17.18460247,0,1.2,17.18460247
43.69,17.18940344,0.4887045302,17.13976234,18.19548925,17.97887129,0,1,1,0,0.01,17.18940344,1,0.0225,17.18940344,0,1.2,17.18940344
43.7,17.19400662,0.4462000798,17.24701065,18.33097197,15.67593184,0,1,1,0,0.01,17.19400662,1,0.0225,17.19400662,0,1.2,17.19400662
43.71,17.19852899,0.4500336731,17.2527261,18.00129562,16.29136896,0,1,1,0,0.01,17.19852899,1,0.0225,17.19852899,0,1.2,17.19852899
43.72,17.20295228,0.4364649285,17.2730008,18.35753011,18.56496584,0,1,1,0,0.01,17.20295228,1,0.0225,17.20295228,0,1.2,17.20295228
43.73,17.20722563,0.4129098176,17.19332659,18.3578704,17.23368252,0,1,1,0,0.01,17.20722563,1,0.0225,17.20722563,0,1.2,17.20722563
43.74,17.21138094,0.409189336,17.34639485,18.02270426,18.62794747,0,1,1,0,0.01,17.21138094,1,0.0225,17.21138094,0,1.2,17.21138094
43.75,17.21551759,0.4310811021,17.14673206,18.47272777,17.48252639,0,1,1,0,0.01,17.21551759,1,0.0225,17.21551759,0,1.2,17.21551759
43.76,17.2197344,0.4155263986,17.28831118,18.31577241,18.65247485,0,1,1,0,0.01,17.2197344,1,0.0225,17.2197344,0,1.2,17.2197344
43.77,17.22403579,0.4360455456,17.25558745,18.25961507,16.57298598,0,1,1,0,0.01,17.22403579,1,0.0225,17.22403579,0,1.2,17.22403579
43.78,17.22856639,0.4798935625,17.33880628,18.15772236,16.35958512,0,1,1,0,0.01,17.22856639,1,0.0225,17.22856639,0,1.2,17.22856639
43.79,17.23319556,0.4575760383,17.17066605,18.12454151,15.53774437,0,1,1,0,0.01,17.23319556,1,0.0225,17.23319556,0,1.2,17.23319556
43.8,17.23786946,0.4973777818,17.25186847,18.26357375,17.07063105,0,1,1,0,0.01,17.23786946,1,0.0225,17.23786946,0,1.2,17.23786946
43.81,17.24265533,0.4586459164,17.26901535,18.33253331,18.21008454,0,1,1,0,0.01,17.24265533,1,0.0225,17.24265533,0,1.2,17.24265533
43.82,17.24705723,0.4174354112,17.16089094,18.12010472,15.23237363,0,1,1,0,0.01,17.24705723,1,0.0225,17.24705723,0,1.2,17.24705723
43.83,17.25093166,0.3861336796,17.07422054,18.41727199,18.02989073,0,1,1,0,0.01,17.25093166,1,0.0225,17.25093166,0,1.2,17.25093166
43.84,17.25464739,0.3805012166,17.39106555,18.23486609,18.0657873,0,1,1,0,0.01,17.25464739,1,0.0225,17.25464739,0,1.2,17.25464739
43.85,17.25858521,0.4132985556,17.31011919,18.1343799,17.46217125,0,1,1,0,0.01,17.25858521,1,0.0225,17.25858521,0,1.2,17.25858521
43.86,17.262826,0.4259595606,17.24726491,18.24165886,14.80769566,0,1,1,0,0.01,17.262826,1,0.0225,17.262826,0,1.2,17.262826
43.87,17.26706577,0.422441824,17.15080476,18.37060309,17.36538387,0,1,1,0,0.01,17.26706577,1,0.0225,17.26706577,0,1.2,17.26706577
43.88,17.27142889,0.4365087028,17.23284285,18.53662164,16.97389565,0,1,1,0,0.01,17.27142889,1,0.0225,17.27142889,0,1.2,17.27142889
43.89,17.27594601,0.4727702859,17.03409172,18.30672842,16.94218151,0,1,1,0,0.01,17.27594601,1,0.0225,17.27594601,0,1.2,17.27594601
43.9,17.28067671,0.4963957093,17.31115066,18.47592405,19.10696889,0,1,1,0,0.01,17.28067671,1,0.0225,17.28067671,0,1.2,17.28067671
43.91,17.28541255,0.4651653037,17.40042256,18.28742721,16.25158663,0,1,1,0,0.01,17.28541255,1,0.0225,17.28541255,0,1.2,17.28541255
43.92,17.29008918,0.4743767262,17.35699995,18.28779366,16.98349028,0,1,1,0,0.01,17.29008918,1,0.0225,17.29008918,0,1.2,17.29008918
43.93,17.29484931,0.4894564102,17.3644181,18.39009457,17.13785377,0,1,1,0,0.01,17.29484931,1,0.0225,17.29484931,0,1.2,17.29484931
43.94,17.29976048,0.494313924,17.2659665,18.20527498,17.02559286,0,1,1,0,0.01,17.29976048,1,0.0225,17.29976048,0,1.2,17.29976048
43.95,17.30468782,0.4625330848,17.49835578,18.42679461,16.69632528,0,1,1,0,0.01,17.30468782,1,0.0225,17.30468782,0,1.2,17.30468782
43.96,17.3093808,0.4788446634,17.23241907,18.20415238,17.43373421,0,1,1,0,0.01,17.3093808,1,0.0225,17.3093808,0,1.2,17.3093808
43.97,17.31428481,0.5033138819,17.25381706,18.37971445,18.23129448,0,1,1,0,0.01,17.31428481,1,0.0225,17.31428481,0,1.2,17.31428481
43.98,17.31929235,0.5116307018,17.27854242,18.48832725,17.46657929,0,1,1,0,0.01,17.31929235,1,0.0225,17.31929235,0,1.2,17.31929235
43.99,17.32429387,0.4707712209,17.30879278,18.29733076,19.74586064,0,1,1,0,0.01,17.32429387,1,0.0225,17.32429387,0,1.2,17.32429387
44,17.32893149,0.472800515,17.43371456,18.10352729,19.19112351,0,1,1,0,0.01,17.32893149,1,0.0225,17.32893149,0,1.2,17.32893149
44.01,17.33372219,0.48742945,17.33564517,18.43568921,18.15038642,0,1,1,0,0.01,17.33372219,1,0.0225,17.33372219,0,1.2,17.33372219
44.02,17.33859466,0.4792093379,17.3811593,18.19513138,17.17820321,0,1,1,0,0.01,17.33859466,1,0.0225,17.33859466,0,1.2,17.33859466
44.03,17.34337182,0.4835267775,17.58312679,18.00357519,18.32089417,0,1,1,0,0.01,17.34337182,1,0.0225,17.34337182,0,1.2,17.34337182
44.04,17.34816924,0.5015401253,17.25345686,18.56127242,16.91928165,0,1,1,0,0.01,17.34816924,1,0.0225,17.34816924,0,1.2,17.34816924
44.05,17.35333501,0.520525034,17.38537052,18.40075113,17.97924695,0,1,1,0,0.01,17.35333501,1,0.0225,17.35333501,0,1.2,17.35333501
44.06,17.35863057,0.5507881955,17.49249978,18.41862438,18.0582753,0,1,1,0,0.01,17.35863057,1,0.0225,17.35863057,0,1.2,17.35863057
44.07,17.3639518,0.5095553894,17.5107466,18.39812637,18.6236416,0,1,1,0,0.01,17.3639518,1,0.0225,17.3639518,0,1.2,17.3639518
44.08,17.36916197,0.5142854921,17.54709201,18.37623963,17.34029913,0,1,1,0,0.01,17.36916197,1,0.0225,17.36916197,0,1.2,17.36916197
44.09,17.37418678,0.5109242055,17.27822456,18.39346725,17.44927209,0,1,1,0,0.01,17.37418678,1,0.0225,17.37418678,0,1.2,17.37418678
44.1,17.37922434,0.4836118249,17.42209108,18.4183365,16.63846393,0,1,1,0,0.01,17.37922434,1,0.0225,17.37922434,0,1.2,17.37922434
44.11,17.38403233,0.4682275137,17.33185226,18.15429607,16.36825752,0,1,1,0,0.01,17.38403233,1,0.0225,17.38403233,0,1.2,17.38403233
44.12,17.38872655,0.448553138,17.30772457,17.98467948,15.33974698,0,1,1,0,0.01,17.38872655,1,0.0225,17.38872655,0,1.2,17.38872655
44.13,17.39331722,0.4617670295,17.40436596,18.55458959,17.33129268,0,1,1,0,0.01,17.39331722,1,0.0225,17.39331722,0,1.2,17.39331722
44.14,17.39818255,0.5163155415,17.41284541,18.5513912,17.65608031,0,1,1,0,0.01,17.39818255,1,0.0225,17.39818255,0,1.2,17.39818255
44.15,17.4033929,0.5367670244,17.39358357,18.68819338,16.71058591,0,1,1,0,0.01,17.4033929,1,0.0225,17.4033929,0,1.2,17.4033929
44.16,17.40880208,0.5455448179,17.35877859,18.20389552,17.28593169,0,1,1,0,0.01,17.40880208,1,0.0225,17.40880208,0,1.2,17.40880208
44.17,17.41424751,0.5364928797,17.62758283,18.66857998,16.1384325,0,1,1,0,0.01,17.41424751,1,0.0225,17.41424751,0,1.2,17.41424751
44.18,17.41973671,0.5589089326,17.36351735,18.58361466,18.30105822,0,1,1,0,0.01,17.41973671,1,0.0225,17.41973671,0,1.2,17.41973671
44.19,17.42517629,0.5356338635,17.5113038,18.4650581,17.91798874,0,1,1,0,0.01,17.42517629,1,0.0225,17.42517629,0,1.2,17.42517629
44.2,17.43021987,0.5020871496,17.22412509,18.29243103,17.05171865,0,1,1,0,0.01,17.43021987,1,0.0225,17.43021987,0,1.2,17.43021987
44.21,17.43503383,0.4900674744,17.50361705,18.49964167,18.55530872,0,1,1,0,0.01,17.43503383,1,0.0225,17.43503383,0,1.2,17.43503383
44.22,17.43989234,0.4926620235,17.49255597,18.5277192,17.85955971,0,1,1,0,0.01,17.43989234,1,0.0225,17.43989234,0,1.2,17.43989234
44.23,17.44474578,0.4962592998,17.36084345,18.46618752,15.59167487,0,1,1,0,0.01,17.44474578,1,0.0225,17.44474578,0,1.2,17.44474578
44.24,17.44958027,0.476635965,17.43497477,18.5862749,17.87758974,0,1,1,0,0.01,17.44958027,1,0.0225,17.44958027,0,1.2,17.44958027
44.25,17.45440538,0.4883025331,17.54675893,18.28962432,19.13157834,0,1,1,0,0.01,17.45440538,1,0.0225,17.45440538,0,1.2,17.45440538
44.26,17.45946884,0.5088842251,17.32701129,18.29482522,15.41467463,0,1,1,0,0.01,17.45946884,1,0.0225,17.45946884,0,1.2,17.45946884
44.27,17.46460693,0.5306609385,17.47341761,18.26916353,16.61453294,0,1,1,0,0.01,17.46460693,1,0.0225,17.46460693,0,1.2,17.46460693
44.28,17.4699033,0.515953053,17.32445791,18.5862061,19.93491993,0,1,1,0,0.01,17.4699033,1,0.0225,17.4699033,0,1.2,17.4699033
44.29,17.47508231,0.5254057732,17.46846166,18.29777312,15.55044538,0,1,1,0,0.01,17.47508231,1,0.0225,17.47508231,0,1.2,17.47508231
44.3,17.48008662,0.4730734182,17.50027076,18.26050155,14.93264489,0,1,1,0,0.01,17.48008662,1,0.0225,17.48008662,0,1.2,17.48008662
44.31,17.4848222,0.4679236354,17.6099669,18.61117458,18.56130435,0,1,1,0,0.01,17.4848222,1,0.0225,17.4848222,0,1.2,17.4848222
44.32,17.48975909,0.5162996343,17.33031667,18.54741904,17.877134,0,1,1,0,0.01,17.48975909,1,0.0225,17.48975909,0,1.2,17.48975909
44.33,17.49479358,0.5062253897,17.53450799,18.35102242,17.49474583,0,1,1,0,0.01,17.49479358,1,0.0225,17.49479358,0,1.2,17.49479358
44.34,17.49981213,0.4985880393,17.38175296,18.45827638,16.90599237,0,1,1,0,0.01,17.49981213,1,0.0225,17.49981213,0,1.2,17.49981213
44.35,17.50502479,0.537454433,17.55173439,18.3801818,17.79953224,0,1,1,0,0.01,17.50502479,1,0.0225,17.50502479,0,1.2,17.50502479
44.36,17.51036009,0.5224217702,17.46631103,18.38888734,16.45383961,0,1,1,0,0.01,17.51036009,1,0.0225,17.51036009,0,1.2,17.51036009
44.37,17.51552567,0.5099869825,17.45081435,18.54127808,19.18574036,0,1,1,0,0.01,17.51552567,1,0.0225,17.51552567,0,1.2,17.51552567
44.38,17.52077291,0.5471766591,17.44510822,18.46807806,17.82667504,0,1,1,0,0.01,17.52077291,1,0.0225,17.52077291,0,1.2,17.52077291
44.39,17.52624484,0.5462560167,17.62388665,18.37175872,16.89060874,0,1,1,0,0.01,17.52624484,1,0.0225,17.52624484,0,1.2,17.52624484
44.4,17.53165747,0.5167167397,17.57977198,18.61859243,16.90291178,0,1,1,0,0.01,17.53165747,1,0.0225,17.53165747,0,1.2,17.53165747
44.41,17.53684164,0.5084729405,17.46040634,18.3227832,17.22489021,0,1,1,0,0.01,17.53684164,1,0.0225,17.53684164,0,1.2,17.53684164
44.42,17.54196112,0.5246261539,17.60569304,18.42314175,15.5169479,0,1,1,0,0.01,17.54196112,1,0.0225,17.54196112,0,1.2,17.54196112
44.43,17.54705559,0.5007972683,17.39910359,18.63992981,17.75228204,0,1,1,0,0.01,17.54705559,1,0.0225,17.54705559,0,1.2,17.54705559
44.44,17.55180647,0.4500856773,17.35939277,18.41259705,18.75155312,0,1,1,0,0.01,17.55180647,1,0.0225,17.55180647,0,1.2,17.55180647
44.45,17.55645562,0.4763299331,17.4966724,18.5574476,16.39089463,0,1,1,0,0.01,17.55645562,1,0.0225,17.55645562,0,1.2,17.55645562
44.46,17.56126473,0.4797077395,17.65813221,18.39159026,17.71126325,0,1,1,0,0.01,17.56126473,1,0.0225,17.56126473,0,1.2,17.56126473
44.47,17.56595277,0.451230155,17.51905468,18.72026142,17.96086141,0,1,1,0,0.01,17.56595277,1,0.0225,17.56595277,0,1.2,17.56595277
44.48,17.5707058,0.4916169228,17.62114705,18.40345072,16.05189164,0,1,1,0,0.01,17.5707058,1,0.0225,17.5707058,0,1.2,17.5707058
44.49,17.57554021,0.4932905608,17.56832919,18.60887856,17.3993479,0,1,1,0,0.01,17.57554021,1,0.0225,17.57554021,0,1.2,17.57554021
44.5,17.58030549,0.4490849885,17.73369661,18.57474328,18.51429823,0,1,1,0,0.01,17.58030549,1,0.0225,17.58030549,0,1.2,17.58030549
44.51,17.5846482,0.4218481046,17.59940598,18.49597411,17.85931772,0,1,1,0,0.01,17.5846482,1,0.0225,17.5846482,0,1.2,17.5846482
44.52,17.58891603,0.4368102038,17.64023314,18.49367651,17.84055334,0,1,1,0,0.01,17.58891603,1,0.0225,17.58891603,0,1.2,17.58891603
44.53,17.59319462,0.4246962849,17.58552784,18.78696849,17.08299767,0,1,1,0,0.01,17.59319462,1,0.0225,17.59319462,0,1.2,17.59319462
44.54,17.5974318,0.4418431563,17.69571564,18.80653664,19.52322577,0,1,1,0,0.01,17.5974318,1,0.0225,17.5974318,0,1.2,17.5974318
44.55,17.60164365,0.4003693728,17.66410774,18.45529554,17.16646989,0,1,1,0,0.01,17.60164365,1,0.0225,17.60164365,0,1.2,17.60164365
44.56,17.60587876,0.4156409204,17.52431338,18.49000505,17.27535448,0,1,1,0,0.01,17.60587876,1,0.0225,17.60587876,0,1.2,17.60587876
44.57,17.61006282,0.4134795031,17.50498266,18.51594813,16.41531455,0,1,1,0,0.01,17.61006282,1,0.0225,17.61006282,0,1.2,17.61006282
44.58,17.61426614,0.4435085942,17.49060752,18.43689772,18.41848315,0,1,1,0,0.01,17.61426614,1,0.0225,17.61426614,0,1.2,17.61426614
44.59,17.61870133,0.4462933989,17.63295163,18.60031654,17.66261256,0,1,1,0,0.01,17.61870133,1,0.0225,17.61870133,0,1.2,17.61870133
44.6,17.62325941,0.4654983712,17.51552092,18.72643975,16.78369854,0,1,1,0,0.01,17.62325941,1,0.0225,17.62325941,0,1.2,17.62325941
44.61,17.62814261,0.4973194353,17.64138111,18.50143291,18.07265809,0,1,1,0,0.01,17.62814261,1,0.0225,17.62814261,0,1.2,17.62814261
44.62,17.6335079,0.5546192694,17.53175143,18.67506355,18.06207305,0,1,1,0,0.01,17.6335079,1,0.0225,17.6335079,0,1.2,17.6335079
44.63,17.63883128,0.5302550045,17.60560356,18.6157918,15.44660512,0,1,1,0,0.01,17.63883128,1,0.0225,17.63883128,0,1.2,17.63883128
44.64,17.64421967,0.5402383756,17.80275741,18.43316539,18.31203466,0,1,1,0,0.01,17.64421967,1,0.0225,17.64421967,0,1.2,17.64421967
44.65,17.64977026,0.5442433223,17.51300785,18.74358535,17.07675798,0,1,1,0,0.01,17.64977026,1,0.0225,17.64977026,0,1.2,17.64977026
44.66,17.65532823,0.5596569336,17.7048602,18.61457144,15.74807186,0,1,1,0,0.01,17.65532823,1,0.0225,17.65532823,0,1.2,17.65532823
44.67,17.66095224,0.5591103881,17.70959475,18.87292098,18.1203091,0,1,1,0,0.01,17.66095224,1,0.0225,17.66095224,0,1.2,17.66095224
44.68,17.66666347,0.5951256831,17.58779983,18.65100662,19.65483568,0,1,1,0,0.01,17.66666347,1,0.0225,17.66666347,0,1.2,17.66666347
44.69,17.67270009,0.6094632537,17.91668214,18.5006035,17.95954886,0,1,1,0,0.01,17.67270009,1,0.0225,17.67270009,0,1.2,17.67270009
44.7,17.67875746,0.61487305,17.54093111,18.65065516,17.34345909,0,1,1,0,0.01,17.67875746,1,0.0225,17.67875746,0,1.2,17.67875746
44.71,17.68502419,0.6294131666,17.75835176,18.70027588,18.06412587,0,1,1,0,0.01,17.68502419,1,0.0225,17.68502419,0,1.2,17.68502419
44.72,17.6911214,0.6116505644,17.78365198,18.9197319,17.65392244,0,1,1,0,0.01,17.6911214,1,0.0225,17.6911214,0,1.2,17.6911214
44.73,17.6971336,0.6063805157,17.68370739,18.55749941,18.65481473,0,1,1,0,0.01,17.6971336,1,0.0225,17.6971336,0,1.2,17.6971336
44.74,17.7033172,0.622389766,17.57447898,18.82046763,18.17271102,0,1,1,0,0.01,17.7033172,1,0.0225,17.7033172,0,1.2,17.7033172
44.75,17.70943422,0.6024581055,18.02896724,18.71038803,17.18470757,0,1,1,0,0.01,17.70943422,1,0.0225,17.70943422,0,1.2,17.70943422
44.76,17.71530739,0.5981945456,17.72835652,18.86730433,17.17265296,0,1,1,0,0.01,17.71530739,1,0.0225,17.71530739,0,1.2,17.71530739
44.77,17.72133383,0.6099847467,17.63475393,18.85486926,17.91241365,0,1,1,0,0.01,17.72133383,1,0.0225,17.72133383,0,1.2,17.72133383
44.78,17.7276227,0.6425430127,17.79863288,18.81019818,17.89457942,0,1,1,0,0.01,17.7276227,1,0.0225,17.7276227,0,1.2,17.7276227
44.79,17.7340311,0.6610260256,17.77997534,18.86237715,18.30261188,0,1,1,0,0.01,17.7340311,1,0.0225,17.7340311,0,1.2,17.7340311
44.8,17.74062157,0.6925320313,17.68035861,18.72736283,18.82662996,0,1,1,0,0.01,17.74062157,1,0.0225,17.74062157,0,1.2,17.74062157
44.81,17.74741617,0.6730699863,17.58558059,18.74974896,17.35237957,0,1,1,0,0.01,17.74741617,1,0.0225,17.74741617,0,1.2,17.74741617
44.82,17.75436174,0.7028411752,17.72733952,18.67601327,17.07182287,0,1,1,0,0.01,17.75436174,1,0.0225,17.75436174,0,1.2,17.75436174
44.83,17.76116961,0.6560845523,17.87099973,18.81787449,18.23314554,0,1,1,0,0.01,17.76116961,1,0.0225,17.76116961,0,1.2,17.76116961
44.84,17.76778358,0.6528350247,17.84999068,18.76911751,17.76393552,0,1,1,0,0.01,17.76778358,1,0.0225,17.76778358,0,1.2,17.76778358
44.85,17.77446263,0.6588944013,17.93456615,18.53709622,17.41173203,0,1,1,0,0.01,17.77446263,1,0.0225,17.77446263,0,1.2,17.77446263
44.86,17.78098904,0.6497184512,17.84468086,18.88148061,18.60882659,0,1,1,0,0.01,17.78098904,1,0.0225,17.78098904,0,1.2,17.78098904
44.87,17.78747975,0.6323126812,17.82805441,18.78072507,18.12079937,0,1,1,0,0.01,17.78747975,1,0.0225,17.78747975,0,1.2,17.78747975
44.88,17.79381477,0.6278832762,17.70027668,18.75162023,19.7354754,0,1,1,0,0.01,17.79381477,1,0.0225,17.79381477,0,1.2,17.79381477
44.89,17.80009512,0.6337579233,17.74101496,18.92144094,18.90974581,0,1,1,0,0.01,17.80009512,1,0.0225,17.80009512,0,1.2,17.80009512
44.9,17.80656311,0.6588129699,17.8205095,18.67932655,19.19639696,0,1,1,0,0.01,17.80656311,1,0.0225,17.80656311,0,1.2,17.80656311
44.91,17.81306433,0.6240662413,17.84853157,19.10877493,16.40106421,0,1,1,0,0.01,17.81306433,1,0.0225,17.81306433,0,1.2,17.81306433
44.92,17.81939257,0.6484453546,17.80303259,18.86400464,19.53984562,0,1,1,0,0.01,17.81939257,1,0.0225,17.81939257,0,1.2,17.81939257
44.93,17.8259091,0.6445302337,17.93797406,18.7369448,17.75899497,0,1,1,0,0.01,17.8259091,1,0.0225,17.8259091,0,1.2,17.8259091
44.94,17.832144,0.6038965941,17.94305566,18.88398199,18.09879482,0,1,1,0,0.01,17.832144,1,0.0225,17.832144,0,1.2,17.832144
44.95,17.83827724,0.6160383843,18.0463113,18.94580462,17.22582186,0,1,1,0,0.01,17.83827724,1,0.0225,17.83827724,0,1.2,17.83827724
44.96,17.84456889,0.6293117791,17.8238061,18.83052608,17.49493565,0,1,1,0,0.01,17.84456889,1,0.0225,17.84456889,0,1.2,17.84456889
44.97,17.85083236,0.6293569597,17.7158551,18.81818107,18.00618315,0,1,1,0,0.01,17.85083236,1,0.0225,17.85083236,0,1.2,17.85083236
44.98,17.85729263,0.6652324686,17.9720301,19.05428409,18.8942675,0,1,1,0,0.01,17.85729263,1,0.0225,17.85729263,0,1.2,17.85729263
44.99,17.86390128,0.6800696182,17.80432362,18.94817695,16.53112751,0,1,1,0,0.01,17.86390128,1,0.0225,17.86390128,0,1.2,17.86390128
45,17.87064941,0.6536393344,17.83949473,18.92270018,17.21818895,0,1,1,0,0.01,17.87064941,1,0.0225,17.87064941,0,1.2,17.87064941
45.01,17.87703394,0.6228641233,17.84060684,19.04572212,18.61274762,0,1,1,0,0.01,17.87703394,1,0.0225,17.87703394,0,1.2,17.87703394
45.02,17.88326282,0.6293207813,18.01242997,18.879879,18.27222536,0,1,1,0,0.01,17.88326282,1,0.0225,17.88326282,0,1.2,17.88326282
45.03,17.88940356,0.5952937124,17.9111403,18.76836934,18.52067607,0,1,1,0,0.01,17.88940356,1,0.0225,17.88940356,0,1.2,17.88940356
45.04,17.89524502,0.5707837434,18.04215194,18.60097155,16.07685889,0,1,1,0,0.01,17.89524502,1,0.0225,17.89524502,0,1.2,17.89524502
45.05,17.90085916,0.559505769,17.93721328,18.97436218,18.13830924,0,1,1,0,0.01,17.90085916,1,0.0225,17.90085916,0,1.2,17.90085916
45.06,17.90637547,0.5529917451,18.01871357,18.89296822,17.23150839,0,1,1,0,0.01,17.90637547,1,0.0225,17.90637547,0,1.2,17.90637547
45.07,17.91197793,0.5672784242,18.00994237,18.88887214,16.88237532,0,1,1,0,0.01,17.91197793,1,0.0225,17.91197793,0,1.2,17.91197793
45.08,17.91776198,0.5619458848,17.85913961,18.88511945,16.22518648,0,1,1,0,0.01,17.91776198,1,0.0225,17.91776198,0,1.2,17.91776198
45.09,17.92338749,0.5756460373,17.99464131,18.78062027,17.85247817,0,1,1,0,0.01,17.92338749,1,0.0225,17.92338749,0,1.2,17.92338749
45.1,17.9292523,0.6086674045,18.00680251,18.85896612,16.66398613,0,1,1,0,0.01,17.9292523,1,0.0225,17.9292523,0,1.2,17.9292523
45.11,17.93541775,0.6274020569,18.01884641,19.01122048,17.87335278,0,1,1,0,0.01,17.93541775,1,0.0225,17.93541775,0,1.2,17.93541775
45.12,17.94187989,0.6553156365,17.93537144,18.76263011,18.56285935,0,1,1,0,0.01,17.94187989,1,0.0225,17.94187989,0,1.2,17.94187989
45.13,17.94856732,0.6854459318,17.91957121,19.07232558,17.07904573,0,1,1,0,0.01,17.94856732,1,0.0225,17.94856732,0,1.2,17.94856732
45.14,17.95551523,0.7022797245,18.00949908,18.96470022,19.58846606,0,1,1,0,0.01,17.95551523,1,0.0225,17.95551523,0,1.2,17.95551523
45.15,17.96246281,0.6778899173,18.08081914,18.88246159,17.5344013,0,1,1,0,0.01,17.96246281,1,0.0225,17.96246281,0,1.2,17.96246281
45.16,17.9693199,0.6929313675,18.11669129,19.05502099,18.21631993,0,1,1,0,0.01,17.9693199,1,0.0225,17.9693199,0,1.2,17.9693199
45.17,17.97634222,0.718469148,17.88166887,19.04353593,17.68258393,0,1,1,0,0.01,17.97634222,1,0.0225,17.97634222,0,1.2,17.97634222
45.18,17.98329851,0.6868519667,17.9834767,18.76570311,16.5535462,0,1,1,0,0.01,17.98329851,1,0.0225,17.98329851,0,1.2,17.98329851
45.19,17.9899692,0.6477251088,18.00509993,19.11916277,19.19489949,0,1,1,0,0.01,17.9899692,1,0.0225,17.9899692,0,1.2,17.9899692
45.2,17.99656565,0.6824610536,18.10762954,18.73201379,17.00055481,0,1,1,0,0.01,17.99656565,1,0.0225,17.99656565,0,1.2,17.99656565
45.21,18.00335365,0.66659948,17.99541252,19.04419501,17.49196473,0,1,1,0,0.01,18.00335365,1,0.0225,18.00335365,0,1.2,18.00335365
45.22,18.00990697,0.6402360699,18.11693506,18.99634197,17.23161613,0,1,1,0,0.01,18.00990697,1,0.0225,18.00990697,0,1.2,18.00990697
45.23,18.01655888,0.6748284923,18.04407071,19.31014585,17.45487234,0,1,1,0,0.01,18.01655888,1,0.0225,18.01655888,0,1.2,18.01655888
45.24,18.02336652,0.6713602996,18.02026204,18.87318949,18.30261088,0,1,1,0,0.01,18.02336652,1,0.0225,18.02336652,0,1.2,18.02336652
45.25,18.03010779,0.6821644611,17.97396616,19.15832447,17.51664235,0,1,1,0,0.01,18.03010779,1,0.0225,18.03010779,0,1.2,18.03010779
45.26,18.03705039,0.7143417921,18.03841546,18.80329924,17.98321562,0,1,1,0,0.01,18.03705039,1,0.0225,18.03705039,0,1.2,18.03705039
45.27,18.04414242,0.7142799145,18.02439078,18.93531636,16.74259134,0,1,1,0,0.01,18.04414242,1,0.0225,18.04414242,0,1.2,18.04414242
45.28,18.05143024,0.7458647727,18.13036256,19.30182558,17.53652226,0,1,1,0,0.01,18.05143024,1,0.0225,18.05143024,0,1.2,18.05143024
45.29,18.05872649,0.70939037,18.13212227,18.96880377,16.97859435,0,1,1,0,0.01,18.05872649,1,0.0225,18.05872649,0,1.2,18.05872649
45.3,18.06573294,0.7043552637,18.13304493,19.0646701,17.01955695,0,1,1,0,0.01,18.06573294,1,0.0225,18.06573294,0,1.2,18.06573294
45.31,18.07277726,0.7097799527,18.11453555,18.81227729,18.28398443,0,1,1,0,0.01,18.07277726,1,0.0225,18.07277726,0,1.2,18.07277726
45.32,18.07985471,0.7154778467,18.07896383,19.19423102,20.16944052,0,1,1,0,0.01,18.07985471,1,0.0225,18.07985471,0,1.2,18.07985471
45.33,18.08703196,0.7383283645,18.0975734,19.18004092,16.21462993,0,1,1,0,0.01,18.08703196,1,0.0225,18.08703196,0,1.2,18.08703196
45.34,18.09440274,0.7295999768,18.20849562,19.16625433,18.22252847,0,1,1,0,0.01,18.09440274,1,0.0225,18.09440274,0,1.2,18.09440274
45.35,18.10187631,0.7540724961,18.03035841,19.10328969,18.48329432,0,1,1,0,0.01,18.10187631,1,0.0225,18.10187631,0,1.2,18.10187631
45.36,18.10927763,0.7292155883,18.31402306,19.47125407,19.79281131,0,1,1,0,0.01,18.10927763,1,0.0225,18.10927763,0,1.2,18.10927763
45.37,18.11658658,0.7258875376,18.09194562,19.07771372,19.00920984,0,1,1,0,0.01,18.11658658,1,0.0225,18.11658658,0,1.2,18.11658658
45.38,18.12393203,0.7460781513,18.02475756,19.29516737,18.4002999,0,1,1,0,0.01,18.12393203,1,0.0225,18.12393203,0,1.2,18.12393203
45.39,18.13136541,0.7398764208,18.12761806,19.41387043,17.44725381,0,1,1,0,0.01,18.13136541,1,0.0225,18.13136541,0,1.2,18.13136541
45.4,18.13876045,0.7293178676,17.90098093,19.22769713,16.05044721,0,1,1,0,0.01,18.13876045,1,0.0225,18.13876045,0,1.2,18.13876045
45.41,18.14603689,0.7174085778,18.14107,19.01475617,19.92504458,0,1,1,0,0.01,18.14603689,1,0.0225,18.14603689,0,1.2,18.14603689
45.42,18.15299899,0.672256213,18.10634754,18.88261396,16.65106021,0,1,1,0,0.01,18.15299899,1,0.0225,18.15299899,0,1.2,18.15299899
45.43,18.15970456,0.6394642,18.0853363,19.01027025,17.86942731,0,1,1,0,0.01,18.15970456,1,0.0225,18.15970456,0,1.2,18.15970456
45.44,18.16630123,0.6578618636,18.24072285,19.19578685,19.77779577,0,1,1,0,0.01,18.16630123,1,0.0225,18.16630123,0,1.2,18.16630123
45.45,18.17296691,0.6745810223,18.12136058,19.21137245,19.62787003,0,1,1,0,0.01,18.17296691,1,0.0225,18.17296691,0,1.2,18.17296691
45.46,18.17988657,0.6651892198,18.24722298,19.30824423,18.51584682,0,1,1,0,0.01,18.17988657,1,0.0225,18.17988657,0,1.2,18.17988657
45.47,18.18665764,0.6940973273,18.31085006,18.89994221,18.05096868,0,1,1,0,0.01,18.18665764,1,0.0225,18.18665764,0,1.2,18.18665764
45.48,18.19352325,0.6735852667,18.10631397,19.22022001,17.60361789,0,1,1,0,0.01,18.19352325,1,0.0225,18.19352325,0,1.2,18.19352325
45.49,18.20048014,0.6933080603,18.12239677,19.41884347,17.537547,0,1,1,0,0.01,18.20048014,1,0.0225,18.20048014,0,1.2,18.20048014
45.5,18.20742344,0.6955988046,18.01141198,19.12846286,18.15008956,0,1,1,0,0.01,18.20742344,1,0.0225,18.20742344,0,1.2,18.20742344
45.51,18.21455033,0.7154382575,18.34391348,19.2142803,18.35153468,0,1,1,0,0.01,18.21455033,1,0.0225,18.21455033,0,1.2,18.21455033
45.52,18.2217485,0.7350171587,18.04961535,19.00174972,19.11857656,0,1,1,0,0.01,18.2217485,1,0.0225,18.2217485,0,1.2,18.2217485
45.53,18.2292169,0.7506855459,18.26809023,19.23197163,17.45067406,0,1,1,0,0.01,18.2292169,1,0.0225,18.2292169,0,1.2,18.2292169
45.54,18.23664096,0.7310179559,18.23497678,19.08900856,18.04772592,0,1,1,0,0.01,18.23664096,1,0.0225,18.23664096,0,1.2,18.23664096
45.55,18.24395911,0.7294278492,18.19768031,19.23755611,16.79427235,0,1,1,0,0.01,18.24395911,1,0.0225,18.24395911,0,1.2,18.24395911
45.56,18.25127151,0.7216089955,18.38466881,19.24923375,20.50496309,0,1,1,0,0.01,18.25127151,1,0.0225,18.25127151,0,1.2,18.25127151
45.57,18.25848428,0.7146495396,18.12560897,19.31412521,18.04322982,0,1,1,0,0.01,18.25848428,1,0.0225,18.25848428,0,1.2,18.25848428
45.58,18.26546344,0.6909115386,18.09289786,19.29409797,16.97803151,0,1,1,0,0.01,18.26546344,1,0.0225,18.26546344,0,1.2,18.26546344
45.59,18.27227577,0.6758643551,18.40069267,19.51273233,17.17710763,0,1,1,0,0.01,18.27227577,1,0.0225,18.27227577,0,1.2,18.27227577
45.6,18.2791222,0.7109567693,18.25132423,19.41226785,19.5888571,0,1,1,0,0.01,18.2791222,1,0.0225,18.2791222,0,1.2,18.2791222
45.61,18.28620424,0.705752737,18.33040727,19.20092892,17.37166989,0,1,1,0,0.01,18.28620424,1,0.0225,18.28620424,0,1.2,18.28620424
45.62,18.2931941,0.7140998512,18.268732,19.29270264,20.29888341,0,1,1,0,0.01,18.2931941,1,0.0225,18.2931941,0,1.2,18.2931941
45.63,18.30021087,0.6782450668,18.42563824,19.42848905,17.52146074,0,1,1,0,0.01,18.30021087,1,0.0225,18.30021087,0,1.2,18.30021087
45.64,18.30726405,0.7133744296,18.21186488,19.19182787,18.16165997,0,1,1,0,0.01,18.30726405,1,0.0225,18.30726405,0,1.2,18.30726405
45.65,18.31434442,0.7128738157,18.44762346,19.19200604,16.81514356,0,1,1,0,0.01,18.31434442,1,0.0225,18.31434442,0,1.2,18.31434442
45.66,18.32140277,0.7188152235,18.24458047,19.25829029,16.93678728,0,1,1,0,0.01,18.32140277,1,0.0225,18.32140277,0,1.2,18.32140277
45.67,18.32853669,0.7258378143,18.39907152,18.95279227,16.36863925,0,1,1,0,0.01,18.32853669,1,0.0225,18.32853669,0,1.2,18.32853669
45.68,18.33597871,0.7499412789,18.49673779,19.17704538,18.12281104,0,1,1,0,0.01,18.33597871,1,0.0225,18.33597871,0,1.2,18.33597871
45.69,18.34334928,0.7350661938,18.22298514,19.16319289,17.88758721,0,1,1,0,0.01,18.34334928,1,0.0225,18.34334928,0,1.2,18.34334928
45.7,18.35077182,0.7583236563,18.45585568,19.27026266,17.1142585,0,1,1,0,0.01,18.35077182,1,0.0225,18.35077182,0,1.2,18.35077182
45.71,18.35829571,0.7376300089,18.40994672,19.45002815,17.31631038,0,1,1,0,0.01,18.35829571,1,0.0225,18.35829571,0,1.2,18.35829571
45.72,18.365861,0.7713356208,18.23347688,19.55848635,18.81193044,0,1,1,0,0.01,18.365861,1,0.0225,18.365861,0,1.2,18.365861
45.73,18.37335538,0.7480357042,18.50117126,19.28949857,17.47811155,0,1,1,0,0.01,18.37335538,1,0.0225,18.37335538,0,1.2,18.37335538
45.74,18.38088396,0.7659531636,18.45873201,19.39775214,18.24243431,0,1,1,0,0.01,18.38088396,1,0.0225,18.38088396,0,1.2,18.38088396
45.75,18.3887097,0.7652785928,18.42573689,19.21013489,19.25258865,0,1,1,0,0.01,18.3887097,1,0.0225,18.3887097,0,1.2,18.3887097
45.76,18.39635321,0.7664384839,18.24466712,18.99417797,19.73883079,0,1,1,0,0.01,18.39635321,1,0.0225,18.39635321,0,1.2,18.39635321
45.77,18.40405765,0.7830283792,18.47275587,19.10821221,19.05568066,0,1,1,0,0.01,18.40405765,1,0.0225,18.40405765,0,1.2,18.40405765
45.78,18.41151269,0.7244245015,18.42969276,19.44546827,16.79204924,0,1,1,0,0.01,18.41151269,1,0.0225,18.41151269,0,1.2,18.41151269
45.79,18.41873191,0.7056591725,18.27328241,19.50013066,18.52691795,0,1,1,0,0.01,18.41873191,1,0.0225,18.41873191,0,1.2,18.41873191
45.8,18.4259618,0.7543337214,18.42099703,19.33703917,19.00319281,0,1,1,0,0.01,18.4259618,1,0.0225,18.4259618,0,1.2,18.4259618
45.81,18.43326071,0.7161939019,18.42819997,19.42813393,17.10479425,0,1,1,0,0.01,18.43326071,1,0.0225,18.43326071,0,1.2,18.43326071
45.82,18.44043603,0.7086814209,18.54891496,19.30370295,18.46588402,0,1,1,0,0.01,18.44043603,1,0.0225,18.44043603,0,1.2,18.44043603
45.83,18.44741635,0.6913493674,18.5270785,19.26455122,17.50609499,0,1,1,0,0.01,18.44741635,1,0.0225,18.44741635,0,1.2,18.44741635
45.84,18.45444836,0.714282964,18.60744554,19.46295601,18.44981821,0,1,1,0,0.01,18.45444836,1,0.0225,18.45444836,0,1.2,18.45444836
45.85,18.46135334,0.6814208791,18.46102494,19.77693713,19.69401478,0,1,1,0,0.01,18.46135334,1,0.0225,18.46135334,0,1.2,18.46135334
45.86,18.46791454,0.6523523605,18.55276149,19.46098141,19.22256462,0,1,1,0,0.01,18.46791454,1,0.0225,18.46791454,0,1.2,18.46791454
45.87,18.47435915,0.6392940325,18.42655579,19.5508979,17.54199182,0,1,1,0,0.01,18.47435915,1,0.0225,18.47435915,0,1.2,18.47435915
45.88,18.4807906,0.6247000984,18.52633085,19.77154241,19.52334212,0,1,1,0,0.01,18.4807906,1,0.0225,18.4807906,0,1.2,18.4807906
45.89,18.48708408,0.6311581971,18.58997289,19.22737096,17.07421081,0,1,1,0,0.01,18.48708408,1,0.0225,18.48708408,0,1.2,18.48708408
45.9,18.4934981,0.6432085067,18.40053482,19.66517176,18.96161249,0,1,1,0,0.01,18.4934981,1,0.0225,18.4934981,0,1.2,18.4934981
45.91,18.49969591,0.612603617,18.67488742,19.68295819,17.64905929,0,1,1,0,0.01,18.49969591,1,0.0225,18.49969591,0,1.2,18.49969591
45.92,18.50572179,0.583777545,18.52757124,19.56510585,18.93310149,0,1,1,0,0.01,18.50572179,1,0.0225,18.50572179,0,1.2,18.50572179
45.93,18.51146815,0.570267731,18.60696101,19.53034901,17.2199205,0,1,1,0,0.01,18.51146815,1,0.0225,18.51146815,0,1.2,18.51146815
45.94,18.51710637,0.5754222269,18.4430936,19.57404916,17.328465,0,1,1,0,0.01,18.51710637,1,0.0225,18.51710637,0,1.2,18.51710637
45.95,18.52298333,0.5977326187,18.42094793,19.5292169,16.24350253,0,1,1,0,0.01,18.52298333,1,0.0225,18.52298333,0,1.2,18.52298333
45.96,18.52900697,0.6056706147,18.42071589,19.43844381,19.1188069,0,1,1,0,0.01,18.52900697,1,0.0225,18.52900697,0,1.2,18.52900697
45.97,18.53503955,0.5838436625,18.3704202,19.63085185,16.4159898,0,1,1,0,0.01,18.53503955,1,0.0225,18.53503955,0,1.2,18.53503955
45.98,18.54077499,0.5557707585,18.54430096,19.86055023,18.42579272,0,1,1,0,0.01,18.54077499,1,0.0225,18.54077499,0,1.2,18.54077499
45.99,18.54634099,0.5665225106,18.62866599,19.48573022,19.75664451,0,1,1,0,0.01,18.54634099,1,0.0225,18.54634099,0,1.2,18.54634099
46,18.55214211,0.5733378152,18.43217818,19.63681413,18.24694866,0,1,1,0,0.01,18.55214211,1,0.0225,18.55214211,0,1.2,18.55214211
46.01,18.55793418,0.5730918041,18.64012545,19.42154286,18.29041415,0,1,1,0,0.01,18.55793418,1,0.0225,18.55793418,0,1.2,18.55793418
46.02,18.56363941,0.5501463399,18.59559735,19.49198275,18.44928399,0,1,1,0,0.01,18.56363941,1,0.0225,18.56363941,0,1.2,18.56363941
46.03,18.56917016,0.5661216925,18.63282315,19.37929602,17.81685011,0,1,1,0,0.01,18.56917016,1,0.0225,18.56917016,0,1.2,18.56917016
46.04,18.57467523,0.5525616052,18.63650751,19.80768756,18.48808192,0,1,1,0,0.01,18.57467523,1,0.0225,18.57467523,0,1.2,18.57467523
46.05,18.58008629,0.5346566406,18.53924128,19.53124129,18.81941719,0,1,1,0,0.01,18.58008629,1,0.0225,18.58008629,0,1.2,18.58008629
46.06,18.58532309,0.5127331013,18.52333662,19.52067806,19.83324194,0,1,1,0,0.01,18.58532309,1,0.0225,18.58532309,0,1.2,18.58532309
46.07,18.59035378,0.5115523144,18.55795228,19.58380111,18.35640486,0,1,1,0,0.01,18.59035378,1,0.0225,18.59035378,0,1.2,18.59035378
46.08,18.59535357,0.4954603425,18.67619011,19.72192485,17.23266502,0,1,1,0,0.01,18.59535357,1,0.0225,18.59535357,0,1.2,18.59535357
46.09,18.60027429,0.4733322426,18.5548507,19.50456994,18.74456453,0,1,1,0,0.01,18.60027429,1,0.0225,18.60027429,0,1.2,18.60027429
46.1,18.60529191,0.5271209022,18.79950789,19.47120152,18.70710355,0,1,1,0,0.01,18.60529191,1,0.0225,18.60529191,0,1.2,18.60529191
46.11,18.61050155,0.5280871261,18.53655705,19.56398463,19.89771137,0,1,1,0,0.01,18.61050155,1,0.0225,18.61050155,0,1.2,18.61050155
46.12,18.61568197,0.509900112,18.65362841,19.47376896,17.95075426,0,1,1,0,0.01,18.61568197,1,0.0225,18.61568197,0,1.2,18.61568197
46.13,18.62063653,0.5072118078,18.58037309,19.77112633,19.3420145,0,1,1,0,0.01,18.62063653,1,0.0225,18.62063653,0,1.2,18.62063653
46.14,18.62576446,0.5251858869,18.62369544,19.52413406,18.74024732,0,1,1,0,0.01,18.62576446,1,0.0225,18.62576446,0,1.2,18.62576446
46.15,18.63117874,0.546739785,18.59010736,19.59502546,18.59360166,0,1,1,0,0.01,18.63117874,1,0.0225,18.63117874,0,1.2,18.63117874
46.16,18.63675284,0.5571249233,18.50917595,19.7013497,18.01172967,0,1,1,0,0.01,18.63675284,1,0.0225,18.63675284,0,1.2,18.63675284
46.17,18.64253705,0.5988293606,18.58642718,19.55241753,18.31535859,0,1,1,0,0.01,18.64253705,1,0.0225,18.64253705,0,1.2,18.64253705
46.18,18.64852757,0.5900027443,18.81879248,19.87449543,18.72317571,0,1,1,0,0.01,18.64852757,1,0.0225,18.64852757,0,1.2,18.64852757
46.19,18.65478005,0.6612309902,18.37047867,19.56217505,19.71661228,0,1,1,0,0.01,18.65478005,1,0.0225,18.65478005,0,1.2,18.65478005
46.2,18.66152168,0.6832662752,18.63646876,19.53701367,19.20150984,0,1,1,0,0.01,18.66152168,1,0.0225,18.66152168,0,1.2,18.66152168
46.21,18.6683739,0.694089277,18.8290061,19.58635817,19.46224701,0,1,1,0,0.01,18.6683739,1,0.0225,18.6683739,0,1.2,18.6683739
46.22,18.67520956,0.6946840087,18.74917749,19.48797536,19.43096703,0,1,1,0,0.01,18.67520956,1,0.0225,18.67520956,0,1.2,18.67520956
46.23,18.68243563,0.7408062423,18.75727212,19.61663371,16.69908094,0,1,1,0,0.01,18.68243563,1,0.0225,18.68243563,0,1.2,18.68243563
46.24,18.69006184,0.7686667028,18.72267815,19.6678349,18.98359536,0,1,1,0,0.01,18.69006184,1,0.0225,18.69006184,0,1.2,18.69006184
46.25,18.69796108,0.8029141201,18.72092087,19.84337177,17.31695599,0,1,1,0,0.01,18.69796108,1,0.0225,18.69796108,0,1.2,18.69796108
46.26,18.70601983,0.8065979437,18.61927104,19.72042197,18.76567514,0,1,1,0,0.01,18.70601983,1,0.0225,18.70601983,0,1.2,18.70601983
46.27,18.71426971,0.8322909276,18.65141922,19.73493575,18.04131647,0,1,1,0,0.01,18.71426971,1,0.0225,18.71426971,0,1.2,18.71426971
46.28,18.72240357,0.8014483806,18.71963283,19.89043724,19.49101729,0,1,1,0,0.01,18.72240357,1,0.0225,18.72240357,0,1.2,18.72240357
46.29,18.73034281,0.7782685198,18.79708994,19.75076822,17.52625182,0,1,1,0,0.01,18.73034281,1,0.0225,18.73034281,0,1.2,18.73034281
46.3,18.73799023,0.7727664347,18.92790989,19.84304363,19.32790693,0,1,1,0,0.01,18.73799023,1,0.0225,18.73799023,0,1.2,18.73799023
46.31,18.74552055,0.7314037386,18.85540097,20.00282852,18.25905779,0,1,1,0,0.01,18.74552055,1,0.0225,18.74552055,0,1.2,18.74552055
46.32,18.75263639,0.6939519204,18.68908695,19.6264626,19.25630079,0,1,1,0,0.01,18.75263639,1,0.0225,18.75263639,0,1.2,18.75263639
46.33,18.75974579,0.7309167618,18.87805369,19.84288144,18.61641767,0,1,1,0,0.01,18.75974579,1,0.0225,18.75974579,0,1.2,18.75974579
46.34,18.767069,0.7452857462,18.5474179,19.77629602,18.87924709,0,1,1,0,0.01,18.767069,1,0.0225,18.767069,0,1.2,18.767069
46.35,18.77458753,0.7756535634,18.98001397,19.89690746,17.50608024,0,1,1,0,0.01,18.77458753,1,0.0225,18.77458753,0,1.2,18.77458753
46.36,18.7824598,0.7826435309,18.85206969,19.71818026,18.2499413,0,1,1,0,0.01,18.7824598,1,0.0225,18.7824598,0,1.2,18.7824598
46.37,18.79021296,0.7585464964,18.79506997,19.70762683,19.5275559,0,1,1,0,0.01,18.79021296,1,0.0225,18.79021296,0,1.2,18.79021296
46.38,18.79796106,0.7917228997,18.77558206,19.75999162,17.77309002,0,1,1,0,0.01,18.79796106,1,0.0225,18.79796106,0,1.2,18.79796106
46.39,18.80596397,0.800735801,18.77692039,19.90063195,18.79125102,0,1,1,0,0.01,18.80596397,1,0.0225,18.80596397,0,1.2,18.80596397
46.4,18.81393275,0.7941370196,18.73065512,19.87888933,18.45563315,0,1,1,0,0.01,18.81393275,1,0.0225,18.81393275,0,1.2,18.81393275
46.41,18.82166232,0.775080806,18.92092834,19.76820684,18.46408198,0,1,1,0,0.01,18.82166232,1,0.0225,18.82166232,0,1.2,18.82166232
46.42,18.82944406,0.8044410953,19.03036462,19.81947476,18.29115202,0,1,1,0,0.01,18.82944406,1,0.0225,18.82944406,0,1.2,18.82944406
46.43,18.83732438,0.7438209013,18.85105081,19.87023109,19.55923987,0,1,1,0,0.01,18.83732438,1,0.0225,18.83732438,0,1.2,18.83732438
46.44,18.84470617,0.7354542798,18.65419945,19.99435738,17.70232652,0,1,1,0,0.01,18.84470617,1,0.0225,18.84470617,0,1.2,18.84470617
46.45,18.85201445,0.7143616126,18.92735316,19.76194721,18.67362547,0,1,1,0,0.01,18.85201445,1,0.0225,18.85201445,0,1.2,18.85201445
46.46,18.85915804,0.7288575454,18.8713956,20.00452553,17.93243205,0,1,1,0,0.01,18.85915804,1,0.0225,18.85915804,0,1.2,18.85915804
46.47,18.8664109,0.7392602641,18.76234683,20.22748476,17.0503464,0,1,1,0,0.01,18.8664109,1,0.0225,18.8664109,0,1.2,18.8664109
46.48,18.87432596,0.797806444,18.86252763,19.90404412,19.20581913,0,1,1,0,0.01,18.87432596,1,0.0225,18.87432596,0,1.2,18.87432596
46.49,18.88243094,0.8189746814,18.89086588,19.88108632,17.82927441,0,1,1,0,0.01,18.88243094,1,0.0225,18.88243094,0,1.2,18.88243094
46.5,18.89057036,0.8036230287,19.01273834,20.05908345,17.07441124,0,1,1,0,0.01,18.89057036,1,0.0225,18.89057036,0,1.2,18.89057036
46.51,18.89880297,0.8141260938,19.01267689,19.9948003,19.41790366,0,1,1,0,0.01,18.89880297,1,0.0225,18.89880297,0,1.2,18.89880297
46.52,18.90691145,0.8148215974,18.97780144,19.99768559,19.84981715,0,1,1,0,0.01,18.90691145,1,0.0225,18.90691145,0,1.2,18.90691145
46.53,18.91505582,0.7962317504,18.98899632,20.02556383,16.45670309,0,1,1,0,0.01,18.91505582,1,0.0225,18.91505582,0,1.2,18.91505582
46.54,18.92293281,0.7869397977,18.8771891,19.7172088,20.15142448,0,1,1,0,0.01,18.92293281,1,0.0225,18.92293281,0,1.2,18.92293281
46.55,18.93080809,0.7966905312,18.99497024,19.7578395,18.08324413,0,1,1,0,0.01,18.93080809,1,0.0225,18.93080809,0,1.2,18.93080809
46.56,18.938655,0.767611403,18.93894511,19.87775146,17.50826721,0,1,1,0,0.01,18.938655,1,0.0225,18.938655,0,1.2,18.938655
46.57,18.9461397,0.7545601738,18.93131052,19.97487218,19.7239069,0,1,1,0,0.01,18.9461397,1,0.0225,18.9461397,0,1.2,18.9461397
46.58,18.95351611,0.7354977543,19.06576361,20.12866127,18.04882806,0,1,1,0,0.01,18.95351611,1,0.0225,18.95351611,0,1.2,18.95351611
46.59,18.96090724,0.7385923391,18.86551888,19.9049364,16.94600776,0,1,1,0,0.01,18.96090724,1,0.0225,18.96090724,0,1.2,18.96090724
46.6,18.96821757,0.731533895,18.85458572,19.9690402,18.40103595,0,1,1,0,0.01,18.96821757,1,0.0225,18.96821757,0,1.2,18.96821757
46.61,18.97529596,0.7151138599,19.10748868,19.81248233,18.79095128,0,1,1,0,0.01,18.97529596,1,0.0225,18.97529596,0,1.2,18.97529596
46.62,18.98244304,0.7187698908,18.99012966,19.98570511,18.28434344,0,1,1,0,0.01,18.98244304,1,0.0225,18.98244304,0,1.2,18.98244304
46.63,18.98962482,0.7290758475,19.02468532,19.66871477,18.57056583,0,1,1,0,0.01,18.98962482,1,0.0225,18.98962482,0,1.2,18.98962482
46.64,18.99677761,0.7074308721,18.93711245,19.93843811,22.14213659,0,1,1,0,0.01,18.99677761,1,0.0225,18.99677761,0,1.2,18.99677761
46.65,19.00401607,0.7314090896,19.01099782,20.15418178,19.70052326,0,1,1,0,0.01,19.00401607,1,0.0225,19.00401607,0,1.2,19.00401607
46.66,19.01134659,0.7293933312,18.82262313,19.95535893,18.52138518,0,1,1,0,0.01,19.01134659,1,0.0225,19.01134659,0,1.2,19.01134659
46.67,19.01864794,0.7318496745,19.03146622,20.00514022,17.26248944,0,1,1,0,0.01,19.01864794,1,0.0225,19.01864794,0,1.2,19.01864794
46.68,19.02587044,0.7260180622,19.28023698,19.92384218,19.48087206,0,1,1,0,0.01,19.02587044,1,0.0225,19.02587044,0,1.2,19.02587044
46.69,19.03296792,0.6984852752,19.02360094,20.22543303,20.36171996,0,1,1,0,0.01,19.03296792,1,0.0225,19.03296792,0,1.2,19.03296792
46.7,19.03997367,0.6961106954,18.90529875,20.14724971,18.37824129,0,1,1,0,0.01,19.03997367,1,0.0225,19.03997367,0,1.2,19.03997367
46.71,19.04707237,0.7304445316,18.9670137,19.95524438,19.68216089,0,1,1,0,0.01,19.04707237,1,0.0225,19.04707237,0,1.2,19.04707237
46.72,19.0543291,0.72100169,19.14646994,19.74215105,19.4792935,0,1,1,0,0.01,19.0543291,1,0.0225,19.0543291,0,1.2,19.0543291
46.73,19.06171223,0.729596562,19.05046142,20.10657331,19.23318795,0,1,1,0,0.01,19.06171223,1,0.0225,19.06171223,0,1.2,19.06171223
46.74,19.06897961,0.7163704573,18.97146872,20.19096544,18.37423768,0,1,1,0,0.01,19.06897961,1,0.0225,19.06897961,0,1.2,19.06897961
46.75,19.07618371,0.7035946084,19.13598513,19.97884263,17.56783615,0,1,1,0,0.01,19.07618371,1,0.0225,19.07618371,0,1.2,19.07618371
46.76,19.08312724,0.690129344,18.94185817,20.22304177,20.14257447,0,1,1,0,0.01,19.08312724,1,0.0225,19.08312724,0,1.2,19.08312724
46.77,19.08996829,0.6663936892,19.05719803,19.87971762,18.60248851,0,1,1,0,0.01,19.08996829,1,0.0225,19.08996829,0,1.2,19.08996829
46.78,19.09670243,0.6777578337,19.15585211,19.96957525,19.55969637,0,1,1,0,0.01,19.09670243,1,0.0225,19.09670243,0,1.2,19.09670243
46.79,19.10363516,0.7102015614,18.95321894,19.98012474,19.73214565,0,1,1,0,0.01,19.10363516,1,0.0225,19.10363516,0,1.2,19.10363516
46.8,19.1106762,0.6980058098,18.9636995,20.12299235,16.58151771,0,1,1,0,0.01,19.1106762,1,0.0225,19.1106762,0,1.2,19.1106762
46.81,19.11760941,0.7077779585,19.27587098,20.08729675,18.63698587,0,1,1,0,0.01,19.11760941,1,0.0225,19.11760941,0,1.2,19.11760941
46.82,19.12459786,0.6884121611,19.05192232,20.13261134,19.09297725,0,1,1,0,0.01,19.12459786,1,0.0225,19.12459786,0,1.2,19.12459786
46.83,19.13142203,0.6829593489,19.15737122,20.05113112,18.97019878,0,1,1,0,0.01,19.13142203,1,0.0225,19.13142203,0,1.2,19.13142203
46.84,19.1381428,0.6893945003,19.20706595,20.16316455,18.7503672,0,1,1,0,0.01,19.1381428,1,0.0225,19.1381428,0,1.2,19.1381428
46.85,19.14494294,0.6552620408,19.24879599,19.95502916,18.4091151,0,1,1,0,0.01,19.14494294,1,0.0225,19.14494294,0,1.2,19.14494294
46.86,19.15163594,0.6809425289,19.34999944,20.23047468,21.45014711,0,1,1,0,0.01,19.15163594,1,0.0225,19.15163594,0,1.2,19.15163594
46.87,19.1583921,0.6692326837,19.16921957,20.06932899,20.49473304,0,1,1,0,0.01,19.1583921,1,0.0225,19.1583921,0,1.2,19.1583921
46.88,19.1649886,0.6373569411,19.19714017,20.17561937,19.4196239,0,1,1,0,0.01,19.1649886,1,0.0225,19.1649886,0,1.2,19.1649886
46.89,19.1714592,0.6625572975,19.15967629,20.32745553,17.00388304,0,1,1,0,0.01,19.1714592,1,0.0225,19.1714592,0,1.2,19.1714592
46.9,19.17796628,0.6555058624,19.10827427,20.25068691,19.13565216,0,1,1,0,0.01,19.17796628,1,0.0225,19.17796628,0,1.2,19.17796628
46.91,19.18442488,0.6408271581,19.03479752,19.96801071,18.57725221,0,1,1,0,0.01,19.18442488,1,0.0225,19.18442488,0,1.2,19.18442488
46.92,19.19076841,0.6378370128,19.24338523,20.14760748,19.111183,0,1,1,0,0.01,19.19076841,1,0.0225,19.19076841,0,1.2,19.19076841
46.93,19.19713032,0.6286835601,19.04749568,20.06449104,18.09531707,0,1,1,0,0.01,19.19713032,1,0.0225,19.19713032,0,1.2,19.19713032
46.94,19.20353416,0.6532152479,19.31147342,20.15131942,21.99650598,0,1,1,0,0.01,19.20353416,1,0.0225,19.20353416,0,1.2,19.20353416
46.95,19.21017123,0.6798929292,19.47582686,20.29834585,18.4248393,0,1,1,0,0.01,19.21017123,1,0.0225,19.21017123,0,1.2,19.21017123
46.96,19.21709564,0.684837249,19.27935928,20.07924243,19.17763283,0,1,1,0,0.01,19.21709564,1,0.0225,19.21709564,0,1.2,19.21709564
46.97,19.2239696,0.6762492349,19.20739796,20.47563113,21.38730214,0,1,1,0,0.01,19.2239696,1,0.0225,19.2239696,0,1.2,19.2239696
46.98,19.23050986,0.6399369632,19.35276345,20.14108111,17.8925345,0,1,1,0,0.01,19.23050986,1,0.0225,19.23050986,0,1.2,19.23050986
46.99,19.23701638,0.6637526895,19.18634741,20.08038014,20.41962496,0,1,1,0,0.01,19.23701638,1,0.0225,19.23701638,0,1.2,19.23701638
47,19.24340097,0.6352009078,19.16248266,20.33287425,20.15186994,0,1,1,0,0.01,19.24340097,1,0.0225,19.24340097,0,1.2,19.24340097
47.01,19.2499392,0.672502492,19.32935653,20.55420065,20.48493616,0,1,1,0,0.01,19.2499392,1,0.0225,19.2499392,0,1.2,19.2499392
47.02,19.25653638,0.657745191,19.29149448,20.41212174,18.21344681,0,1,1,0,0.01,19.25653638,1,0.0225,19.25653638,0,1.2,19.25653638
47.03,19.26308218,0.6465134598,19.20025358,20.21847924,18.54204105,0,1,1,0,0.01,19.26308218,1,0.0225,19.26308218,0,1.2,19.26308218
47.04,19.26937627,0.6188537922,19.27938369,20.2664809,20.38124704,0,1,1,0,0.01,19.26937627,1,0.0225,19.26937627,0,1.2,19.26937627
47.05,19.27551658,0.604425916,19.33916108,20.32849876,19.01426958,0,1,1,0,0.01,19.27551658,1,0.0225,19.27551658,0,1.2,19.27551658
47.06,19.28137236,0.5788628287,19.29365406,20.05011981,20.29962797,0,1,1,0,0.01,19.28137236,1,0.0225,19.28137236,0,1.2,19.28137236
47.07,19.28724319,0.594904642,19.34979268,20.40095904,18.92425542,0,1,1,0,0.01,19.28724319,1,0.0225,19.28724319,0,1.2,19.28724319
47.08,19.29307193,0.5591332551,19.19849544,20.33542234,20.27689354,0,1,1,0,0.01,19.29307193,1,0.0225,19.29307193,0,1.2,19.29307193
47.09,19.2986939,0.5671409257,19.36800635,20.36813434,19.95022411,0,1,1,0,0.01,19.2986939,1,0.0225,19.2986939,0,1.2,19.2986939
47.1,19.30428061,0.5671190452,19.29615595,20.44812821,17.57036346,0,1,1,0,0.01,19.30428061,1,0.0225,19.30428061,0,1.2,19.30428061
47.11,19.30981983,0.5210913365,19.27100218,20.25168111,18.04192188,0,1,1,0,0.01,19.30981983,1,0.0225,19.30981983,0,1.2,19.30981983
47.12,19.31495216,0.499385358,19.29613538,20.3483861,17.844776,0,1,1,0,0.01,19.31495216,1,0.0225,19.31495216,0,1.2,19.31495216
47.13,19.32002432,0.5289832052,19.39642966,20.46398102,19.5164754,0,1,1,0,0.01,19.32002432,1,0.0225,19.32002432,0,1.2,19.32002432
47.14,19.3252275,0.5336657036,19.26206985,20.34466335,20.67199164,0,1,1,0,0.01,19.3252275,1,0.0225,19.3252275,0,1.2,19.3252275
47.15,19.33047674,0.5201095292,19.2976606,20.41565701,20.02151859,0,1,1,0,0.01,19.33047674,1,0.0225,19.33047674,0,1.2,19.33047674
47.16,19.3354946,0.4676740659,19.38284286,20.37332706,19.86770526,0,1,1,0,0.01,19.3354946,1,0.0225,19.3354946,0,1.2,19.3354946
47.17,19.34017814,0.4823954341,19.37647125,20.51387345,20.70223853,0,1,1,0,0.01,19.34017814,1,0.0225,19.34017814,0,1.2,19.34017814
47.18,19.34515154,0.5012387157,19.35122433,20.34003983,19.65958009,0,1,1,0,0.01,19.34515154,1,0.0225,19.34515154,0,1.2,19.34515154
47.19,19.35027982,0.5232717172,19.44262021,20.38946672,19.19009919,0,1,1,0,0.01,19.35027982,1,0.0225,19.35027982,0,1.2,19.35027982
47.2,19.35548258,0.5382959121,19.51011864,20.28073011,19.2706032,0,1,1,0,0.01,19.35548258,1,0.0225,19.35548258,0,1.2,19.35548258
47.21,19.36093008,0.5640948102,19.35439748,20.3074303,20.41657424,0,1,1,0,0.01,19.36093008,1,0.0225,19.36093008,0,1.2,19.36093008
47.22,19.36662557,0.5759568311,19.38539347,20.32309364,17.35346694,0,1,1,0,0.01,19.36662557,1,0.0225,19.36662557,0,1.2,19.36662557
47.23,19.37240872,0.5750341757,19.55548604,20.37272159,19.82033476,0,1,1,0,0.01,19.37240872,1,0.0225,19.37240872,0,1.2,19.37240872
47.24,19.37829228,0.600309381,19.48108224,20.59119538,19.66686399,0,1,1,0,0.01,19.37829228,1,0.0225,19.37829228,0,1.2,19.37829228
47.25,19.384349,0.6005114806,19.46175348,20.43173965,19.49920104,0,1,1,0,0.01,19.384349,1,0.0225,19.384349,0,1.2,19.384349
47.26,19.39049713,0.6184021334,19.47984344,20.21810805,19.22199518,0,1,1,0,0.01,19.39049713,1,0.0225,19.39049713,0,1.2,19.39049713
47.27,19.39674904,0.6406806622,19.40013002,20.35313065,17.32640359,0,1,1,0,0.01,19.39674904,1,0.0225,19.39674904,0,1.2,19.39674904
47.28,19.4033855,0.6863930567,19.42758692,20.33879935,18.31892576,0,1,1,0,0.01,19.4033855,1,0.0225,19.4033855,0,1.2,19.4033855
47.29,19.41015944,0.6814379022,19.42900451,20.23260633,20.15303225,0,1,1,0,0.01,19.41015944,1,0.0225,19.41015944,0,1.2,19.41015944
47.3,19.41701347,0.6955737147,19.4165011,20.54725407,19.06266364,0,1,1,0,0.01,19.41701347,1,0.0225,19.41701347,0,1.2,19.41701347
47.31,19.42393415,0.6924681704,19.49940581,20.45900832,19.59624652,0,1,1,0,0.01,19.42393415,1,0.0225,19.42393415,0,1.2,19.42393415
47.32,19.43106635,0.7284749709,19.37647279,20.75285733,19.41494068,0,1,1,0,0.01,19.43106635,1,0.0225,19.43106635,0,1.2,19.43106635
47.33,19.43844318,0.766331773,19.4455693,20.62324337,19.70986237,0,1,1,0,0.01,19.43844318,1,0.0225,19.43844318,0,1.2,19.43844318
47.34,19.44601259,0.7617564895,19.39509059,20.19685791,17.99162248,0,1,1,0,0.01,19.44601259,1,0.0225,19.44601259,0,1.2,19.44601259
47.35,19.45349746,0.7389617873,19.37210387,20.59132566,18.784652,0,1,1,0,0.01,19.45349746,1,0.0225,19.45349746,0,1.2,19.45349746
47.36,19.46104577,0.7638860779,19.56023166,20.50281988,17.81843831,0,1,1,0,0.01,19.46104577,1,0.0225,19.46104577,0,1.2,19.46104577
47.37,19.46863566,0.7653639407,19.63481041,20.46495918,20.08813058,0,1,1,0,0.01,19.46863566,1,0.0225,19.46863566,0,1.2,19.46863566
47.38,19.47619448,0.7459039493,19.40595072,20.55867828,19.77954348,0,1,1,0,0.01,19.47619448,1,0.0225,19.47619448,0,1.2,19.47619448
47.39,19.48342738,0.7199528246,19.54353064,20.44115487,18.71431547,0,1,1,0,0.01,19.48342738,1,0.0225,19.48342738,0,1.2,19.48342738
47.4,19.4906216,0.7284856614,19.62820501,20.31097507,19.97354921,0,1,1,0,0.01,19.4906216,1,0.0225,19.4906216,0,1.2,19.4906216
47.41,19.49768927,0.7198893491,19.67318099,20.40426779,19.61177874,0,1,1,0,0.01,19.49768927,1,0.0225,19.49768927,0,1.2,19.49768927
47.42,19.50480685,0.7022578511,19.44827063,20.45753828,19.82793456,0,1,1,0,0.01,19.50480685,1,0.0225,19.50480685,0,1.2,19.50480685
47.43,19.51194071,0.6960855212,19.66839332,20.88775301,18.50660152,0,1,1,0,0.01,19.51194071,1,0.0225,19.51194071,0,1.2,19.51194071
47.44,19.51891078,0.69372389,19.41391973,20.48311749,19.60752222,0,1,1,0,0.01,19.51891078,1,0.0225,19.51891078,0,1.2,19.51891078
47.45,19.52568613,0.6623725102,19.4122166,20.24440542,20.37063291,0,1,1,0,0.01,19.52568613,1,0.0225,19.52568613,0,1.2,19.52568613
47.46,19.5322845,0.6617997976,19.40503994,20.77595837,20.42288706,0,1,1,0,0.01,19.5322845,1,0.0225,19.5322845,0,1.2,19.5322845
47.47,19.53881367,0.6426961979,19.58212563,20.58855774,21.26352114,0,1,1,0,0.01,19.53881367,1,0.0225,19.53881367,0,1.2,19.53881367
47.48,19.54530011,0.6494349631,19.5961258,20.3731518,17.45795168,0,1,1,0,0.01,19.54530011,1,0.0225,19.54530011,0,1.2,19.54530011
47.49,19.55179938,0.6315763531,19.59809286,20.44374535,18.00930588,0,1,1,0,0.01,19.55179938,1,0.0225,19.55179938,0,1.2,19.55179938
47.5,19.55801382,0.6230654847,19.48205332,20.39080259,18.40777506,0,1,1,0,0.01,19.55801382,1,0.0225,19.55801382,0,1.2,19.55801382
47.51,19.5641722,0.6112943325,19.55985243,20.54448882,19.71863475,0,1,1,0,0.01,19.5641722,1,0.0225,19.5641722,0,1.2,19.5641722
47.52,19.57032836,0.595508824,19.67802355,20.40256367,19.65875781,0,1,1,0,0.01,19.57032836,1,0.0225,19.57032836,0,1.2,19.57032836
47.53,19.5761497,0.5790337266,19.52733448,20.53981883,18.57853208,0,1,1,0,0.01,19.5761497,1,0.0225,19.5761497,0,1.2,19.5761497
47.54,19.58179605,0.5667587271,19.51891645,20.5620701,20.83989721,0,1,1,0,0.01,19.58179605,1,0.0225,19.58179605,0,1.2,19.58179605
47.55,19.58732734,0.5654218533,19.59596986,20.69985273,17.95208664,0,1,1,0,0.01,19.58732734,1,0.0225,19.58732734,0,1.2,19.58732734
47.56,19.59312823,0.5888584375,19.67405943,20.50287927,20.507598,0,1,1,0,0.01,19.59312823,1,0.0225,19.59312823,0,1.2,19.59312823
47.57,19.59910808,0.6020231319,19.6061912,20.64188445,21.16433149,0,1,1,0,0.01,19.59910808,1,0.0225,19.59910808,0,1.2,19.59910808
47.58,19.60507437,0.6070471967,19.68506225,20.43614358,19.20811845,0,1,1,0,0.01,19.60507437,1,0.0225,19.60507437,0,1.2,19.60507437
47.59,19.61117833,0.6306870409,19.40503446,20.81567268,18.56485804,0,1,1,0,0.01,19.61117833,1,0.0225,19.61117833,0,1.2,19.61117833
47.6,19.61751975,0.6546480659,19.72937657,20.63948177,19.06156062,0,1,1,0,0.01,19.61751975,1,0.0225,19.61751975,0,1.2,19.61751975
47.61,19.6241013,0.6735579904,19.54912477,20.59915232,19.92328313,0,1,1,0,0.01,19.6241013,1,0.0225,19.6241013,0,1.2,19.6241013
47.62,19.63066593,0.6545681077,19.5180125,20.58153472,21.40571912,0,1,1,0,0.01,19.63066593,1,0.0225,19.63066593,0,1.2,19.63066593
47.63,19.63714215,0.6515261416,19.58498757,20.48740345,18.96335009,0,1,1,0,0.01,19.63714215,1,0.0225,19.63714215,0,1.2,19.63714215
47.64,19.6435434,0.6324211553,19.57706087,20.53931786,18.89649597,0,1,1,0,0.01,19.6435434,1,0.0225,19.6435434,0,1.2,19.6435434
47.65,19.64997492,0.6592638179,19.68612109,20.62585908,19.92244118,0,1,1,0,0.01,19.64997492,1,0.0225,19.64997492,0,1.2,19.64997492
47.66,19.65677775,0.6802235348,19.56370666,20.98402336,18.59421617,0,1,1,0,0.01,19.65677775,1,0.0225,19.65677775,0,1.2,19.65677775
47.67,19.66385493,0.7166269816,19.54085814,20.5803688,18.61399275,0,1,1,0,0.01,19.66385493,1,0.0225,19.66385493,0,1.2,19.66385493
47.68,19.67110628,0.7182482716,19.54307815,20.69752601,18.70367972,0,1,1,0,0.01,19.67110628,1,0.0225,19.67110628,0,1.2,19.67110628
47.69,19.67818161,0.7257815047,19.54139715,20.71406347,20.68672791,0,1,1,0,0.01,19.67818161,1,0.0225,19.67818161,0,1.2,19.67818161
47.7,19.68523301,0.6869982444,19.40514447,20.74222367,18.43251915,0,1,1,0,0.01,19.68523301,1,0.0225,19.68523301,0,1.2,19.68523301
47.71,19.69211162,0.6782846192,19.81628256,20.94645719,21.25527717,0,1,1,0,0.01,19.69211162,1,0.0225,19.69211162,0,1.2,19.69211162
47.72,19.69893939,0.6869754136,19.57293428,20.6037353,20.62229197,0,1,1,0,0.01,19.69893939,1,0.0225,19.69893939,0,1.2,19.69893939
47.73,19.70586252,0.705930157,19.63357206,20.84157829,19.75728024,0,1,1,0,0.01,19.70586252,1,0.0225,19.70586252,0,1.2,19.70586252
47.74,19.71315972,0.7246088595,19.81522656,20.79823962,18.95465736,0,1,1,0,0.01,19.71315972,1,0.0225,19.71315972,0,1.2,19.71315972
47.75,19.72008767,0.650771002,19.8547069,20.91622807,19.13328693,0,1,1,0,0.01,19.72008767,1,0.0225,19.72008767,0,1.2,19.72008767
47.76,19.72658989,0.6348872608,19.82387241,20.68396216,20.75314331,0,1,1,0,0.01,19.72658989,1,0.0225,19.72658989,0,1.2,19.72658989
47.77,19.73288902,0.6340152293,19.84147717,20.76918458,20.05026476,0,1,1,0,0.01,19.73288902,1,0.0225,19.73288902,0,1.2,19.73288902
47.78,19.73918444,0.6199864197,19.5846998,21.1328263,19.38583341,0,1,1,0,0.01,19.73918444,1,0.0225,19.73918444,0,1.2,19.73918444
47.79,19.74536972,0.6176940062,19.65646668,20.69004032,18.60060888,0,1,1,0,0.01,19.74536972,1,0.0225,19.74536972,0,1.2,19.74536972
47.8,19.7512684,0.5706853088,19.65739345,20.64215064,22.13879249,0,1,1,0,0.01,19.7512684,1,0.0225,19.7512684,0,1.2,19.7512684
47.81,19.75697553,0.56788375,19.60176425,21.03720046,19.86400282,0,1,1,0,0.01,19.75697553,1,0.0225,19.75697553,0,1.2,19.75697553
47.82,19.76246617,0.5603031009,19.9249948,20.4787427,21.42630392,0,1,1,0,0.01,19.76246617,1,0.0225,19.76246617,0,1.2,19.76246617
47.83,19.76812899,0.5747159235,19.7254133,20.67990113,18.89087178,0,1,1,0,0.01,19.76812899,1,0.0225,19.76812899,0,1.2,19.76812899
47.84,19.7739728,0.5983607977,19.69213365,20.57980124,20.44924417,0,1,1,0,0.01,19.7739728,1,0.0225,19.7739728,0,1.2,19.7739728
47.85,19.77989959,0.5889765733,19.73668271,20.93471327,19.82054235,0,1,1,0,0.01,19.77989959,1,0.0225,19.77989959,0,1.2,19.77989959
47.86,19.78574973,0.5650669093,19.76965706,20.50220868,18.69552013,0,1,1,0,0.01,19.78574973,1,0.0225,19.78574973,0,1.2,19.78574973
47.87,19.79123752,0.5605069819,19.64161895,20.98410632,19.46434906,0,1,1,0,0.01,19.79123752,1,0.0225,19.79123752,0,1.2,19.79123752
47.88,19.79673272,0.5352464307,19.65803249,20.85143147,18.68709813,0,1,1,0,0.01,19.79673272,1,0.0225,19.79673272,0,1.2,19.79673272
47.89,19.80210181,0.5538356102,19.82230974,20.92345365,18.5805996,0,1,1,0,0.01,19.80210181,1,0.0225,19.80210181,0,1.2,19.80210181
47.9,19.80756839,0.5266826248,19.75220193,20.91043742,19.76223506,0,1,1,0,0.01,19.80756839,1,0.0225,19.80756839,0,1.2,19.80756839
47.91,19.81272546,0.5020514785,19.72463958,20.92839147,20.24187146,0,1,1,0,0.01,19.81272546,1,0.0225,19.81272546,0,1.2,19.81272546
47.92,19.8173964,0.4464605733,19.97770299,20.95473424,19.42608798,0,1,1,0,0.01,19.8173964,1,0.0225,19.8173964,0,1.2,19.8173964
47.93,19.82179861,0.4327297274,19.61738657,20.75343571,21.20215894,0,1,1,0,0.01,19.82179861,1,0.0225,19.82179861,0,1.2,19.82179861
47.94,19.8260009,0.4141036423,19.74106713,20.83914076,18.32665026,0,1,1,0,0.01,19.8260009,1,0.0225,19.8260009,0,1.2,19.8260009
47.95,19.83000864,0.3920432599,19.86318232,20.85701191,17.89701545,0,1,1,0,0.01,19.83000864,1,0.0225,19.83000864,0,1.2,19.83000864
47.96,19.83398058,0.3960931755,19.59478051,20.82709988,18.81346058,0,1,1,0,0.01,19.83398058,1,0.0225,19.83398058,0,1.2,19.83398058
47.97,19.83781716,0.3709929651,19.85552073,20.80192739,19.17672985,0,1,1,0,0.01,19.83781716,1,0.0225,19.83781716,0,1.2,19.83781716
47.98,19.84133644,0.3236419075,19.85094824,21.00212956,19.86907258,0,1,1,0,0.01,19.84133644,1,0.0225,19.84133644,0,1.2,19.84133644
47.99,19.8445514,0.3166275806,19.80863698,20.76551999,19.32680097,0,1,1,0,0.01,19.8445514,1,0.0225,19.8445514,0,1.2,19.8445514
48,19.84754241,0.2802814891,19.70739602,20.65085867,18.57087302,0,1,1,0,0.01,19.84754241,1,0.0225,19.84754241,0,1.2,19.84754241
48.01,19.85044706,0.2934568008,19.82618306,20.74195045,18.96800222,0,1,1,0,0.01,19.85044706,1,0.0225,19.85044706,0,1.2,19.85044706
48.02,19.85334354,0.2712435559,19.66432173,20.67440609,20.24147469,0,1,1,0,0.01,19.85334354,1,0.0225,19.85334354,0,1.2,19.85334354
48.03,19.85616965,0.3018185952,19.86605082,20.76656598,19.45595503,0,1,1,0,0.01,19.85616965,1,0.0225,19.85616965,0,1.2,19.85616965
48.04,19.85922742,0.3067854098,19.91059244,21.08041158,21.94615725,0,1,1,0,0.01,19.85922742,1,0.0225,19.85922742,0,1.2,19.85922742
48.05,19.86237002,0.3142532354,19.75564452,20.50666262,19.2231818,0,1,1,0,0.01,19.86237002,1,0.0225,19.86237002,0,1.2,19.86237002
48.06,19.86539347,0.2929752477,19.77665717,20.93290849,19.10859144,0,1,1,0,0.01,19.86539347,1,0.0225,19.86539347,0,1.2,19.86539347
48.07,19.86851554,0.3240638346,19.8372109,20.93922425,19.46715966,0,1,1,0,0.01,19.86851554,1,0.0225,19.86851554,0,1.2,19.86851554
48.08,19.87161362,0.2612980472,19.73521175,20.98684387,19.08003953,0,1,1,0,0.01,19.87161362,1,0.0225,19.87161362,0,1.2,19.87161362
48.09,19.8742394,0.2691433986,19.958477,20.87708848,17.00665096,0,1,1,0,0.01,19.8742394,1,0.0225,19.8742394,0,1.2,19.8742394
48.1,19.87691693,0.2881079766,19.69573428,20.94929319,19.84334397,0,1,1,0,0.01,19.87691693,1,0.0225,19.87691693,0,1.2,19.87691693
48.11,19.88001795,0.3195279389,19.84785472,20.62054117,17.64207039,0,1,1,0,0.01,19.88001795,1,0.0225,19.88001795,0,1.2,19.88001795
48.12,19.88315805,0.310541421,20.04736317,20.68948258,20.07191122,0,1,1,0,0.01,19.88315805,1,0.0225,19.88315805,0,1.2,19.88315805
48.13,19.88619229,0.2970621911,19.67471793,20.75255558,21.78579354,0,1,1,0,0.01,19.88619229,1,0.0225,19.88619229,0,1.2,19.88619229
48.14,19.88935726,0.3399292427,19.79691619,20.87467493,18.87815845,0,1,1,0,0.01,19.88935726,1,0.0225,19.88935726,0,1.2,19.88935726
48.15,19.89276328,0.3305850933,19.79895473,20.83601303,19.60098756,0,1,1,0,0.01,19.89276328,1,0.0225,19.89276328,0,1.2,19.89276328
48.16,19.89607724,0.3349833282,19.93380947,21.11528221,19.05108274,0,1,1,0,0.01,19.89607724,1,0.0225,19.89607724,0,1.2,19.89607724
48.17,19.89939988,0.3176583956,19.8584628,20.91868756,19.75557092,0,1,1,0,0.01,19.89939988,1,0.0225,19.89939988,0,1.2,19.89939988
48.18,19.90251198,0.2976151027,19.87865413,20.98699707,21.04984163,0,1,1,0,0.01,19.90251198,1,0.0225,19.90251198,0,1.2,19.90251198
48.19,19.90549472,0.2666163571,19.88695472,20.87075788,19.96606717,0,1,1,0,0.01,19.90549472,1,0.0225,19.90549472,0,1.2,19.90549472
48.2,19.90809678,0.2464300825,19.96959256,20.82995317,19.57557844,0,1,1,0,0.01,19.90809678,1,0.0225,19.90809678,0,1.2,19.90809678
48.21,19.91055323,0.2459697981,19.9915392,20.65297454,20.11324912,0,1,1,0,0.01,19.91055323,1,0.0225,19.91055323,0,1.2,19.91055323
48.22,19.91291538,0.2265978175,19.95422177,20.77797245,21.14073463,0,1,1,0,0.01,19.91291538,1,0.0225,19.91291538,0,1.2,19.91291538
48.23,19.9152295,0.233350246,19.97868363,20.93887212,20.71049127,0,1,1,0,0.01,19.9152295,1,0.0225,19.9152295,0,1.2,19.9152295
48.24,19.91772459,0.2605962272,19.84994475,20.94809658,21.03480836,0,1,1,0,0.01,19.91772459,1,0.0225,19.91772459,0,1.2,19.91772459
48.25,19.91996483,0.2270831979,20.03346471,20.82725976,19.80133481,0,1,1,0,0.01,19.91996483,1,0.0225,19.91996483,0,1.2,19.91996483
48.26,19.92236908,0.2456969397,19.9224611,20.80790565,19.69494853,0,1,1,0,0.01,19.92236908,1,0.0225,19.92236908,0,1.2,19.92236908
48.27,19.92472802,0.2147395361,19.85422924,20.80706627,19.68153226,0,1,1,0,0.01,19.92472802,1,0.0225,19.92472802,0,1.2,19.92472802
48.28,19.92677318,0.19027124,19.83816836,20.84409148,20.45784691,0,1,1,0,0.01,19.92677318,1,0.0225,19.92677318,0,1.2,19.92677318
48.29,19.92854901,0.1549451404,20.01139137,20.9094963,20.79570661,0,1,1,0,0.01,19.92854901,1,0.0225,19.92854901,0,1.2,19.92854901
48.3,19.93011933,0.1798943009,19.92765459,20.96723189,20.73576529,0,1,1,0,0.01,19.93011933,1,0.0225,19.93011933,0,1.2,19.93011933
48.31,19.93184715,0.1742541072,20.08646266,20.59570789,21.41728383,0,1,1,0,0.01,19.93184715,1,0.0225,19.93184715,0,1.2,19.93184715
48.32,19.93362693,0.190123287,19.93776629,20.92221758,19.74686187,0,1,1,0,0.01,19.93362693,1,0.0225,19.93362693,0,1.2,19.93362693
48.33,19.93558035,0.1874868931,19.82571292,20.98025492,21.40684842,0,1,1,0,0.01,19.93558035,1,0.0225,19.93558035,0,1.2,19.93558035
48.34,19.93741753,0.1731750153,20.01499654,21.03721,21.69225138,0,1,1,0,0.01,19.93741753,1,0.0225,19.93741753,0,1.2,19.93741753
48.35,19.93922443,0.1772989198,20.00251319,20.98250408,18.48436197,0,1,1,0,0.01,19.93922443,1,0.0225,19.93922443,0,1.2,19.93922443
48.36,19.94105012,0.1759240966,20.12451474,20.63240832,19.38553904,0,1,1,0,0.01,19.94105012,1,0.0225,19.94105012,0,1.2,19.94105012
48.37,19.94305592,0.2324695978,19.91289477,20.99723546,20.88032157,0,1,1,0,0.01,19.94305592,1,0.0225,19.94305592,0,1.2,19.94305592
48.38,19.94522187,0.2097608128,19.91728404,21.02836244,19.93596047,0,1,1,0,0.01,19.94522187,1,0.0225,19.94522187,0,1.2,19.94522187
48.39,19.94731099,0.2106643649,19.80724967,20.869568,19.26612303,0,1,1,0,0.01,19.94731099,1,0.0225,19.94731099,0,1.2,19.94731099
48.4,19.94949402,0.2139742841,19.97727632,21.05141604,20.21800121,0,1,1,0,0.01,19.94949402,1,0.0225,19.94949402,0,1.2,19.94949402
48.41,19.95171176,0.2211073134,19.97649916,21.17507124,19.55057404,0,1,1,0,0.01,19.95171176,1,0.0225,19.95171176,0,1.2,19.95171176
48.42,19.95391434,0.2284128599,19.90984194,20.98804956,21.21060019,0,1,1,0,0.01,19.95391434,1,0.0225,19.95391434,0,1.2,19.95391434
48.43,19.95619277,0.2131175384,19.88837407,20.90343368,19.75914935,0,1,1,0,0.01,19.95619277,1,0.0225,19.95619277,0,1.2,19.95619277
48.44,19.95836658,0.2029823309,20.09145692,20.71632143,19.6178278,0,1,1,0,0.01,19.95836658,1,0.0225,19.95836658,0,1.2,19.95836658
48.45,19.96041791,0.2131581795,19.85918712,20.96150066,20.58913451,0,1,1,0,0.01,19.96041791,1,0.0225,19.96041791,0,1.2,19.96041791
48.46,19.96258508,0.2323957237,19.90794407,20.98574576,19.04787468,0,1,1,0,0.01,19.96258508,1,0.0225,19.96258508,0,1.2,19.96258508
48.47,19.96484294,0.201293948,19.70531406,20.79406565,20.34014309,0,1,1,0,0.01,19.96484294,1,0.0225,19.96484294,0,1.2,19.96484294
48.48,19.96695481,0.218945582,20.05846463,20.81049129,19.52985202,0,1,1,0,0.01,19.96695481,1,0.0225,19.96695481,0,1.2,19.96695481
48.49,19.96909073,0.2357490007,19.80799668,20.96078553,19.52784231,0,1,1,0,0.01,19.96909073,1,0.0225,19.96909073,0,1.2,19.96909073
48.5,19.97152241,0.2516662019,20.05869841,20.97036289,19.44585896,0,1,1,0,0.01,19.97152241,1,0.0225,19.97152241,0,1.2,19.97152241
48.51,19.97406593,0.2666798087,19.94919508,21.01081245,20.49913444,0,1,1,0,0.01,19.97406593,1,0.0225,19.97406593,0,1.2,19.97406593
48.52,19.97667909,0.2358484614,20.06792878,20.87601089,18.28908717,0,1,1,0,0.01,19.97667909,1,0.0225,19.97667909,0,1.2,19.97667909
48.53,19.97903857,0.2319021305,19.84801522,20.81405875,21.02770033,0,1,1,0,0.01,19.97903857,1,0.0225,19.97903857,0,1.2,19.97903857
48.54,19.98125641,0.2157807707,20.04966554,20.97642725,19.43001218,0,1,1,0,0.01,19.98125641,1,0.0225,19.98125641,0,1.2,19.98125641
48.55,19.98347061,0.2197958923,20.021989,20.8898248,20.82863618,0,1,1,0,0.01,19.98347061,1,0.0225,19.98347061,0,1.2,19.98347061
48.56,19.98580918,0.2434521574,19.79797688,21.03518717,19.21984968,0,1,1,0,0.01,19.98580918,1,0.0225,19.98580918,0,1.2,19.98580918
48.57,19.98822582,0.2228217565,19.97473808,20.83867254,19.70320105,0,1,1,0,0.01,19.98822582,1,0.0225,19.98822582,0,1.2,19.98822582
48.58,19.99042702,0.2240880714,19.90821592,20.94850645,19.15355259,0,1,1,0,0.01,19.99042702,1,0.0225,19.99042702,0,1.2,19.99042702
48.59,19.99266079,0.223347629,20.07382155,21.0917882,18.98828141,0,1,1,0,0.01,19.99266079,1,0.0225,19.99266079,0,1.2,19.99266079
48.6,19.99468834,0.1864677279,20.02800357,21.17893562,19.43297209,0,1,1,0,0.01,19.99468834,1,0.0225,19.99468834,0,1.2,19.99468834
48.61,19.99652028,0.1753994146,20.06759847,20.7443216,20.1811344,0,1,1,0,0.01,19.99652028,1,0.0225,19.99652028,0,1.2,19.99652028
48.62,19.99816457,0.1673684643,19.97845234,21.05454854,18.14509484,0,1,1,0,0.01,19.99816457,1,0.0225,19.99816457,0,1.2,19.99816457
48.63,19.99980476,0.1378729966,20.0629837,20.97596137,20.4476794,0,1,1,0,0.01,19.99980476,1,0.0225,19.99980476,0,1.2,19.99980476
48.64,20.00101266,0.1069785681,19.97986512,20.69698049,21.24903406,0,1,1,0,0.01,20.00101266,1,0.0225,20.00101266,0,1.2,20.00101266
48.65,20.00222898,0.1276650135,20.02190567,20.84380635,20.52939267,0,1,1,0,0.01,20.00222898,1,0.0225,20.00222898,0,1.2,20.00222898
48.66,20.00357422,0.1332013735,20.01422913,20.93022245,21.52307829,0,1,1,0,0.01,20.00357422,1,0.0225,20.00357422,0,1.2,20.00357422
48.67,20.00479797,0.1242609922,19.93480389,20.94771711,20.14974979,0,1,1,0,0.01,20.00479797,1,0.0225,20.00479797,0,1.2,20.00479797
48.68,20.00600945,0.1183618667,19.97815308,21.18238225,21.02330921,0,1,1,0,0.01,20.00600945,1,0.0225,20.00600945,0,1.2,20.00600945
48.69,20.00723555,0.123810392,19.95502265,21.14365262,19.99379207,0,1,1,0,0.01,20.00723555,1,0.0225,20.00723555,0,1.2,20.00723555
48.7,20.00830302,0.0998361315,19.99652446,21.00855133,20.07688599,0,1,1,0,0.01,20.00830302,1,0.0225,20.00830302,0,1.2,20.00830302
48.71,20.00914986,0.08252542507,19.97342669,21.0756522,20.8660812,0,1,1,0,0.01,20.00914986,1,0.0225,20.00914986,0,1.2,20.00914986
48.72,20.01000752,0.07778139179,19.95691403,20.97205701,18.51311287,0,1,1,0,0.01,20.01000752,1,0.0225,20.01000752,0,1.2,20.01000752
48.73,20.01089271,0.08780000115,19.90145644,20.71384877,20.79647836,0,1,1,0,0.01,20.01089271,1,0.0225,20.01089271,0,1.2,20.01089271
48.74,20.01175121,0.08826597816,20.05370429,21.07402024,19.13910027,0,1,1,0,0.01,20.01175121,1,0.0225,20.01175121,0,1.2,20.01175121
48.75,20.01269473,0.08464606331,20.02195402,20.96834908,16.81647379,0,1,1,0,0.01,20.01269473,1,0.0225,20.01269473,0,1.2,20.01269473
48.76,20.01338907,0.05063476038,20.1641269,21.20021098,19.51206013,0,1,1,0,0.01,20.01338907,1,0.0225,20.01338907,0,1.2,20.01338907
48.77,20.01402759,0.06344700243,20.08322865,21.22697453,18.04049991,0,1,1,0,0.01,20.01402759,1,0.0225,20.01402759,0,1.2,20.01402759
48.78,20.01462781,0.06368985929,20.126112,21.16265819,20.19413489,0,1,1,0,0.01,20.01462781,1,0.0225,20.01462781,0,1.2,20.01462781
48.79,20.01514239,0.05256094622,20.05838545,21.27983794,21.78162329,0,1,1,0,0.01,20.01514239,1,0.0225,20.01514239,0,1.2,20.01514239
48.8,20.01561113,0.03465129618,20.07150209,21.05619704,20.39420648,0,1,1,0,0.01,20.01561113,1,0.0225,20.01561113,0,1.2,20.01561113
48.81,20.01597934,0.03428633537,19.98785777,21.19500029,21.26003991,0,1,1,0,0.01,20.01597934,1,0.0225,20.01597934,0,1.2,20.01597934
48.82,20.01623513,0.02565338521,20.03998354,21.14271906,20.37466379,0,1,1,0,0.01,20.01623513,1,0.0225,20.01623513,0,1.2,20.01623513
48.83,20.01642564,0.002551685596,20.03360379,21.12470637,19.49320444,0,1,1,0,0.01,20.01642564,1,0.0225,20.01642564,0,1.2,20.01642564
48.84,20.01663814,0.02354183925,19.95249453,20.88200055,18.7921581,0,1,1,0,0.01,20.01663814,1,0.0225,20.01663814,0,1.2,20.01663814
48.85,20.01672825,0.008672002725,19.91220235,21.23478219,20.94503762,0,1,1,0,0.01,20.01672825,1,0.0225,20.01672825,0,1.2,20.01672825
48.86,20.01695417,0.0481239169,20.01163049,21.08306647,20.51853254,0,1,1,0,0.01,20.01695417,1,0.0225,20.01695417,0,1.2,20.01695417
48.87,20.01735185,0.03678528925,19.82657656,21.05923103,20.85335523,0,1,1,0,0.01,20.01735185,1,0.0225,20.01735185,0,1.2,20.01735185
48.88,20.01777583,0.05373428936,19.92337145,21.01450313,21.64847748,0,1,1,0,0.01,20.01777583,1,0.0225,20.01777583,0,1.2,20.01777583
48.89,20.0181411,0.04170859254,19.91992447,20.63531387,19.21000808,0,1,1,0,0.01,20.0181411,1,0.0225,20.0181411,0,1.2,20.0181411
48.9,20.01850455,0.01592091939,19.97584415,21.09241126,22.10277755,0,1,1,0,0.01,20.01850455,1,0.0225,20.01850455,0,1.2,20.01850455
48.91,20.01901436,0.07649449739,19.97330996,20.69046485,17.95643468,0,1,1,0,0.01,20.01901436,1,0.0225,20.01901436,0,1.2,20.01901436
48.92,20.01975946,0.08495092391,20.13903208,20.888497,19.97448033,0,1,1,0,0.01,20.01975946,1,0.0225,20.01975946,0,1.2,20.01975946
48.93,20.02069551,0.0910593223,20.06952474,21.08139482,20.82301729,0,1,1,0,0.01,20.02069551,1,0.0225,20.02069551,0,1.2,20.02069551
48.94,20.02136871,0.04978217787,20.16874889,21.05265929,19.62212819,0,1,1,0,0.01,20.02136871,1,0.0225,20.02136871,0,1.2,20.02136871
48.95,20.02201429,0.07894184675,20.03648986,21.11599846,19.24372403,0,1,1,0,0.01,20.02201429,1,0.0225,20.02201429,0,1.2,20.02201429
48.96,20.02279454,0.08157681273,20.10880603,21.13775758,19.94345648,0,1,1,0,0.01,20.02279454,1,0.0225,20.02279454,0,1.2,20.02279454
48.97,20.02358445,0.08595985838,19.92016032,20.80988972,20.04429119,0,1,1,0,0.01,20.02358445,1,0.0225,20.02358445,0,1.2,20.02358445
48.98,20.02438917,0.06419275174,20.08662074,20.96125569,20.78833514,0,1,1,0,0.01,20.02438917,1,0.0225,20.02438917,0,1.2,20.02438917
48.99,20.02484878,0.03761203122,19.99262973,20.89185734,20.48440036,0,1,1,0,0.01,20.02484878,1,0.0225,20.02484878,0,1.2,20.02484878
49,20.02512308,0.01877296076,20.03466352,20.88565443,18.7154765,0,1,1,0,0.01,20.02512308,1,0.0225,20.02512308,0,1.2,20.02512308
49.01,20.02523606,0.0172533178,19.86198492,21.11104317,20.60336731,0,1,1,0,0.01,20.02523606,1,0.0225,20.02523606,0,1.2,20.02523606
49.02,20.0254656,0.01891874522,20.1787256,21.01680461,21.1694323,0,1,1,0,0.01,20.0254656,1,0.0225,20.0254656,0,1.2,20.0254656
49.03,20.02560303,0.008132543677,19.87162736,20.96293366,21.57517347,0,1,1,0,0.01,20.02560303,1,0.0225,20.02560303,0,1.2,20.02560303
49.04,20.02554845,-0.00942508339,20.02275703,20.95803821,21.09225145,0,1,1,0,0.01,20.02554845,1,0.0225,20.02554845,0,1.2,20.02554845
49.05,20.0253751,-0.02557192679,20.01437687,21.19550314,21.63952547,0,1,1,0,0.01,20.0253751,1,0.0225,20.0253751,0,1.2,20.0253751
49.06,20.02525774,-0.02159015836,20.0108973,20.88102403,19.68985012,0,1,1,0,0.01,20.02525774,1,0.0225,20.02525774,0,1.2,20.02525774
49.07,20.02511925,-0.01490931528,20.10508694,20.90128007,20.46089967,0,1,1,0,0.01,20.02511925,1,0.0225,20.02511925,0,1.2,20.02511925
49.08,20.02490392,-0.02274740442,20.04855272,20.83414511,20.12431401,0,1,1,0,0.01,20.02490392,1,0.0225,20.02490392,0,1.2,20.02490392
49.09,20.02496721,0.01370930902,20.00589728,20.70899964,20.15916589,0,1,1,0,0.01,20.02496721,1,0.0225,20.02496721,0,1.2,20.02496721
49.1,20.02509456,0.01692030031,19.92141894,21.20221384,17.59355112,0,1,1,0,0.01,20.02509456,1,0.0225,20.02509456,0,1.2,20.02509456
49.11,20.02534557,0.03989205619,20.03353334,20.97749026,20.69613387,0,1,1,0,0.01,20.02534557,1,0.0225,20.02534557,0,1.2,20.02534557
49.12,20.0257612,0.05354894514,19.98172568,21.04534721,21.56432187,0,1,1,0,0.01,20.0257612,1,0.0225,20.0257612,0,1.2,20.0257612
49.13,20.02621849,0.04287109595,19.93397324,20.99713111,19.76708083,0,1,1,0,0.01,20.02621849,1,0.0225,20.02621849,0,1.2,20.02621849
49.14,20.02653385,0.04229812501,19.94022792,21.07759737,20.29978994,0,1,1,0,0.01,20.02653385,1,0.0225,20.02653385,0,1.2,20.02653385
49.15,20.02703577,0.0736645535,19.90901817,21.04706069,20.33426841,0,1,1,0,0.01,20.02703577,1,0.0225,20.02703577,0,1.2,20.02703577
49.16,20.02766913,0.05289348321,20.14844874,21.16764586,21.10355614,0,1,1,0,0.01,20.02766913,1,0.0225,20.02766913,0,1.2,20.02766913
49.17,20.02831443,0.0909937998,20.07205808,21.03750276,19.0805552,0,1,1,0,0.01,20.02831443,1,0.0225,20.02831443,0,1.2,20.02831443
49.18,20.02927597,0.09372034916,20.09368186,21.15323785,20.49554604,0,1,1,0,0.01,20.02927597,1,0.0225,20.02927597,0,1.2,20.02927597
49.19,20.03039256,0.1284451689,20.02191101,21.14471342,19.65023871,0,1,1,0,0.01,20.03039256,1,0.0225,20.03039256,0,1.2,20.03039256
49.2,20.03172052,0.1229276789,20.12770325,21.16719757,20.70884396,0,1,1,0,0.01,20.03172052,1,0.0225,20.03172052,0,1.2,20.03172052
49.21,20.03309443,0.144997727,19.99290064,21.06401253,19.50282935,0,1,1,0,0.01,20.03309443,1,0.0225,20.03309443,0,1.2,20.03309443
49.22,20.03456469,0.147448733,20.19927259,20.80378913,21.02496272,0,1,1,0,0.01,20.03456469,1,0.0225,20.03456469,0,1.2,20.03456469
49.23,20.03614702,0.1450799521,19.8814314,21.06840066,18.21503029,0,1,1,0,0.01,20.03614702,1,0.0225,20.03614702,0,1.2,20.03614702
49.24,20.0375757,0.1395814046,19.98998727,20.82159675,19.78807767,0,1,1,0,0.01,20.0375757,1,0.0225,20.0375757,0,1.2,20.0375757
49.25,20.03883745,0.1212840606,19.95966209,21.06433762,20.6214027,0,1,1,0,0.01,20.03883745,1,0.0225,20.03883745,0,1.2,20.03883745
49.26,20.04029598,0.166629038,20.14722138,20.98639513,19.63055338,0,1,1,0,0.01,20.04029598,1,0.0225,20.04029598,0,1.2,20.04029598
49.27,20.04218028,0.2040353111,20.1002385,21.11803607,20.20624457,0,1,1,0,0.01,20.04218028,1,0.0225,20.04218028,0,1.2,20.04218028
49.28,20.04437045,0.225394816,19.93635246,21.00772954,20.4597892,0,1,1,0,0.01,20.04437045,1,0.0225,20.04437045,0,1.2,20.04437045
49.29,20.04674968,0.2618236854,19.98101964,21.27993275,17.86804522,0,1,1,0,0.01,20.04674968,1,0.0225,20.04674968,0,1.2,20.04674968
49.3,20.04946255,0.2694930286,20.05479083,21.35450968,20.60495875,0,1,1,0,0.01,20.04946255,1,0.0225,20.04946255,0,1.2,20.04946255
49.31,20.05209581,0.2643865598,20.08295432,21.13239402,19.13988225,0,1,1,0,0.01,20.05209581,1,0.0225,20.05209581,0,1.2,20.05209581
49.32,20.05467508,0.2843723456,19.97978247,20.94132654,19.68593335,0,1,1,0,0.01,20.05467508,1,0.0225,20.05467508,0,1.2,20.05467508
49.33,20.05731363,0.2613007122,20.09582029,21.08601071,20.56476689,0,1,1,0,0.01,20.05731363,1,0.0225,20.05731363,0,1.2,20.05731363
49.34,20.05986329,0.2704080845,20.07015537,20.99781809,20.57743396,0,1,1,0,0.01,20.05986329,1,0.0225,20.05986329,0,1.2,20.05986329
49.35,20.06267868,0.2915191811,19.98477219,21.09273681,20.6842874,0,1,1,0,0.01,20.06267868,1,0.0225,20.06267868,0,1.2,20.06267868
49.36,20.06554059,0.2776921906,20.07275919,21.13869443,20.53169089,0,1,1,0,0.01,20.06554059,1,0.0225,20.06554059,0,1.2,20.06554059
49.37,20.06827293,0.2833995066,19.97721244,20.98391117,20.65922537,0,1,1,0,0.01,20.06827293,1,0.0225,20.06827293,0,1.2,20.06827293
49.38,20.07119778,0.274544237,19.9781455,21.12680761,20.17795524,0,1,1,0,0.01,20.07119778,1,0.0225,20.07119778,0,1.2,20.07119778
49.39,20.07364311,0.2409538964,20.03727988,21.01932478,21.56286359,0,1,1,0,0.01,20.07364311,1,0.0225,20.07364311,0,1.2,20.07364311
49.4,20.07633336,0.2886715456,20.10305911,21.09516796,19.34850357,0,1,1,0,0.01,20.07633336,1,0.0225,20.07633336,0,1.2,20.07633336
49.41,20.07908574,0.2552037166,19.96211747,21.04157368,19.65167678,0,1,1,0,0.01,20.07908574,1,0.0225,20.07908574,0,1.2,20.07908574
49.42,20.08182009,0.2915518733,20.19859837,20.98044904,21.89522833,0,1,1,0,0.01,20.08182009,1,0.0225,20.08182009,0,1.2,20.08182009
49.43,20.08470076,0.2841052274,20.15043261,20.89660286,19.3308213,0,1,1,0,0.01,20.08470076,1,0.0225,20.08470076,0,1.2,20.08470076
49.44,20.08764347,0.2990341864,20.1201416,21.26548911,19.55346913,0,1,1,0,0.01,20.08764347,1,0.0225,20.08764347,0,1.2,20.08764347
49.45,20.09075234,0.3259205141,20.17633733,21.0863821,20.58842839,0,1,1,0,0.01,20.09075234,1,0.0225,20.09075234,0,1.2,20.09075234
49.46,20.09392211,0.3166082638,20.07862418,20.87725171,19.62197158,0,1,1,0,0.01,20.09392211,1,0.0225,20.09392211,0,1.2,20.09392211
49.47,20.0970851,0.3075592847,20.08700018,21.0957186,20.33531359,0,1,1,0,0.01,20.0970851,1,0.0225,20.0970851,0,1.2,20.0970851
49.48,20.10015473,0.2898094562,20.11650783,21.30793105,18.56724802,0,1,1,0,0.01,20.10015473,1,0.0225,20.10015473,0,1.2,20.10015473
49.49,20.10307399,0.2809298866,20.08604694,20.96188205,21.40480031,0,1,1,0,0.01,20.10307399,1,0.0225,20.10307399,0,1.2,20.10307399
49.5,20.10580604,0.2710786827,20.06244446,21.24747297,22.30739663,0,1,1,0,0.01,20.10580604,1,0.0225,20.10580604,0,1.2,20.10580604
49.51,20.10873904,0.3281392644,20.07532093,21.17686928,21.04051082,0,1,1,0,0.01,20.10873904,1,0.0225,20.10873904,0,1.2,20.10873904
49.52,20.11195657,0.3259719456,20.12174365,20.87278409,21.81746275,0,1,1,0,0.01,20.11195657,1,0.0225,20.11195657,0,1.2,20.11195657
49.53,20.1152589,0.3339783086,20.21584677,21.10840846,18.27160921,0,1,1,0,0.01,20.1152589,1,0.0225,20.1152589,0,1.2,20.1152589
49.54,20.11851905,0.3358153227,20.16192304,21.32146282,20.0229019,0,1,1,0,0.01,20.11851905,1,0.0225,20.11851905,0,1.2,20.11851905
49.55,20.12197687,0.3433557848,19.96320735,21.0294899,22.22274466,0,1,1,0,0.01,20.12197687,1,0.0225,20.12197687,0,1.2,20.12197687
49.56,20.12525946,0.3049782239,19.93481365,21.22940351,21.84111819,0,1,1,0,0.01,20.12525946,1,0.0225,20.12525946,0,1.2,20.12525946
49.57,20.12843132,0.3298526883,20.20528738,21.01396192,18.98459602,0,1,1,0,0.01,20.12843132,1,0.0225,20.12843132,0,1.2,20.12843132
49.58,20.13161229,0.304847152,20.37836961,20.90789372,20.04562449,0,1,1,0,0.01,20.13161229,1,0.0225,20.13161229,0,1.2,20.13161229
49.59,20.13460273,0.3036850451,19.92865208,21.25206549,19.26008106,0,1,1,0,0.01,20.13460273,1,0.0225,20.13460273,0,1.2,20.13460273
49.6,20.13771031,0.3171203095,20.20405905,21.01794925,19.56997781,0,1,1,0,0.01,20.13771031,1,0.0225,20.13771031,0,1.2,20.13771031
49.61,20.14089032,0.3156783086,20.10652501,21.16706581,20.33344416,0,1,1,0,0.01,20.14089032,1,0.0225,20.14089032,0,1.2,20.14089032
49.62,20.14394141,0.2883562486,20.19314929,21.40340309,18.51670371,0,1,1,0,0.01,20.14394141,1,0.0225,20.14394141,0,1.2,20.14394141
49.63,20.14679189,0.274512648,20.15078253,21.06462835,19.11959796,0,1,1,0,0.01,20.14679189,1,0.0225,20.14679189,0,1.2,20.14679189
49.64,20.14937927,0.2577191415,20.16362065,21.16049482,17.85495229,0,1,1,0,0.01,20.14937927,1,0.0225,20.14937927,0,1.2,20.14937927
49.65,20.15209771,0.274518904,20.32397874,21.24285274,20.8185745,0,1,1,0,0.01,20.15209771,1,0.0225,20.15209771,0,1.2,20.15209771
49.66,20.15482671,0.2679385259,20.0536874,21.35199297,20.74642858,0,1,1,0,0.01,20.15482671,1,0.0225,20.15482671,0,1.2,20.15482671
49.67,20.15761272,0.2913944251,20.1313211,21.09927307,20.11052191,0,1,1,0,0.01,20.15761272,1,0.0225,20.15761272,0,1.2,20.15761272
49.68,20.1606039,0.2889231573,20.20185706,21.04750587,20.86152419,0,1,1,0,0.01,20.1606039,1,0.0225,20.1606039,0,1.2,20.1606039
49.69,20.16336666,0.2727432552,20.20303044,21.33023383,19.2186687,0,1,1,0,0.01,20.16336666,1,0.0225,20.16336666,0,1.2,20.16336666
49.7,20.16594457,0.2346447783,20.03878906,21.06647773,20.55271768,0,1,1,0,0.01,20.16594457,1,0.0225,20.16594457,0,1.2,20.16594457
49.71,20.16821804,0.2352526871,20.16844177,21.23902984,21.73349502,0,1,1,0,0.01,20.16821804,1,0.0225,20.16821804,0,1.2,20.16821804
49.72,20.17043684,0.2335892915,20.13502782,21.10881185,19.91721296,0,1,1,0,0.01,20.17043684,1,0.0225,20.17043684,0,1.2,20.17043684
49.73,20.17275482,0.2321851508,20.42655599,21.27972184,20.736788,0,1,1,0,0.01,20.17275482,1,0.0225,20.17275482,0,1.2,20.17275482
49.74,20.17511001,0.2443770905,20.20917574,21.28502348,19.78749343,0,1,1,0,0.01,20.17511001,1,0.0225,20.17511001,0,1.2,20.17511001
49.75,20.1776602,0.2407209829,20.18452215,21.22872245,21.09508246,0,1,1,0,0.01,20.1776602,1,0.0225,20.1776602,0,1.2,20.1776602
49.76,20.17983792,0.2233546897,20.28376567,21.10231359,19.94606796,0,1,1,0,0.01,20.17983792,1,0.0225,20.17983792,0,1.2,20.17983792
49.77,20.18215219,0.2444406686,20.1703195,21.30283743,18.95061215,0,1,1,0,0.01,20.18215219,1,0.0225,20.18215219,0,1.2,20.18215219
49.78,20.18465613,0.2402700524,20.15406944,21.066476,20.49382635,0,1,1,0,0.01,20.18465613,1,0.0225,20.18465613,0,1.2,20.18465613
49.79,20.1869699,0.2232550284,20.03985618,21.21166667,21.14714655,0,1,1,0,0.01,20.1869699,1,0.0225,20.1869699,0,1.2,20.1869699
49.8,20.18930521,0.2282100529,20.06258466,21.14123585,20.15327052,0,1,1,0,0.01,20.18930521,1,0.0225,20.18930521,0,1.2,20.18930521
49.81,20.19155061,0.2286367273,20.06731526,21.32193936,18.06815977,0,1,1,0,0.01,20.19155061,1,0.0225,20.19155061,0,1.2,20.19155061
49.82,20.19393119,0.2399121429,20.37269012,21.17939405,19.17953507,0,1,1,0,0.01,20.19393119,1,0.0225,20.19393119,0,1.2,20.19393119
49.83,20.19618963,0.2078957405,20.20723701,21.33301868,19.35793517,0,1,1,0,0.01,20.19618963,1,0.0225,20.19618963,0,1.2,20.19618963
49.84,20.19835349,0.1998718362,20.02215462,21.03266183,18.98206145,0,1,1,0,0.01,20.19835349,1,0.0225,20.19835349,0,1.2,20.19835349
49.85,20.20007495,0.1453677283,20.15390411,21.12237869,19.36263583,0,1,1,0,0.01,20.20007495,1,0.0225,20.20007495,0,1.2,20.20007495
49.86,20.20155292,0.1483319192,20.25825537,21.14125171,20.25339944,0,1,1,0,0.01,20.20155292,1,0.0225,20.20155292,0,1.2,20.20155292
49.87,20.20317485,0.1975095489,20.19657151,21.02099944,21.35217073,0,1,1,0,0.01,20.20317485,1,0.0225,20.20317485,0,1.2,20.20317485
49.88,20.20490022,0.1549507877,20.25106259,21.49549202,20.61328416,0,1,1,0,0.01,20.20490022,1,0.0225,20.20490022,0,1.2,20.20490022
49.89,20.20619261,0.09987644568,20.2168299,21.21576275,20.78363738,0,1,1,0,0.01,20.20619261,1,0.0225,20.20619261,0,1.2,20.20619261
49.9,20.2070608,0.07175494375,20.19775682,21.36180753,19.71041669,0,1,1,0,0.01,20.2070608,1,0.0225,20.2070608,0,1.2,20.2070608
49.91,20.20757414,0.03721039086,20.34054096,21.23232517,19.80287069,0,1,1,0,0.01,20.20757414,1,0.0225,20.20757414,0,1.2,20.20757414
49.92,20.20801729,0.05710204724,20.26048567,21.13279436,19.45027191,0,1,1,0,0.01,20.20801729,1,0.0225,20.20801729,0,1.2,20.20801729
49.93,20.20862607,0.06557347525,20.33892503,21.38713916,22.33815153,0,1,1,0,0.01,20.20862607,1,0.0225,20.20862607,0,1.2,20.20862607
49.94,20.20930665,0.06657410072,20.31011778,21.0912248,20.10401763,0,1,1,0,0.01,20.20930665,1,0.0225,20.20930665,0,1.2,20.20930665
49.95,20.21005981,0.06654188239,20.30722563,21.25937892,20.4041667,0,1,1,0,0.01,20.21005981,1,0.0225,20.21005981,0,1.2,20.21005981
49.96,20.21072466,0.04124345033,20.20856477,21.35914563,21.00599278,0,1,1,0,0.01,20.21072466,1,0.0225,20.21072466,0,1.2,20.21072466
49.97,20.21104421,0.02573979017,20.1676337,21.22428557,21.25842063,0,1,1,0,0.01,20.21104421,1,0.0225,20.21104421,0,1.2,20.21104421
49.98,20.21145044,0.05424424792,20.23410139,21.10998226,18.69027097,0,1,1,0,0.01,20.21145044,1,0.0225,20.21145044,0,1.2,20.21145044
49.99,20.21188492,0.05522504989,20.16777805,21.16934575,19.6425122,0,1,1,0,0.01,20.21188492,1,0.0225,20.21188492,0,1.2,20.21188492
50,20.21246385,0.06583280231,20.2617489,21.13746903,19.25443878,0,1,1,0,0.01,20.21246385,1,0.0225,20.21246385,0,1.2,20.21246385
50.01,20.21297432,0.05733559899,19.99179401,21.39057483,20.04325536,0,1,1,0,0.01,20.21297432,1,0.0225,20.21297432,0,1.2,20.21297432
50.02,20.213385,0.04004649656,20.27260451,21.12871694,20.55250574,0,1,1,0,0.01,20.213385,1,0.0225,20.213385,0,1.2,20.213385
50.03,20.21357886,0.0108795286,20.31969425,21.11348867,19.83735723,0,1,1,0,0.01,20.21357886,1,0.0225,20.21357886,0,1.2,20.21357886
50.04,20.2137186,0.005260086089,20.08233237,21.04424022,20.54635895,0,1,1,0,0.01,20.2137186,1,0.0225,20.2137186,0,1.2,20.2137186
50.05,20.21384978,0.01443234853,20.22021135,21.05605693,21.79963479,0,1,1,0,0.01,20.21384978,1,0.0225,20.21384978,0,1.2,20.21384978
50.06,20.21399347,0.0273652001,20.33607075,21.08158958,18.53934796,0,1,1,0,0.01,20.21399347,1,0.0225,20.21399347,0,1.2,20.21399347
50.07,20.21403175,-0.002370606207,20.21908207,21.28130635,21.85680275,0,1,1,0,0.01,20.21403175,1,0.0225,20.21403175,0,1.2,20.21403175
50.08,20.21396827,-0.01521465159,20.11304188,21.23346327,21.30908617,0,1,1,0,0.01,20.21396827,1,0.0225,20.21396827,0,1.2,20.21396827
50.09,20.21373728,-0.01868832716,20.20553525,21.15978986,19.48925826,0,1,1,0,0.01,20.21373728,1,0.0225,20.21373728,0,1.2,20.21373728
50.1,20.21353193,-0.01460754497,20.29576114,21.11880197,20.42758376,0,1,1,0,0.01,20.21353193,1,0.0225,20.21353193,0,1.2,20.21353193
50.11,20.21348535,-0.008483409317,20.08984452,21.0429759,19.75460117,0,1,1,0,0.01,20.21348535,1,0.0225,20.21348535,0,1.2,20.21348535
50.12,20.21348659,-0.0003797505561,20.15246621,21.46624336,19.2881605,0,1,1,0,0.01,20.21348659,1,0.0225,20.21348659,0,1.2,20.21348659
50.13,20.21350938,-0.004120270577,20.14171658,21.25617866,19.87198343,0,1,1,0,0.01,20.21350938,1,0.0225,20.21350938,0,1.2,20.21350938
50.14,20.2134312,0.004326194014,20.17063263,21.31857722,19.92294545,0,1,1,0,0.01,20.2134312,1,0.0225,20.2134312,0,1.2,20.2134312
50.15,20.21358085,0.02521712551,20.21144779,21.14861426,20.20086803,0,1,1,0,0.01,20.21358085,1,0.0225,20.21358085,0,1.2,20.21358085
50.16,20.21378826,0.02468571425,20.31721825,21.22562968,23.18309992,0,1,1,0,0.01,20.21378826,1,0.0225,20.21378826,0,1.2,20.21378826
50.17,20.21398536,0.02005882914,20.31134904,21.12747337,20.70196564,0,1,1,0,0.01,20.21398536,1,0.0225,20.21398536,0,1.2,20.21398536
50.18,20.21406193,-0.005643699896,20.17468327,21.11408703,19.27361933,0,1,1,0,0.01,20.21406193,1,0.0225,20.21406193,0,1.2,20.21406193
50.19,20.21410442,0.009100564427,20.26898502,21.1481467,19.8293566,0,1,1,0,0.01,20.21410442,1,0.0225,20.21410442,0,1.2,20.21410442
50.2,20.21416953,-0.0001938684587,20.20596856,21.25568184,20.83310438,0,1,1,0,0.01,20.21416953,1,0.0225,20.21416953,0,1.2,20.21416953
50.21,20.21402446,-0.02918807886,20.24522885,21.31615112,19.9766643,0,1,1,0,0.01,20.21402446,1,0.0225,20.21402446,0,1.2,20.21402446
50.22,20.21381941,-0.01532187629,20.16313188,21.18268477,21.46635411,0,1,1,0,0.01,20.21381941,1,0.0225,20.21381941,0,1.2,20.21381941
50.23,20.21372266,0.009531149683,20.25352886,21.54865929,22.49806424,0,1,1,0,0.01,20.21372266,1,0.0225,20.21372266,0,1.2,20.21372266
50.24,20.21362615,-0.006229854412,20.34796514,21.20179682,19.37264579,0,1,1,0,0.01,20.21362615,1,0.0225,20.21362615,0,1.2,20.21362615
50.25,20.21366517,0.02435681799,20.16574483,21.01052488,20.7240877,0,1,1,0,0.01,20.21366517,1,0.0225,20.21366517,0,1.2,20.21366517
50.26,20.21381203,0.01920333556,20.3099275,21.2807163,19.0891512,0,1,1,0,0.01,20.21381203,1,0.0225,20.21381203,0,1.2,20.21381203
50.27,20.21398883,0.009247939825,20.2673144,21.14682757,21.42793362,0,1,1,0,0.01,20.21398883,1,0.0225,20.21398883,0,1.2,20.21398883
50.28,20.21423152,0.02875525443,20.22437255,21.15122271,19.37517876,0,1,1,0,0.01,20.21423152,1,0.0225,20.21423152,0,1.2,20.21423152
50.29,20.21445256,0.02828855924,20.18482913,21.04238946,21.58649759,0,1,1,0,0.01,20.21445256,1,0.0225,20.21445256,0,1.2,20.21445256
50.3,20.21485674,0.02414015913,20.02574204,21.3917297,18.93487979,0,1,1,0,0.01,20.21485674,1,0.0225,20.21485674,0,1.2,20.21485674
50.31,20.21510033,0.03548622503,20.23810028,21.4996978,19.26934632,0,1,1,0,0.01,20.21510033,1,0.0225,20.21510033,0,1.2,20.21510033
50.32,20.21565489,0.07009681126,20.10929744,21.38372402,20.0556358,0,1,1,0,0.01,20.21565489,1,0.0225,20.21565489,0,1.2,20.21565489
50.33,20.21647503,0.074821685,20.257392,21.02624526,20.55782667,0,1,1,0,0.01,20.21647503,1,0.0225,20.21647503,0,1.2,20.21647503
50.34,20.21722868,0.09444993904,20.21450091,21.19349192,20.25144774,0,1,1,0,0.01,20.21722868,1,0.0225,20.21722868,0,1.2,20.21722868
50.35,20.21820276,0.1093372317,20.28893783,21.4230136,19.70468175,0,1,1,0,0.01,20.21820276,1,0.0225,20.21820276,0,1.2,20.21820276
50.36,20.21917711,0.09696955728,20.26283527,21.18960381,19.76637089,0,1,1,0,0.01,20.21917711,1,0.0225,20.21917711,0,1.2,20.21917711
50.37,20.22009527,0.0949053015,20.39020498,21.12229898,20.16546201,0,1,1,0,0.01,20.22009527,1,0.0225,20.22009527,0,1.2,20.22009527
50.38,20.22104776,0.08958904344,20.19067165,21.38769578,20.27966952,0,1,1,0,0.01,20.22104776,1,0.0225,20.22104776,0,1.2,20.22104776
50.39,20.22196875,0.08139777171,20.16050308,21.19118537,19.43424903,0,1,1,0,0.01,20.22196875,1,0.0225,20.22196875,0,1.2,20.22196875
50.4,20.22284623,0.1004515376,20.15597364,21.38202611,19.36752566,0,1,1,0,0.01,20.22284623,1,0.0225,20.22284623,0,1.2,20.22284623
50.41,20.22406875,0.1346413502,20.1999796,21.11273624,19.87495822,0,1,1,0,0.01,20.22406875,1,0.0225,20.22406875,0,1.2,20.22406875
50.42,20.22565544,0.1681026211,20.2939058,21.18964871,20.04139792,0,1,1,0,0.01,20.22565544,1,0.0225,20.22565544,0,1.2,20.22565544
50.43,20.22717873,0.1193401898,20.30135647,21.36138551,19.32498494,0,1,1,0,0.01,20.22717873,1,0.0225,20.22717873,0,1.2,20.22717873
50.44,20.22837292,0.1000203153,20.40365603,21.43406059,19.76279114,0,1,1,0,0.01,20.22837292,1,0.0225,20.22837292,0,1.2,20.22837292
50.45,20.22937478,0.09392641511,20.22962727,21.12898893,20.9049292,0,1,1,0,0.01,20.22937478,1,0.0225,20.22937478,0,1.2,20.22937478
50.46,20.23033498,0.09933910872,20.23492356,21.25079602,20.07635756,0,1,1,0,0.01,20.23033498,1,0.0225,20.23033498,0,1.2,20.23033498
50.47,20.23125408,0.09130752149,20.26503439,21.07538267,19.77638774,0,1,1,0,0.01,20.23125408,1,0.0225,20.23125408,0,1.2,20.23125408
50.48,20.23218599,0.08953239896,20.20192311,21.00306016,20.20127513,0,1,1,0,0.01,20.23218599,1,0.0225,20.23218599,0,1.2,20.23218599
50.49,20.23302215,0.0837713566,20.21503101,21.40818888,21.12188731,0,1,1,0,0.01,20.23302215,1,0.0225,20.23302215,0,1.2,20.23302215
50.5,20.23382028,0.06853302394,20.32258375,21.01235423,19.24649953,0,1,1,0,0.01,20.23382028,1,0.0225,20.23382028,0,1.2,20.23382028
50.51,20.23440883,0.04749602019,20.31934304,21.76026736,20.07526287,0,1,1,0,0.01,20.23440883,1,0.0225,20.23440883,0,1.2,20.23440883
50.52,20.23505723,0.06443817155,20.24841164,21.32715699,19.66199561,0,1,1,0,0.01,20.23505723,1,0.0225,20.23505723,0,1.2,20.23505723
50.53,20.23564424,0.06908613514,20.16751481,21.25521339,18.20981598,0,1,1,0,0.01,20.23564424,1,0.0225,20.23564424,0,1.2,20.23564424
50.54,20.23660209,0.09284106206,20.21143087,21.12940528,18.14313801,0,1,1,0,0.01,20.23660209,1,0.0225,20.23660209,0,1.2,20.23660209
50.55,20.2375799,0.1099592203,20.18304115,21.2062014,19.45880414,0,1,1,0,0.01,20.2375799,1,0.0225,20.2375799,0,1.2,20.2375799
50.56,20.23878082,0.112886794,20.24935217,20.96373,18.68747972,0,1,1,0,0.01,20.23878082,1,0.0225,20.23878082,0,1.2,20.23878082
50.57,20.23994776,0.1332676559,20.26379737,21.53505302,20.69049994,0,1,1,0,0.01,20.23994776,1,0.0225,20.23994776,0,1.2,20.23994776
50.58,20.24122293,0.1240010756,20.0964843,21.01208999,19.37468349,0,1,1,0,0.01,20.24122293,1,0.0225,20.24122293,0,1.2,20.24122293
50.59,20.24240726,0.1021474436,20.26724372,21.36257416,18.67498657,0,1,1,0,0.01,20.24240726,1,0.0225,20.24240726,0,1.2,20.24240726
50.6,20.24348271,0.1035970355,20.35362754,21.14309731,21.36014276,0,1,1,0,0.01,20.24348271,1,0.0225,20.24348271,0,1.2,20.24348271
50.61,20.24470912,0.1490426558,20.20362763,21.43152496,20.81054994,0,1,1,0,0.01,20.24470912,1,0.0225,20.24470912,0,1.2,20.24470912
50.62,20.24615773,0.1429762143,20.38996962,21.32110425,19.16008417,0,1,1,0,0.01,20.24615773,1,0.0225,20.24615773,0,1.2,20.24615773
50.63,20.24761585,0.1417383515,20.38049832,21.31259089,20.98729849,0,1,1,0,0.01,20.24761585,1,0.0225,20.24761585,0,1.2,20.24761585
50.64,20.24905689,0.1237684498,20.29210652,21.4705695,18.60051788,0,1,1,0,0.01,20.24905689,1,0.0225,20.24905689,0,1.2,20.24905689
50.65,20.25044925,0.1441226231,20.1849547,21.32771506,21.26123318,0,1,1,0,0.01,20.25044925,1,0.0225,20.25044925,0,1.2,20.25044925
50.66,20.25174689,0.1207384087,20.16566138,21.47150498,20.17472258,0,1,1,0,0.01,20.25174689,1,0.0225,20.25174689,0,1.2,20.25174689
50.67,20.25289346,0.1028188968,20.17613248,21.32569331,22.16682572,0,1,1,0,0.01,20.25289346,1,0.0225,20.25289346,0,1.2,20.25289346
50.68,20.2539357,0.1224475878,20.18598069,21.29886966,19.83526588,0,1,1,0,0.01,20.2539357,1,0.0225,20.2539357,0,1.2,20.2539357
50.69,20.25538702,0.1828732791,20.1672723,21.25601483,20.48293492,0,1,1,0,0.01,20.25538702,1,0.0225,20.25538702,0,1.2,20.25538702
50.7,20.25733854,0.2071773802,20.09331735,21.07431659,19.38283875,0,1,1,0,0.01,20.25733854,1,0.0225,20.25733854,0,1.2,20.25733854
50.71,20.25933667,0.1970737194,20.31471378,21.10221574,20.36582812,0,1,1,0,0.01,20.25933667,1,0.0225,20.25933667,0,1.2,20.25933667
50.72,20.26144002,0.2331988052,20.32651485,21.22870236,19.84418988,0,1,1,0,0.01,20.26144002,1,0.0225,20.26144002,0,1.2,20.26144002
50.73,20.26381408,0.2579943154,20.34793381,21.1043889,21.67816951,0,1,1,0,0.01,20.26381408,1,0.0225,20.26381408,0,1.2,20.26381408
50.74,20.26631258,0.2396109883,20.18624294,21.29013899,19.04917916,0,1,1,0,0.01,20.26631258,1,0.0225,20.26631258,0,1.2,20.26631258
50.75,20.26890004,0.2900625089,20.41291902,21.1633699,19.10918946,0,1,1,0,0.01,20.26890004,1,0.0225,20.26890004,0,1.2,20.26890004
50.76,20.27183252,0.302975985,20.18599927,21.44380642,18.80611273,0,1,1,0,0.01,20.27183252,1,0.0225,20.27183252,0,1.2,20.27183252
50.77,20.27482549,0.2959289384,20.20160805,21.34066174,19.15424491,0,1,1,0,0.01,20.27482549,1,0.0225,20.27482549,0,1.2,20.27482549
50.78,20.27812084,0.3510620855,20.35512506,21.33947701,19.97111009,0,1,1,0,0.01,20.27812084,1,0.0225,20.27812084,0,1.2,20.27812084
50.79,20.28177559,0.3818998784,20.32259816,21.46647502,20.90208131,0,1,1,0,0.01,20.28177559,1,0.0225,20.28177559,0,1.2,20.28177559
50.8,20.28550213,0.3710718519,20.48030777,21.30735968,21.27880937,0,1,1,0,0.01,20.28550213,1,0.0225,20.28550213,0,1.2,20.28550213
50.81,20.28939071,0.4154740838,20.45289797,21.02532979,20.55284161,0,1,1,0,0.01,20.28939071,1,0.0225,20.28939071,0,1.2,20.28939071
50.82,20.29354536,0.4192301562,20.37170917,21.43279521,19.34320497,0,1,1,0,0.01,20.29354536,1,0.0225,20.29354536,0,1.2,20.29354536
50.83,20.29766333,0.4162278904,20.3174367,21.43718064,19.86813765,0,1,1,0,0.01,20.29766333,1,0.0225,20.29766333,0,1.2,20.29766333
50.84,20.30179492,0.4173289891,20.30601395,21.11048325,20.7164477,0,1,1,0,0.01,20.30179492,1,0.0225,20.30179492,0,1.2,20.30179492
50.85,20.30607882,0.4343052512,20.3947155,21.29502798,19.42355374,0,1,1,0,0.01,20.30607882,1,0.0225,20.30607882,0,1.2,20.30607882
50.86,20.31053989,0.4366504936,20.26371695,21.40686705,21.50781824,0,1,1,0,0.01,20.31053989,1,0.0225,20.31053989,0,1.2,20.31053989
50.87,20.31486151,0.4477828895,20.32766417,21.3230759,20.6807733,0,1,1,0,0.01,20.31486151,1,0.0225,20.31486151,0,1.2,20.31486151
50.88,20.31944842,0.4629237803,20.25131977,21.3822432,19.24984597,0,1,1,0,0.01,20.31944842,1,0.0225,20.31944842,0,1.2,20.31944842
50.89,20.32405939,0.4539285393,20.32088659,21.34117385,19.721855,0,1,1,0,0.01,20.32405939,1,0.0225,20.32405939,0,1.2,20.32405939
50.9,20.32864571,0.4562718353,20.18796683,21.37535676,21.38263627,0,1,1,0,0.01,20.32864571,1,0.0225,20.32864571,0,1.2,20.32864571
50.91,20.33323038,0.4424081763,20.43207637,21.04702179,17.82113655,0,1,1,0,0.01,20.33323038,1,0.0225,20.33323038,0,1.2,20.33323038
50.92,20.33754246,0.4278724288,20.21472819,21.41731509,21.01817704,0,1,1,0,0.01,20.33754246,1,0.0225,20.33754246,0,1.2,20.33754246
50.93,20.34206773,0.4650775871,20.31339346,21.29579918,19.31082246,0,1,1,0,0.01,20.34206773,1,0.0225,20.34206773,0,1.2,20.34206773
50.94,20.34681486,0.463954613,20.5584611,21.45774619,17.71207437,0,1,1,0,0.01,20.34681486,1,0.0225,20.34681486,0,1.2,20.34681486
50.95,20.35134077,0.4517340788,20.29225575,21.097919,21.6848391,0,1,1,0,0.01,20.35134077,1,0.0225,20.35134077,0,1.2,20.35134077
50.96,20.35597489,0.4783764194,20.44693295,21.46329467,19.43732525,0,1,1,0,0.01,20.35597489,1,0.0225,20.35597489,0,1.2,20.35597489
50.97,20.36083901,0.4959115264,20.58867664,21.34437468,23.32859346,0,1,1,0,0.01,20.36083901,1,0.0225,20.36083901,0,1.2,20.36083901
50.98,20.36586511,0.5225622683,20.20806401,21.57856081,19.47645631,0,1,1,0,0.01,20.36586511,1,0.0225,20.36586511,0,1.2,20.36586511
50.99,20.37115787,0.5491453355,20.39820127,21.60201279,19.68057162,0,1,1,0,0.01,20.37115787,1,0.0225,20.37115787,0,1.2,20.37115787
51,20.37657996,0.538902205,20.53931287,21.39012483,22.24422936,0,1,1,0,0.01,20.37657996,1,0.0225,20.37657996,0,1.2,20.37657996
51.01,20.38198876,0.5469552536,20.3800284,21.27564284,20.68631984,0,1,1,0,0.01,20.38198876,1,0.0225,20.38198876,0,1.2,20.38198876
51.02,20.38748031,0.5367674484,20.40746461,21.4838352,20.77149222,0,1,1,0,0.01,20.38748031,1,0.0225,20.38748031,0,1.2,20.38748031
51.03,20.39299262,0.5251915788,20.41931556,21.27662518,21.09287005,0,1,1,0,0.01,20.39299262,1,0.0225,20.39299262,0,1.2,20.39299262
51.04,20.39824628,0.521484484,20.49062614,21.64123469,22.02795668,0,1,1,0,0.01,20.39824628,1,0.0225,20.39824628,0,1.2,20.39824628
51.05,20.40343198,0.5155435295,20.40821331,21.11100176,21.18303946,0,1,1,0,0.01,20.40343198,1,0.0225,20.40343198,0,1.2,20.40343198
51.06,20.40857571,0.5093104762,20.3242414,21.59986525,20.47475601,0,1,1,0,0.01,20.40857571,1,0.0225,20.40857571,0,1.2,20.40857571
51.07,20.41354778,0.5010065782,20.55785635,21.50879038,20.41813223,0,1,1,0,0.01,20.41354778,1,0.0225,20.41354778,0,1.2,20.41354778
51.08,20.41853462,0.4903882111,20.47805798,21.25545568,21.87998666,0,1,1,0,0.01,20.41853462,1,0.0225,20.41853462,0,1.2,20.41853462
51.09,20.4232058,0.4588745681,20.56594603,21.1222722,20.01724047,0,1,1,0,0.01,20.4232058,1,0.0225,20.4232058,0,1.2,20.4232058
51.1,20.42794422,0.4822112204,20.25097722,21.2394885,21.78918023,0,1,1,0,0.01,20.42794422,1,0.0225,20.42794422,0,1.2,20.42794422
51.11,20.43278717,0.4970123918,20.49494279,21.47433774,20.29669135,0,1,1,0,0.01,20.43278717,1,0.0225,20.43278717,0,1.2,20.43278717
51.12,20.43781671,0.515694098,20.45557043,21.60017852,21.44819526,0,1,1,0,0.01,20.43781671,1,0.0225,20.43781671,0,1.2,20.43781671
51.13,20.44290608,0.4873935242,20.56823198,21.29551865,20.93739923,0,1,1,0,0.01,20.44290608,1,0.0225,20.44290608,0,1.2,20.44290608
51.14,20.44761055,0.4405520693,20.49443278,21.55196974,21.78983719,0,1,1,0,0.01,20.44761055,1,0.0225,20.44761055,0,1.2,20.44761055
51.15,20.45186281,0.4256210544,20.33545324,21.38750651,21.23876202,0,1,1,0,0.01,20.45186281,1,0.0225,20.45186281,0,1.2,20.45186281
51.16,20.4561524,0.4429426376,20.47028311,21.17191736,20.02251444,0,1,1,0,0.01,20.4561524,1,0.0225,20.4561524,0,1.2,20.4561524
51.17,20.46065753,0.4596365542,20.56237463,21.28142377,20.82498968,0,1,1,0,0.01,20.46065753,1,0.0225,20.46065753,0,1.2,20.46065753
51.18,20.46537759,0.5020411691,20.48729553,21.55010122,21.2416536,0,1,1,0,0.01,20.46537759,1,0.0225,20.46537759,0,1.2,20.46537759
51.19,20.47048735,0.5237108258,20.42080377,21.19636144,19.29194877,0,1,1,0,0.01,20.47048735,1,0.0225,20.47048735,0,1.2,20.47048735
51.2,20.4758029,0.539441706,20.22045961,21.61823304,20.20907425,0,1,1,0,0.01,20.4758029,1,0.0225,20.4758029,0,1.2,20.4758029
51.21,20.48115285,0.5429083219,20.47313963,21.28490433,21.88471622,0,1,1,0,0.01,20.48115285,1,0.0225,20.48115285,0,1.2,20.48115285
51.22,20.48677878,0.580158337,20.63487749,21.35670129,19.96697702,0,1,1,0,0.01,20.48677878,1,0.0225,20.48677878,0,1.2,20.48677878
51.23,20.49249272,0.6013950316,20.58781844,21.61548986,20.47523767,0,1,1,0,0.01,20.49249272,1,0.0225,20.49249272,0,1.2,20.49249272
51.24,20.49864241,0.6201178008,20.54442645,21.59060467,20.77284556,0,1,1,0,0.01,20.49864241,1,0.0225,20.49864241,0,1.2,20.49864241
51.25,20.50499745,0.6437650068,20.49419867,21.79890575,19.77414433,0,1,1,0,0.01,20.50499745,1,0.0225,20.50499745,0,1.2,20.50499745
51.26,20.51121982,0.6235204541,20.54172535,21.62914093,17.90580327,0,1,1,0,0.01,20.51121982,1,0.0225,20.51121982,0,1.2,20.51121982
51.27,20.51753246,0.6208752833,20.41222707,21.4545841,20.52300693,0,1,1,0,0.01,20.51753246,1,0.0225,20.51753246,0,1.2,20.51753246
51.28,20.52373604,0.6322477033,20.50243024,21.45938457,19.33219619,0,1,1,0,0.01,20.52373604,1,0.0225,20.52373604,0,1.2,20.52373604
51.29,20.53029207,0.6686476243,20.62289878,21.41483898,22.00844567,0,1,1,0,0.01,20.53029207,1,0.0225,20.53029207,0,1.2,20.53029207
51.3,20.53704092,0.6689023581,20.51579118,21.23660788,18.98999751,0,1,1,0,0.01,20.53704092,1,0.0225,20.53704092,0,1.2,20.53704092
51.31,20.54370123,0.6486742517,20.45738194,21.72596238,21.15620977,0,1,1,0,0.01,20.54370123,1,0.0225,20.54370123,0,1.2,20.54370123
51.32,20.55025276,0.6546904582,20.54013875,21.49289484,19.94695305,0,1,1,0,0.01,20.55025276,1,0.0225,20.55025276,0,1.2,20.55025276
51.33,20.55682975,0.6529653965,20.44903989,21.40886802,20.97481758,0,1,1,0,0.01,20.55682975,1,0.0225,20.55682975,0,1.2,20.55682975
51.34,20.5632169,0.6444838263,20.68192091,21.27475953,20.71344112,0,1,1,0,0.01,20.5632169,1,0.0225,20.5632169,0,1.2,20.5632169
51.35,20.56973971,0.6385735625,20.18842653,21.59392771,20.55102196,0,1,1,0,0.01,20.56973971,1,0.0225,20.56973971,0,1.2,20.56973971
51.36,20.57614209,0.6533944946,20.54159418,21.45237596,19.28355723,0,1,1,0,0.01,20.57614209,1,0.0225,20.57614209,0,1.2,20.57614209
51.37,20.582498,0.62413109,20.52573611,21.75286078,20.47047372,0,1,1,0,0.01,20.582498,1,0.0225,20.582498,0,1.2,20.582498
51.38,20.58887435,0.6505262055,20.63750953,21.78728956,21.09999031,0,1,1,0,0.01,20.58887435,1,0.0225,20.58887435,0,1.2,20.58887435
51.39,20.59541237,0.6582170697,20.31442992,21.50713326,19.94948172,0,1,1,0,0.01,20.59541237,1,0.0225,20.59541237,0,1.2,20.59541237
51.4,20.60194842,0.6414894361,20.56958645,21.72596587,20.13558185,0,1,1,0,0.01,20.60194842,1,0.0225,20.60194842,0,1.2,20.60194842
51.41,20.6081824,0.6155297116,20.70143902,21.69169887,19.74575266,0,1,1,0,0.01,20.6081824,1,0.0225,20.6081824,0,1.2,20.6081824
51.42,20.61430794,0.6251552266,20.55696521,21.45165456,20.42328595,0,1,1,0,0.01,20.61430794,1,0.0225,20.61430794,0,1.2,20.61430794
51.43,20.62042426,0.5759706664,20.6637849,21.45967684,20.62293435,0,1,1,0,0.01,20.62042426,1,0.0225,20.62042426,0,1.2,20.62042426
51.44,20.62642421,0.5997170869,20.6018106,21.62567186,20.52216645,0,1,1,0,0.01,20.62642421,1,0.0225,20.62642421,0,1.2,20.62642421
51.45,20.63233639,0.5974887462,20.51575149,21.89411269,20.37058488,0,1,1,0,0.01,20.63233639,1,0.0225,20.63233639,0,1.2,20.63233639
51.46,20.63834538,0.6079874273,20.60114134,21.81456534,21.36454309,0,1,1,0,0.01,20.63834538,1,0.0225,20.63834538,0,1.2,20.63834538
51.47,20.64442297,0.6130477659,20.56352424,22.05692776,21.33322603,0,1,1,0,0.01,20.64442297,1,0.0225,20.64442297,0,1.2,20.64442297
51.48,20.65078442,0.6339620309,20.81482575,21.75048204,21.13080876,0,1,1,0,0.01,20.65078442,1,0.0225,20.65078442,0,1.2,20.65078442
51.49,20.65718847,0.6555153099,20.84209165,21.81140769,18.52546991,0,1,1,0,0.01,20.65718847,1,0.0225,20.65718847,0,1.2,20.65718847
51.5,20.6637594,0.6371245892,20.66227052,21.35549098,21.26887795,0,1,1,0,0.01,20.6637594,1,0.0225,20.6637594,0,1.2,20.6637594
51.51,20.67016017,0.6399640514,20.59216165,21.83971078,20.38973207,0,1,1,0,0.01,20.67016017,1,0.0225,20.67016017,0,1.2,20.67016017
51.52,20.67638598,0.606911676,20.69443263,21.58681873,23.92004134,0,1,1,0,0.01,20.67638598,1,0.0225,20.67638598,0,1.2,20.67638598
51.53,20.68251586,0.638934058,20.73808849,21.6425418,21.4721355,0,1,1,0,0.01,20.68251586,1,0.0225,20.68251586,0,1.2,20.68251586
51.54,20.68900838,0.6689092084,20.65070804,21.54394441,19.46660606,0,1,1,0,0.01,20.68900838,1,0.0225,20.68900838,0,1.2,20.68900838
51.55,20.69564159,0.6751490158,20.8600411,21.81196064,20.28051802,0,1,1,0,0.01,20.69564159,1,0.0225,20.69564159,0,1.2,20.69564159
51.56,20.70217733,0.6315257608,20.67526798,21.78699329,20.75535143,0,1,1,0,0.01,20.70217733,1,0.0225,20.70217733,0,1.2,20.70217733
51.57,20.70867284,0.6760504271,20.55713754,21.78782305,21.01931091,0,1,1,0,0.01,20.70867284,1,0.0225,20.70867284,0,1.2,20.70867284
51.58,20.71548976,0.6808248896,20.89117779,21.82626092,19.12292714,0,1,1,0,0.01,20.71548976,1,0.0225,20.71548976,0,1.2,20.71548976
51.59,20.7221532,0.6432688113,20.72756389,21.54708587,19.72875445,0,1,1,0,0.01,20.7221532,1,0.0225,20.7221532,0,1.2,20.7221532
51.6,20.72849494,0.6257673003,20.47343547,21.66956297,20.17373411,0,1,1,0,0.01,20.72849494,1,0.0225,20.72849494,0,1.2,20.72849494
51.61,20.73463902,0.6219429106,20.56622483,21.87210707,18.08956878,0,1,1,0,0.01,20.73463902,1,0.0225,20.73463902,0,1.2,20.73463902
51.62,20.74084716,0.6297805978,20.75666117,21.8696849,20.19021295,0,1,1,0,0.01,20.74084716,1,0.0225,20.74084716,0,1.2,20.74084716
51.63,20.74715589,0.6281375421,20.77178348,21.71531844,20.59305322,0,1,1,0,0.01,20.74715589,1,0.0225,20.74715589,0,1.2,20.74715589
51.64,20.75348743,0.6532154189,20.91020436,21.83114122,22.15585849,0,1,1,0,0.01,20.75348743,1,0.0225,20.75348743,0,1.2,20.75348743
51.65,20.76012303,0.6483853144,20.74518292,21.65509324,20.29344447,0,1,1,0,0.01,20.76012303,1,0.0225,20.76012303,0,1.2,20.76012303
51.66,20.76684502,0.6872994109,20.67398932,21.79258107,20.80318041,0,1,1,0,0.01,20.76684502,1,0.0225,20.76684502,0,1.2,20.76684502
51.67,20.77385567,0.7091847077,20.98603158,21.80680379,22.57074664,0,1,1,0,0.01,20.77385567,1,0.0225,20.77385567,0,1.2,20.77385567
51.68,20.78121727,0.7570954264,20.92359883,21.67069428,19.54936581,0,1,1,0,0.01,20.78121727,1,0.0225,20.78121727,0,1.2,20.78121727
51.69,20.78894103,0.780475009,20.61963299,21.9011033,20.69097686,0,1,1,0,0.01,20.78894103,1,0.0225,20.78894103,0,1.2,20.78894103
51.7,20.79697755,0.8183377333,20.72217161,22.03983047,20.9937767,0,1,1,0,0.01,20.79697755,1,0.0225,20.79697755,0,1.2,20.79697755
51.71,20.80514366,0.8301029344,20.7341228,21.7507058,21.05575035,0,1,1,0,0.01,20.80514366,1,0.0225,20.80514366,0,1.2,20.80514366
51.72,20.8135465,0.8342517624,20.93875433,21.72402969,20.0199258,0,1,1,0,0.01,20.8135465,1,0.0225,20.8135465,0,1.2,20.8135465
51.73,20.82195398,0.8319206763,20.8809918,21.98291186,22.28118744,0,1,1,0,0.01,20.82195398,1,0.0225,20.82195398,0,1.2,20.82195398
51.74,20.8302953,0.8278621586,20.91840602,21.63368664,20.85064954,0,1,1,0,0.01,20.8302953,1,0.0225,20.8302953,0,1.2,20.8302953
51.75,20.83863613,0.832104421,20.73450731,21.85354657,20.25519759,0,1,1,0,0.01,20.83863613,1,0.0225,20.83863613,0,1.2,20.83863613
51.76,20.84670848,0.7767289416,20.99147305,21.79134229,21.42912818,0,1,1,0,0.01,20.84670848,1,0.0225,20.84670848,0,1.2,20.84670848
51.77,20.854488,0.7912439705,21.06089434,21.74755795,22.09199435,0,1,1,0,0.01,20.854488,1,0.0225,20.854488,0,1.2,20.854488
51.78,20.86247169,0.8149776454,20.8003201,21.90580691,20.88941017,0,1,1,0,0.01,20.86247169,1,0.0225,20.86247169,0,1.2,20.86247169
51.79,20.87067691,0.8308736937,20.6478885,22.03399614,21.05150348,0,1,1,0,0.01,20.87067691,1,0.0225,20.87067691,0,1.2,20.87067691
51.8,20.87872521,0.8134947629,20.86109725,21.52201797,21.34992638,0,1,1,0,0.01,20.87872521,1,0.0225,20.87872521,0,1.2,20.87872521
51.81,20.88681008,0.8090322227,20.816486,22.16969574,21.7426071,0,1,1,0,0.01,20.88681008,1,0.0225,20.88681008,0,1.2,20.88681008
51.82,20.89497242,0.8168392267,20.73737625,21.64634659,22.15739108,0,1,1,0,0.01,20.89497242,1,0.0225,20.89497242,0,1.2,20.89497242
51.83,20.90309251,0.8000522454,20.91809061,21.743289,24.85485065,0,1,1,0,0.01,20.90309251,1,0.0225,20.90309251,0,1.2,20.90309251
51.84,20.91110365,0.802667646,21.11451836,22.04072131,22.25879935,0,1,1,0,0.01,20.91110365,1,0.0225,20.91110365,0,1.2,20.91110365
51.85,20.91915669,0.7997438183,20.89629029,21.73006192,19.50938102,0,1,1,0,0.01,20.91915669,1,0.0225,20.91915669,0,1.2,20.91915669
51.86,20.92721708,0.7992279933,21.01577168,21.98946895,19.88236372,0,1,1,0,0.01,20.92721708,1,0.0225,20.92721708,0,1.2,20.92721708
51.87,20.9351758,0.7972862072,20.83656021,21.93828096,22.47056883,0,1,1,0,0.01,20.9351758,1,0.0225,20.9351758,0,1.2,20.9351758
51.88,20.9431449,0.7836051518,20.89874889,21.84226034,20.71739069,0,1,1,0,0.01,20.9431449,1,0.0225,20.9431449,0,1.2,20.9431449
51.89,20.95091259,0.7907489573,20.93950883,21.94967574,20.9998685,0,1,1,0,0.01,20.95091259,1,0.0225,20.95091259,0,1.2,20.95091259
51.9,20.95894542,0.7951759818,20.98028942,21.8640673,19.45952064,0,1,1,0,0.01,20.95894542,1,0.0225,20.95894542,0,1.2,20.95894542
51.91,20.96712028,0.8052124173,21.08661448,21.992892,18.71620905,0,1,1,0,0.01,20.96712028,1,0.0225,20.96712028,0,1.2,20.96712028
51.92,20.97515504,0.8130548682,21.1303708,21.99568921,21.15406708,0,1,1,0,0.01,20.97515504,1,0.0225,20.97515504,0,1.2,20.97515504
51.93,20.98311714,0.8033013056,21.04264475,22.03447135,22.12326077,0,1,1,0,0.01,20.98311714,1,0.0225,20.98311714,0,1.2,20.98311714
51.94,20.99118332,0.8154773814,20.91105629,21.96432737,21.30633481,0,1,1,0,0.01,20.99118332,1,0.0225,20.99118332,0,1.2,20.99118332
51.95,20.99921647,0.8091646542,20.9727753,21.9611143,20.6461018,0,1,1,0,0.01,20.99921647,1,0.0225,20.99921647,0,1.2,20.99921647
51.96,21.00734606,0.8028761086,21.0178738,22.14611279,21.82918026,0,1,1,0,0.01,21.00734606,1,0.0225,21.00734606,0,1.2,21.00734606
51.97,21.01509574,0.7729626638,20.98986598,21.99098582,18.03694067,0,1,1,0,0.01,21.01509574,1,0.0225,21.01509574,0,1.2,21.01509574
51.98,21.02292042,0.7916760613,20.76386592,22.05015773,18.34102178,0,1,1,0,0.01,21.02292042,1,0.0225,21.02292042,0,1.2,21.02292042
51.99,21.030817,0.7921556146,21.1774081,21.92753475,22.02648607,0,1,1,0,0.01,21.030817,1,0.0225,21.030817,0,1.2,21.030817
52,21.03877697,0.8066076075,21.01333324,22.00504653,21.9529873,0,1,1,0,0.01,21.03877697,1,0.0225,21.03877697,0,1.2,21.03877697
52.01,21.04674885,0.7747460545,21.20706007,22.12274591,21.34506037,0,1,1,0,0.01,21.04674885,1,0.0225,21.04674885,0,1.2,21.04674885
52.02,21.05424289,0.7392695843,21.0938511,22.11368374,20.12962672,0,1,1,0,0.01,21.05424289,1,0.0225,21.05424289,0,1.2,21.05424289
52.03,21.06178369,0.7499388302,20.91995119,22.10811354,20.68495533,0,1,1,0,0.01,21.06178369,1,0.0225,21.06178369,0,1.2,21.06178369
52.04,21.06920353,0.7495249049,20.95568029,22.20794993,20.37356051,0,1,1,0,0.01,21.06920353,1,0.0225,21.06920353,0,1.2,21.06920353
52.05,21.07655802,0.7198482065,21.05821967,22.03060378,21.90291317,0,1,1,0,0.01,21.07655802,1,0.0225,21.07655802,0,1.2,21.07655802
52.06,21.08377,0.7021284132,21.03702025,22.00231819,19.61844531,0,1,1,0,0.01,21.08377,1,0.0225,21.08377,0,1.2,21.08377
52.07,21.09082182,0.6922717331,21.0623224,22.21063098,21.88429377,0,1,1,0,0.01,21.09082182,1,0.0225,21.09082182,0,1.2,21.09082182
52.08,21.097575,0.6841625123,21.04103679,22.01787955,22.84848849,0,1,1,0,0.01,21.097575,1,0.0225,21.097575,0,1.2,21.097575
52.09,21.10449466,0.7090622877,21.07253706,22.12265344,20.54258362,0,1,1,0,0.01,21.10449466,1,0.0225,21.10449466,0,1.2,21.10449466
52.1,21.11161467,0.7104421973,21.20662265,22.37971558,21.07979418,0,1,1,0,0.01,21.11161467,1,0.0225,21.11161467,0,1.2,21.11161467
52.11,21.11875754,0.7038453243,21.25906961,22.30296442,21.71731354,0,1,1,0,0.01,21.11875754,1,0.0225,21.11875754,0,1.2,21.11875754
52.12,21.12568132,0.6675289434,21.08509766,22.08960744,22.08637143,0,1,1,0,0.01,21.12568132,1,0.0225,21.12568132,0,1.2,21.12568132
52.13,21.13239162,0.662581638,21.16809818,22.09135781,21.56494845,0,1,1,0,0.01,21.13239162,1,0.0225,21.13239162,0,1.2,21.13239162
52.14,21.13898286,0.6750358866,21.09821009,22.09568261,20.14221659,0,1,1,0,0.01,21.13898286,1,0.0225,21.13898286,0,1.2,21.13898286
52.15,21.14552882,0.6479478635,21.12846604,22.27601416,20.59006297,0,1,1,0,0.01,21.14552882,1,0.0225,21.14552882,0,1.2,21.14552882
52.16,21.15198723,0.6481744,20.96034925,22.07037015,22.83856891,0,1,1,0,0.01,21.15198723,1,0.0225,21.15198723,0,1.2,21.15198723
52.17,21.15864185,0.6661462452,21.09762618,22.19401786,22.86380788,0,1,1,0,0.01,21.15864185,1,0.0225,21.15864185,0,1.2,21.15864185
52.18,21.1652405,0.6603677161,21.20745676,22.08138041,20.63673406,0,1,1,0,0.01,21.1652405,1,0.0225,21.1652405,0,1.2,21.1652405
52.19,21.17176035,0.6573448194,21.19295214,21.84975221,20.94773738,0,1,1,0,0.01,21.17176035,1,0.0225,21.17176035,0,1.2,21.17176035
52.2,21.17826357,0.6507417462,21.3018253,22.13674021,20.15258494,0,1,1,0,0.01,21.17826357,1,0.0225,21.17826357,0,1.2,21.17826357
52.21,21.18481037,0.6601884498,21.16829957,22.28636133,20.10752319,0,1,1,0,0.01,21.18481037,1,0.0225,21.18481037,0,1.2,21.18481037
52.22,21.19140707,0.6441023439,21.16435522,22.27697871,22.2927346,0,1,1,0,0.01,21.19140707,1,0.0225,21.19140707,0,1.2,21.19140707
52.23,21.19783802,0.6266783067,21.13222931,22.20330265,21.11441404,0,1,1,0,0.01,21.19783802,1,0.0225,21.19783802,0,1.2,21.19783802
52.24,21.2040423,0.613812478,21.22293688,22.19423378,19.17366718,0,1,1,0,0.01,21.2040423,1,0.0225,21.2040423,0,1.2,21.2040423
52.25,21.21021071,0.6278830944,21.12987257,22.26792855,21.95921405,0,1,1,0,0.01,21.21021071,1,0.0225,21.21021071,0,1.2,21.21021071
52.26,21.21625937,0.5842147949,21.31313809,22.31443592,20.02689636,0,1,1,0,0.01,21.21625937,1,0.0225,21.21625937,0,1.2,21.21625937
52.27,21.22218995,0.5929979426,20.95677597,22.55515657,19.37227869,0,1,1,0,0.01,21.22218995,1,0.0225,21.22218995,0,1.2,21.22218995
52.28,21.22802445,0.5740531333,21.21010216,22.26891704,22.25110524,0,1,1,0,0.01,21.22802445,1,0.0225,21.22802445,0,1.2,21.22802445
52.29,21.23380633,0.5580605675,21.15319176,22.07832122,20.03892118,0,1,1,0,0.01,21.23380633,1,0.0225,21.23380633,0,1.2,21.23380633
52.3,21.23934633,0.5413446053,21.26139069,22.34807136,21.50561815,0,1,1,0,0.01,21.23934633,1,0.0225,21.23934633,0,1.2,21.23934633
52.31,21.2447982,0.536520155,21.28008999,22.26277352,20.60454548,0,1,1,0,0.01,21.2447982,1,0.0225,21.2447982,0,1.2,21.2447982
52.32,21.25026084,0.5285915619,21.28370094,22.38553678,20.5343596,0,1,1,0,0.01,21.25026084,1,0.0225,21.25026084,0,1.2,21.25026084
52.33,21.25573086,0.5620361196,21.21130561,22.31062567,20.19486246,0,1,1,0,0.01,21.25573086,1,0.0225,21.25573086,0,1.2,21.25573086
52.34,21.2614108,0.5623081667,21.28848893,22.23150134,20.53185983,0,1,1,0,0.01,21.2614108,1,0.0225,21.2614108,0,1.2,21.2614108
52.35,21.26693345,0.5570712743,21.31419699,22.26325495,22.03807009,0,1,1,0,0.01,21.26693345,1,0.0225,21.26693345,0,1.2,21.26693345
52.36,21.27258324,0.5550802017,21.46290345,21.91404321,20.93359937,0,1,1,0,0.01,21.27258324,1,0.0225,21.27258324,0,1.2,21.27258324
52.37,21.27832472,0.5688620492,21.48743469,22.27166862,23.66076536,0,1,1,0,0.01,21.27832472,1,0.0225,21.27832472,0,1.2,21.27832472
52.38,21.28389647,0.53875791,21.22986673,22.24796646,20.39309814,0,1,1,0,0.01,21.28389647,1,0.0225,21.28389647,0,1.2,21.28389647
52.39,21.28910382,0.5077687832,21.35036785,22.49062901,22.04579919,0,1,1,0,0.01,21.28910382,1,0.0225,21.28910382,0,1.2,21.28910382
52.4,21.29420383,0.5276460649,21.14680737,22.0216831,22.23235194,0,1,1,0,0.01,21.29420383,1,0.0225,21.29420383,0,1.2,21.29420383
52.41,21.29967105,0.5420480658,21.3788116,22.24875513,19.29622025,0,1,1,0,0.01,21.29967105,1,0.0225,21.29967105,0,1.2,21.29967105
52.42,21.30522953,0.5694350564,21.45576305,22.19527563,20.21995167,0,1,1,0,0.01,21.30522953,1,0.0225,21.30522953,0,1.2,21.30522953
52.43,21.31073668,0.5413685263,21.39421248,22.1903278,21.19672767,0,1,1,0,0.01,21.31073668,1,0.0225,21.31073668,0,1.2,21.31073668
52.44,21.31592895,0.5050477008,21.21487316,22.33923635,22.74214983,0,1,1,0,0.01,21.31592895,1,0.0225,21.31592895,0,1.2,21.31592895
52.45,21.32106698,0.5112170347,21.24462422,22.33957414,21.23446544,0,1,1,0,0.01,21.32106698,1,0.0225,21.32106698,0,1.2,21.32106698
52.46,21.32622802,0.5193884668,21.2873468,22.31360366,19.7486922,0,1,1,0,0.01,21.32622802,1,0.0225,21.32622802,0,1.2,21.32622802
52.47,21.33134362,0.5094835304,21.36555208,22.11079717,21.76717801,0,1,1,0,0.01,21.33134362,1,0.0225,21.33134362,0,1.2,21.33134362
52.48,21.33626846,0.4907673933,21.32990127,22.30043424,22.33328782,0,1,1,0,0.01,21.33626846,1,0.0225,21.33626846,0,1.2,21.33626846
52.49,21.34101987,0.4480119799,21.39859057,22.4982663,21.39048145,0,1,1,0,0.01,21.34101987,1,0.0225,21.34101987,0,1.2,21.34101987
52.5,21.34559359,0.4581805099,21.33480773,22.31394656,21.17460257,0,1,1,0,0.01,21.34559359,1,0.0225,21.34559359,0,1.2,21.34559359
52.51,21.35022841,0.4723619479,21.27658818,22.54954698,21.98020651,0,1,1,0,0.01,21.35022841,1,0.0225,21.35022841,0,1.2,21.35022841
52.52,21.35503163,0.481822632,21.38470045,22.28584418,20.51488502,0,1,1,0,0.01,21.35503163,1,0.0225,21.35503163,0,1.2,21.35503163
52.53,21.35987331,0.4999189702,21.26696321,22.38145948,21.35324058,0,1,1,0,0.01,21.35987331,1,0.0225,21.35987331,0,1.2,21.35987331
52.54,21.3650664,0.5328910847,21.40194969,22.26932396,21.76976767,0,1,1,0,0.01,21.3650664,1,0.0225,21.3650664,0,1.2,21.3650664
52.55,21.37060959,0.5367471201,21.54443026,22.48934753,20.91298698,0,1,1,0,0.01,21.37060959,1,0.0225,21.37060959,0,1.2,21.37060959
52.56,21.37613643,0.5649710388,21.3244933,22.21194479,19.9577376,0,1,1,0,0.01,21.37613643,1,0.0225,21.37613643,0,1.2,21.37613643
52.57,21.38188355,0.6003118627,21.54837316,22.3326612,20.75697211,0,1,1,0,0.01,21.38188355,1,0.0225,21.38188355,0,1.2,21.38188355
52.58,21.38782534,0.5947613211,21.28866849,22.41675133,19.82584265,0,1,1,0,0.01,21.38782534,1,0.0225,21.38782534,0,1.2,21.38782534
52.59,21.39393838,0.6290551729,21.386757,22.44052427,23.27095745,0,1,1,0,0.01,21.39393838,1,0.0225,21.39393838,0,1.2,21.39393838
52.6,21.40006291,0.6203345466,21.28723958,22.49967768,21.21020933,0,1,1,0,0.01,21.40006291,1,0.0225,21.40006291,0,1.2,21.40006291
52.61,21.40635218,0.611413222,21.32823674,22.31939897,21.83466038,0,1,1,0,0.01,21.40635218,1,0.0225,21.40635218,0,1.2,21.40635218
52.62,21.41233136,0.5638124284,21.48547304,22.24312512,22.41751685,0,1,1,0,0.01,21.41233136,1,0.0225,21.41233136,0,1.2,21.41233136
52.63,21.41776151,0.5275938923,21.52835241,22.55851819,20.56281644,0,1,1,0,0.01,21.41776151,1,0.0225,21.41776151,0,1.2,21.41776151
52.64,21.42300124,0.5325438355,21.46733634,22.54236749,21.54023617,0,1,1,0,0.01,21.42300124,1,0.0225,21.42300124,0,1.2,21.42300124
52.65,21.42828233,0.5337473947,21.59113404,22.42677613,20.22987379,0,1,1,0,0.01,21.42828233,1,0.0225,21.42828233,0,1.2,21.42828233
52.66,21.43367427,0.5344364992,21.39318842,22.36646802,20.96456269,0,1,1,0,0.01,21.43367427,1,0.0225,21.43367427,0,1.2,21.43367427
52.67,21.43911501,0.5503043109,21.54195467,22.30685774,22.88619366,0,1,1,0,0.01,21.43911501,1,0.0225,21.43911501,0,1.2,21.43911501
52.68,21.4446739,0.5674857876,21.53946778,22.32595036,20.57844471,0,1,1,0,0.01,21.4446739,1,0.0225,21.4446739,0,1.2,21.4446739
52.69,21.45029447,0.5577823698,21.43205971,22.24767664,20.19728163,0,1,1,0,0.01,21.45029447,1,0.0225,21.45029447,0,1.2,21.45029447
52.7,21.45585932,0.5667576023,21.50167284,22.43530361,21.72323237,0,1,1,0,0.01,21.45585932,1,0.0225,21.45585932,0,1.2,21.45585932
52.71,21.46147754,0.5579555949,21.42889028,22.68464868,22.26242126,0,1,1,0,0.01,21.46147754,1,0.0225,21.46147754,0,1.2,21.46147754
52.72,21.46675705,0.5226217422,21.39717423,22.71527199,18.85137843,0,1,1,0,0.01,21.46675705,1,0.0225,21.46675705,0,1.2,21.46675705
52.73,21.47192042,0.5337641318,21.29030912,22.57065814,20.57802893,0,1,1,0,0.01,21.47192042,1,0.0225,21.47192042,0,1.2,21.47192042
52.74,21.47736305,0.5536833406,21.48566728,22.61412948,21.57872802,0,1,1,0,0.01,21.47736305,1,0.0225,21.47736305,0,1.2,21.47736305
52.75,21.48295294,0.5449114824,21.3557258,22.48920651,21.10875372,0,1,1,0,0.01,21.48295294,1,0.0225,21.48295294,0,1.2,21.48295294
52.76,21.48849112,0.5660432044,21.60274493,22.49769034,19.53129759,0,1,1,0,0.01,21.48849112,1,0.0225,21.48849112,0,1.2,21.48849112
52.77,21.49421253,0.5851312628,21.51636973,22.35832325,21.39710988,0,1,1,0,0.01,21.49421253,1,0.0225,21.49421253,0,1.2,21.49421253
52.78,21.50007686,0.5873497673,21.36652938,22.36054489,23.4537579,0,1,1,0,0.01,21.50007686,1,0.0225,21.50007686,0,1.2,21.50007686
52.79,21.50596417,0.5873058008,21.56492208,22.35937165,20.41462476,0,1,1,0,0.01,21.50596417,1,0.0225,21.50596417,0,1.2,21.50596417
52.8,21.51180498,0.5946177941,21.38486822,22.48190174,22.25576896,0,1,1,0,0.01,21.51180498,1,0.0225,21.51180498,0,1.2,21.51180498
52.81,21.51766114,0.5672036324,21.55595919,22.59256502,23.60418431,0,1,1,0,0.01,21.51766114,1,0.0225,21.51766114,0,1.2,21.51766114
52.82,21.52337446,0.5651011558,21.5362369,22.605449,21.78833519,0,1,1,0,0.01,21.52337446,1,0.0225,21.52337446,0,1.2,21.52337446
52.83,21.5290757,0.5793420845,21.51856071,22.72911815,20.31492141,0,1,1,0,0.01,21.5290757,1,0.0225,21.5290757,0,1.2,21.5290757
52.84,21.53486763,0.5737546945,21.596515,22.51255657,18.92672999,0,1,1,0,0.01,21.53486763,1,0.0225,21.53486763,0,1.2,21.53486763
52.85,21.54034777,0.5310566045,21.59162618,22.61266907,22.09451034,0,1,1,0,0.01,21.54034777,1,0.0225,21.54034777,0,1.2,21.54034777
52.86,21.54562828,0.5215089936,21.6381242,22.5056126,21.08422132,0,1,1,0,0.01,21.54562828,1,0.0225,21.54562828,0,1.2,21.54562828
52.87,21.55066285,0.4820477059,21.36592146,22.59272548,21.17124975,0,1,1,0,0.01,21.55066285,1,0.0225,21.55066285,0,1.2,21.55066285
52.88,21.55563896,0.522909026,21.60767104,22.52068846,20.36873438,0,1,1,0,0.01,21.55563896,1,0.0225,21.55563896,0,1.2,21.55563896
52.89,21.56092872,0.5129072743,21.66779397,22.75141382,21.68617509,0,1,1,0,0.01,21.56092872,1,0.0225,21.56092872,0,1.2,21.56092872
52.9,21.56597323,0.5038775564,21.67402854,22.59750909,21.58654397,0,1,1,0,0.01,21.56597323,1,0.0225,21.56597323,0,1.2,21.56597323
52.91,21.57089538,0.4997537372,21.68393025,22.78188116,22.53655171,0,1,1,0,0.01,21.57089538,1,0.0225,21.57089538,0,1.2,21.57089538
52.92,21.57612483,0.5520662023,21.84837264,22.37784262,21.27838954,0,1,1,0,0.01,21.57612483,1,0.0225,21.57612483,0,1.2,21.57612483
52.93,21.58167442,0.5605825464,21.51737788,22.33627671,24.94804715,0,1,1,0,0.01,21.58167442,1,0.0225,21.58167442,0,1.2,21.58167442
52.94,21.58720985,0.5547819577,21.56866459,22.67863039,21.30550366,0,1,1,0,0.01,21.58720985,1,0.0225,21.58720985,0,1.2,21.58720985
52.95,21.59281826,0.5697628018,21.56688455,22.81009208,20.72702044,0,1,1,0,0.01,21.59281826,1,0.0225,21.59281826,0,1.2,21.59281826
52.96,21.59897922,0.6453777088,21.61145144,23.01058518,22.46027047,0,1,1,0,0.01,21.59897922,1,0.0225,21.59897922,0,1.2,21.59897922
52.97,21.60551944,0.6665057206,21.60898138,22.43334177,21.49486757,0,1,1,0,0.01,21.60551944,1,0.0225,21.60551944,0,1.2,21.60551944
52.98,21.61220858,0.6801000872,21.58360884,22.55651421,20.94388998,0,1,1,0,0.01,21.61220858,1,0.0225,21.61220858,0,1.2,21.61220858
52.99,21.6190298,0.6757584793,21.68634652,22.56489004,22.41140991,0,1,1,0,0.01,21.6190298,1,0.0225,21.6190298,0,1.2,21.6190298
53,21.62577387,0.678344044,21.66533571,22.63812924,21.10664316,0,1,1,0,0.01,21.62577387,1,0.0225,21.62577387,0,1.2,21.62577387
53.01,21.63253313,0.6950025012,21.74337633,22.67448748,22.48895996,0,1,1,0,0.01,21.63253313,1,0.0225,21.63253313,0,1.2,21.63253313
53.02,21.63955289,0.7111508882,21.51830672,22.74112186,21.26062432,0,1,1,0,0.01,21.63955289,1,0.0225,21.63955289,0,1.2,21.63955289
53.03,21.64657298,0.686193777,21.56755565,22.95846336,21.66872867,0,1,1,0,0.01,21.64657298,1,0.0225,21.64657298,0,1.2,21.64657298
53.04,21.6533357,0.6688712332,21.68446292,22.50477854,23.01420421,0,1,1,0,0.01,21.6533357,1,0.0225,21.6533357,0,1.2,21.6533357
53.05,21.66005684,0.6672791005,21.73200906,22.85306929,21.89453981,0,1,1,0,0.01,21.66005684,1,0.0225,21.66005684,0,1.2,21.66005684
53.06,21.6666445,0.6451735653,21.65815698,22.51335106,23.03202328,0,1,1,0,0.01,21.6666445,1,0.0225,21.6666445,0,1.2,21.6666445
53.07,21.67304137,0.638278403,21.73020769,22.86182036,20.08229522,0,1,1,0,0.01,21.67304137,1,0.0225,21.67304137,0,1.2,21.67304137
53.08,21.67937238,0.6467834494,21.6897702,22.56647459,21.60564569,0,1,1,0,0.01,21.67937238,1,0.0225,21.67937238,0,1.2,21.67937238
53.09,21.68569753,0.6389176851,21.56607103,22.63673393,21.82424369,0,1,1,0,0.01,21.68569753,1,0.0225,21.68569753,0,1.2,21.68569753
53.1,21.69195727,0.6231151922,21.72660418,22.56774036,23.14904541,0,1,1,0,0.01,21.69195727,1,0.0225,21.69195727,0,1.2,21.69195727
53.11,21.69807061,0.6183785992,21.67360205,22.99244127,23.55938948,0,1,1,0,0.01,21.69807061,1,0.0225,21.69807061,0,1.2,21.69807061
53.12,21.70428545,0.6489395332,21.9451072,22.66155197,21.61776833,0,1,1,0,0.01,21.70428545,1,0.0225,21.70428545,0,1.2,21.70428545
53.13,21.71082584,0.6450374842,21.61899733,22.53701674,20.52870088,0,1,1,0,0.01,21.71082584,1,0.0225,21.71082584,0,1.2,21.71082584
53.14,21.71722836,0.6439449075,21.73052546,22.61506063,22.62410913,0,1,1,0,0.01,21.71722836,1,0.0225,21.71722836,0,1.2,21.71722836
53.15,21.72375403,0.6547533916,21.77416149,22.96709639,19.8467225,0,1,1,0,0.01,21.72375403,1,0.0225,21.72375403,0,1.2,21.72375403
53.16,21.73039855,0.6639686462,21.96375516,22.84678723,21.92466548,0,1,1,0,0.01,21.73039855,1,0.0225,21.73039855,0,1.2,21.73039855
53.17,21.73693625,0.6290243645,21.89826746,22.74291454,22.49038803,0,1,1,0,0.01,21.73693625,1,0.0225,21.73693625,0,1.2,21.73693625
53.18,21.74329635,0.6399422395,21.75578016,22.5615259,20.08445853,0,1,1,0,0.01,21.74329635,1,0.0225,21.74329635,0,1.2,21.74329635
53.19,21.74960007,0.6262987757,21.91243436,22.79519086,23.3568815,0,1,1,0,0.01,21.74960007,1,0.0225,21.74960007,0,1.2,21.74960007
53.2,21.75580771,0.6120603583,21.58892626,22.71406928,21.91477601,0,1,1,0,0.01,21.75580771,1,0.0225,21.75580771,0,1.2,21.75580771
53.21,21.76182893,0.5984990741,21.78000662,22.65239037,22.7753064,0,1,1,0,0.01,21.76182893,1,0.0225,21.76182893,0,1.2,21.76182893
53.22,21.76785429,0.6111127547,21.77450653,22.82697449,21.30237652,0,1,1,0,0.01,21.76785429,1,0.0225,21.76785429,0,1.2,21.76785429
53.23,21.77392951,0.6000996393,21.71669334,22.56690976,20.95048741,0,1,1,0,0.01,21.77392951,1,0.0225,21.77392951,0,1.2,21.77392951
53.24,21.77987817,0.6041435003,21.76907564,22.80172752,20.11717085,0,1,1,0,0.01,21.77987817,1,0.0225,21.77987817,0,1.2,21.77987817
53.25,21.78609545,0.6412975666,21.76371311,22.730622,20.59647204,0,1,1,0,0.01,21.78609545,1,0.0225,21.78609545,0,1.2,21.78609545
53.26,21.79249917,0.6421913448,21.76842965,22.75781747,21.7563024,0,1,1,0,0.01,21.79249917,1,0.0225,21.79249917,0,1.2,21.79249917
53.27,21.79915055,0.7019237802,21.79892814,22.65723377,21.76915702,0,1,1,0,0.01,21.79915055,1,0.0225,21.79915055,0,1.2,21.79915055
53.28,21.80620433,0.7071628432,21.89335362,22.67590368,21.58866583,0,1,1,0,0.01,21.80620433,1,0.0225,21.80620433,0,1.2,21.80620433
53.29,21.81319282,0.6930861744,21.77739956,22.83937227,22.54623365,0,1,1,0,0.01,21.81319282,1,0.0225,21.81319282,0,1.2,21.81319282
53.3,21.82012422,0.6926176786,21.78523348,22.77698734,22.82579319,0,1,1,0,0.01,21.82012422,1,0.0225,21.82012422,0,1.2,21.82012422
53.31,21.82713812,0.7234597718,21.73087978,22.63091771,22.60200107,0,1,1,0,0.01,21.82713812,1,0.0225,21.82713812,0,1.2,21.82713812
53.32,21.83442545,0.7339464513,21.84883946,22.6558617,21.51432072,0,1,1,0,0.01,21.83442545,1,0.0225,21.83442545,0,1.2,21.83442545
53.33,21.84151656,0.6852742481,21.82825019,22.95574601,21.76977704,0,1,1,0,0.01,21.84151656,1,0.0225,21.84151656,0,1.2,21.84151656
53.34,21.8482011,0.6638663023,21.79088422,22.92111993,21.77540417,0,1,1,0,0.01,21.8482011,1,0.0225,21.8482011,0,1.2,21.8482011
53.35,21.85508025,0.6864594038,21.94694246,22.70300981,21.35671752,0,1,1,0,0.01,21.85508025,1,0.0225,21.85508025,0,1.2,21.85508025
53.36,21.86189778,0.6694469315,21.79479977,22.98703698,20.76802778,0,1,1,0,0.01,21.86189778,1,0.0225,21.86189778,0,1.2,21.86189778
53.37,21.86887021,0.7336194877,21.94159765,22.81427157,21.19398512,0,1,1,0,0.01,21.86887021,1,0.0225,21.86887021,0,1.2,21.86887021
53.38,21.87614393,0.7031428306,21.97418574,22.77700409,21.52754161,0,1,1,0,0.01,21.87614393,1,0.0225,21.87614393,0,1.2,21.87614393
53.39,21.88310329,0.7116469619,21.87895378,22.81207846,22.79428544,0,1,1,0,0.01,21.88310329,1,0.0225,21.88310329,0,1.2,21.88310329
53.4,21.89027851,0.7013558755,21.74766057,22.99641217,22.44826171,0,1,1,0,0.01,21.89027851,1,0.0225,21.89027851,0,1.2,21.89027851
53.41,21.89721868,0.708372173,21.80365179,22.80436536,20.73630577,0,1,1,0,0.01,21.89721868,1,0.0225,21.89721868,0,1.2,21.89721868
53.42,21.90440035,0.7082482603,21.74853974,22.93183484,22.42630266,0,1,1,0,0.01,21.90440035,1,0.0225,21.90440035,0,1.2,21.90440035
53.43,21.91126863,0.6662182671,21.85786299,22.78632167,20.00442023,0,1,1,0,0.01,21.91126863,1,0.0225,21.91126863,0,1.2,21.91126863
53.44,21.91788836,0.6570592234,21.93517463,22.84792654,22.81236525,0,1,1,0,0.01,21.91788836,1,0.0225,21.91788836,0,1.2,21.91788836
53.45,21.92431847,0.6400308542,21.89295589,23.01567068,21.71033062,0,1,1,0,0.01,21.92431847,1,0.0225,21.92431847,0,1.2,21.92431847
53.46,21.93098414,0.6586061212,22.07551627,22.85815859,22.18491126,0,1,1,0,0.01,21.93098414,1,0.0225,21.93098414,0,1.2,21.93098414
53.47,21.9375998,0.6610286607,21.94163548,22.95786343,22.08287908,0,1,1,0,0.01,21.9375998,1,0.0225,21.9375998,0,1.2,21.9375998
53.48,21.94417194,0.6691385871,21.76844589,23.16800224,22.09777535,0,1,1,0,0.01,21.94417194,1,0.0225,21.94417194,0,1.2,21.94417194
53.49,21.95088815,0.662032712,22.08392056,22.98824087,22.37184193,0,1,1,0,0.01,21.95088815,1,0.0225,21.95088815,0,1.2,21.95088815
53.5,21.95750743,0.66366226,22.06124323,23.13110225,22.23420428,0,1,1,0,0.01,21.95750743,1,0.0225,21.95750743,0,1.2,21.95750743
53.51,21.96417738,0.6621096072,21.96630569,22.91902581,21.68584598,0,1,1,0,0.01,21.96417738,1,0.0225,21.96417738,0,1.2,21.96417738
53.52,21.97111999,0.7251525019,21.78849305,23.05932661,21.33313794,0,1,1,0,0.01,21.97111999,1,0.0225,21.97111999,0,1.2,21.97111999
53.53,21.97814921,0.7015546992,21.96975784,22.81648441,20.76046193,0,1,1,0,0.01,21.97814921,1,0.0225,21.97814921,0,1.2,21.97814921
53.54,21.98509454,0.6822988327,21.87094642,23.13882783,23.75380368,0,1,1,0,0.01,21.98509454,1,0.0225,21.98509454,0,1.2,21.98509454
53.55,21.99230227,0.7379326162,21.75175686,22.93784401,23.12900133,0,1,1,0,0.01,21.99230227,1,0.0225,21.99230227,0,1.2,21.99230227
53.56,21.99967031,0.7252440514,21.86578375,22.75798341,21.38048819,0,1,1,0,0.01,21.99967031,1,0.0225,21.99967031,0,1.2,21.99967031
53.57,22.00686045,0.7088574487,22.02231216,23.08443675,22.00369064,0,1,1,0,0.01,22.00686045,1,0.0225,22.00686045,0,1.2,22.00686045
53.58,22.01393245,0.7051865067,21.9966167,22.93939116,23.14406979,0,1,1,0,0.01,22.01393245,1,0.0225,22.01393245,0,1.2,22.01393245
53.59,22.02084176,0.6872779514,22.2023853,23.15276349,20.66167742,0,1,1,0,0.01,22.02084176,1,0.0225,22.02084176,0,1.2,22.02084176
53.6,22.0279234,0.701579828,22.12450851,22.92900853,22.26656712,0,1,1,0,0.01,22.0279234,1,0.0225,22.0279234,0,1.2,22.0279234
53.61,22.03509517,0.7420646287,22.02555527,23.00698791,22.54255746,0,1,1,0,0.01,22.03509517,1,0.0225,22.03509517,0,1.2,22.03509517
53.62,22.04226995,0.6952172216,21.99036047,23.20011924,22.96783345,0,1,1,0,0.01,22.04226995,1,0.0225,22.04226995,0,1.2,22.04226995
53.63,22.04926611,0.6880391022,22.08123178,23.05051193,21.31956886,0,1,1,0,0.01,22.04926611,1,0.0225,22.04926611,0,1.2,22.04926611
53.64,22.05617917,0.6937249629,22.07083316,23.27441552,21.60211479,0,1,1,0,0.01,22.05617917,1,0.0225,22.05617917,0,1.2,22.05617917
53.65,22.06309582,0.6988398085,21.9952811,23.07290673,23.52503599,0,1,1,0,0.01,22.06309582,1,0.0225,22.06309582,0,1.2,22.06309582
53.66,22.07038249,0.7462146187,21.9957624,23.1280871,23.28720888,0,1,1,0,0.01,22.07038249,1,0.0225,22.07038249,0,1.2,22.07038249
53.67,22.07766525,0.7103175479,22.08630866,23.11662724,22.57342107,0,1,1,0,0.01,22.07766525,1,0.0225,22.07766525,0,1.2,22.07766525
53.68,22.08477123,0.7032937932,21.88583431,23.09275284,22.71974544,0,1,1,0,0.01,22.08477123,1,0.0225,22.08477123,0,1.2,22.08477123
53.69,22.09186015,0.7020026964,22.13582665,23.05659625,19.3327603,0,1,1,0,0.01,22.09186015,1,0.0225,22.09186015,0,1.2,22.09186015
53.7,22.09888134,0.7072603798,22.27103039,23.43223945,21.34190286,0,1,1,0,0.01,22.09888134,1,0.0225,22.09888134,0,1.2,22.09888134
53.71,22.10602692,0.7113521091,22.1607784,23.08621083,22.33072939,0,1,1,0,0.01,22.10602692,1,0.0225,22.10602692,0,1.2,22.10602692
53.72,22.11317897,0.7307340889,21.98338993,23.3267055,22.21738403,0,1,1,0,0.01,22.11317897,1,0.0225,22.11317897,0,1.2,22.11317897
53.73,22.12065405,0.7613809438,22.14302213,23.08855892,20.59418388,0,1,1,0,0.01,22.12065405,1,0.0225,22.12065405,0,1.2,22.12065405
53.74,22.12812989,0.7390864119,22.31530528,23.20611694,23.92356522,0,1,1,0,0.01,22.12812989,1,0.0225,22.12812989,0,1.2,22.12812989
53.75,22.13542103,0.7212375651,22.14002673,22.8688677,20.77136178,0,1,1,0,0.01,22.13542103,1,0.0225,22.13542103,0,1.2,22.13542103
53.76,22.14274854,0.7446769967,22.04856685,23.21981639,23.10110895,0,1,1,0,0.01,22.14274854,1,0.0225,22.14274854,0,1.2,22.14274854
53.77,22.15007559,0.7183957271,22.1471999,23.39882974,22.29738779,0,1,1,0,0.01,22.15007559,1,0.0225,22.15007559,0,1.2,22.15007559
53.78,22.15721784,0.6986071691,22.23873782,22.86010547,22.8449974,0,1,1,0,0.01,22.15721784,1,0.0225,22.15721784,0,1.2,22.15721784
53.79,22.16422893,0.7070450283,22.15372436,23.27340885,21.58482857,0,1,1,0,0.01,22.16422893,1,0.0225,22.16422893,0,1.2,22.16422893
53.8,22.17118057,0.6704384711,22.21603405,23.35261006,20.80652702,0,1,1,0,0.01,22.17118057,1,0.0225,22.17118057,0,1.2,22.17118057
53.81,22.17768909,0.6384078342,22.12798977,23.03865071,21.17457421,0,1,1,0,0.01,22.17768909,1,0.0225,22.17768909,0,1.2,22.17768909
53.82,22.18396721,0.6317827271,22.21553553,23.03468305,21.52881061,0,1,1,0,0.01,22.18396721,1,0.0225,22.18396721,0,1.2,22.18396721
53.83,22.19027059,0.6385307184,22.16017538,23.25250103,23.90976264,0,1,1,0,0.01,22.19027059,1,0.0225,22.19027059,0,1.2,22.19027059
53.84,22.19647515,0.6127200326,22.34963465,23.25228549,22.96472596,0,1,1,0,0.01,22.19647515,1,0.0225,22.19647515,0,1.2,22.19647515
53.85,22.20237002,0.5703794074,22.3030467,23.03039185,22.49508818,0,1,1,0,0.01,22.20237002,1,0.0225,22.20237002,0,1.2,22.20237002
53.86,22.2079203,0.5548514822,22.34143313,23.18444691,23.09278773,0,1,1,0,0.01,22.2079203,1,0.0225,22.2079203,0,1.2,22.2079203
53.87,22.21339658,0.5400133522,22.30499204,23.41555656,24.0143511,0,1,1,0,0.01,22.21339658,1,0.0225,22.21339658,0,1.2,22.21339658
53.88,22.21878506,0.5440587219,22.16458707,23.29858636,22.05225456,0,1,1,0,0.01,22.21878506,1,0.0225,22.21878506,0,1.2,22.21878506
53.89,22.22410188,0.5301162184,22.41841207,23.33516056,21.39257478,0,1,1,0,0.01,22.22410188,1,0.0225,22.22410188,0,1.2,22.22410188
53.9,22.22914876,0.5163040685,22.19701977,23.21647304,22.23150983,0,1,1,0,0.01,22.22914876,1,0.0225,22.22914876,0,1.2,22.22914876
53.91,22.23436668,0.5403182682,22.35821043,23.28504468,20.37838958,0,1,1,0,0.01,22.23436668,1,0.0225,22.23436668,0,1.2,22.23436668
53.92,22.23986784,0.5724721565,22.22798573,23.15312777,22.0352503,0,1,1,0,0.01,22.23986784,1,0.0225,22.23986784,0,1.2,22.23986784
53.93,22.24569768,0.5932171713,22.30297766,23.29530338,22.92755199,0,1,1,0,0.01,22.24569768,1,0.0225,22.24569768,0,1.2,22.24569768
53.94,22.25152574,0.5538371068,22.26846357,23.2797901,22.52758825,0,1,1,0,0.01,22.25152574,1,0.0225,22.25152574,0,1.2,22.25152574
53.95,22.25704016,0.5528743494,22.19745709,23.2837338,21.59338924,0,1,1,0,0.01,22.25704016,1,0.0225,22.25704016,0,1.2,22.25704016
53.96,22.2625172,0.5402271597,22.41092456,23.47239204,22.49483955,0,1,1,0,0.01,22.2625172,1,0.0225,22.2625172,0,1.2,22.2625172
53.97,22.26783078,0.536729857,22.23517369,23.35518675,22.69493982,0,1,1,0,0.01,22.26783078,1,0.0225,22.26783078,0,1.2,22.26783078
53.98,22.27317896,0.5313213752,22.24736254,23.24797137,23.3022008,0,1,1,0,0.01,22.27317896,1,0.0225,22.27317896,0,1.2,22.27317896
53.99,22.27842359,0.5122541586,22.34546857,23.10365668,22.1288724,0,1,1,0,0.01,22.27842359,1,0.0225,22.27842359,0,1.2,22.27842359
54,22.28312988,0.4636343544,22.28943482,23.18989215,19.14805204,0,1,1,0,0.01,22.28312988,1,0.0225,22.28312988,0,1.2,22.28312988
54.01,22.2879071,0.4861774717,22.11446976,23.31421726,22.74297759,0,1,1,0,0.01,22.2879071,1,0.0225,22.2879071,0,1.2,22.2879071
54.02,22.29279195,0.4807070118,22.27470761,23.49719684,23.33797381,0,1,1,0,0.01,22.29279195,1,0.0225,22.29279195,0,1.2,22.29279195
54.03,22.29750897,0.4723493681,22.30469337,23.28990888,22.37304733,0,1,1,0,0.01,22.29750897,1,0.0225,22.29750897,0,1.2,22.29750897
54.04,22.30214232,0.4841824315,22.22389907,23.36655547,21.86481317,0,1,1,0,0.01,22.30214232,1,0.0225,22.30214232,0,1.2,22.30214232
54.05,22.30692895,0.4767296302,22.3578809,23.03107556,22.48528167,0,1,1,0,0.01,22.30692895,1,0.0225,22.30692895,0,1.2,22.30692895
54.06,22.31161548,0.4585389012,22.28051976,23.31263646,21.91125058,0,1,1,0,0.01,22.31161548,1,0.0225,22.31161548,0,1.2,22.31161548
54.07,22.31622325,0.4752707631,22.20389442,22.89000312,23.60785889,0,1,1,0,0.01,22.31622325,1,0.0225,22.31622325,0,1.2,22.31622325
54.08,22.32086757,0.4507088937,22.34070111,23.54783039,22.27993368,0,1,1,0,0.01,22.32086757,1,0.0225,22.32086757,0,1.2,22.32086757
54.09,22.32524647,0.4434887327,22.3213957,23.34157798,22.26935995,0,1,1,0,0.01,22.32524647,1,0.0225,22.32524647,0,1.2,22.32524647
54.1,22.32959,0.4452685914,22.42875099,23.3536136,22.93516869,0,1,1,0,0.01,22.32959,1,0.0225,22.32959,0,1.2,22.32959
54.11,22.33400859,0.4406946976,22.31820376,23.0551361,22.86387651,0,1,1,0,0.01,22.33400859,1,0.0225,22.33400859,0,1.2,22.33400859
54.12,22.33845713,0.4460181752,22.33216478,23.70421291,19.4631909,0,1,1,0,0.01,22.33845713,1,0.0225,22.33845713,0,1.2,22.33845713
54.13,22.34301638,0.4624189869,22.33808422,23.53592514,23.30714272,0,1,1,0,0.01,22.34301638,1,0.0225,22.34301638,0,1.2,22.34301638
54.14,22.34758229,0.4724050838,22.16145002,23.58899105,22.76030138,0,1,1,0,0.01,22.34758229,1,0.0225,22.34758229,0,1.2,22.34758229
54.15,22.3523654,0.4875688045,22.3021599,23.35654655,21.39391005,0,1,1,0,0.01,22.3523654,1,0.0225,22.3523654,0,1.2,22.3523654
54.16,22.35719146,0.48841103,22.27147551,23.15297107,23.15464735,0,1,1,0,0.01,22.35719146,1,0.0225,22.35719146,0,1.2,22.35719146
54.17,22.36219146,0.522712571,22.4697714,22.98043946,22.88384808,0,1,1,0,0.01,22.36219146,1,0.0225,22.36219146,0,1.2,22.36219146
54.18,22.3673463,0.5343637885,22.35496021,23.14473125,22.16194266,0,1,1,0,0.01,22.3673463,1,0.0225,22.3673463,0,1.2,22.3673463
54.19,22.37255529,0.5431452259,22.47131546,23.29742743,22.46185225,0,1,1,0,0.01,22.37255529,1,0.0225,22.37255529,0,1.2,22.37255529
54.2,22.37810674,0.5685946586,22.45953086,23.18402477,20.85013347,0,1,1,0,0.01,22.37810674,1,0.0225,22.37810674,0,1.2,22.37810674
54.21,22.38382072,0.5705781834,22.46847743,23.54445037,22.42238019,0,1,1,0,0.01,22.38382072,1,0.0225,22.38382072,0,1.2,22.38382072
54.22,22.38953648,0.5744729982,22.34947906,23.4440068,22.37693932,0,1,1,0,0.01,22.38953648,1,0.0225,22.38953648,0,1.2,22.38953648
54.23,22.3951627,0.5708077787,22.47973927,23.48418126,21.37198447,0,1,1,0,0.01,22.3951627,1,0.0225,22.3951627,0,1.2,22.3951627
54.24,22.40065185,0.5391637649,22.38131555,23.39233651,22.33589454,0,1,1,0,0.01,22.40065185,1,0.0225,22.40065185,0,1.2,22.40065185
54.25,22.40608493,0.5569232776,22.35793389,23.40147297,22.76989305,0,1,1,0,0.01,22.40608493,1,0.0225,22.40608493,0,1.2,22.40608493
54.26,22.41183585,0.5904005976,22.54758719,23.66201119,21.49010296,0,1,1,0,0.01,22.41183585,1,0.0225,22.41183585,0,1.2,22.41183585
54.27,22.41769885,0.5814078373,22.47533798,23.43265993,21.65164957,0,1,1,0,0.01,22.41769885,1,0.0225,22.41769885,0,1.2,22.41769885
54.28,22.42356716,0.5730178001,22.51543297,23.28850605,20.91825613,0,1,1,0,0.01,22.42356716,1,0.0225,22.42356716,0,1.2,22.42356716
54.29,22.4291515,0.5577157664,22.36622604,23.52473615,21.81595074,0,1,1,0,0.01,22.4291515,1,0.0225,22.4291515,0,1.2,22.4291515
54.3,22.43486334,0.5672896196,22.47444253,23.42357343,22.03123241,0,1,1,0,0.01,22.43486334,1,0.0225,22.43486334,0,1.2,22.43486334
54.31,22.44045944,0.5683317952,22.3788111,23.3499136,21.57194912,0,1,1,0,0.01,22.44045944,1,0.0225,22.44045944,0,1.2,22.44045944
54.32,22.44619221,0.5612134609,22.39094034,23.59751349,20.56927959,0,1,1,0,0.01,22.44619221,1,0.0225,22.44619221,0,1.2,22.44619221
54.33,22.45167251,0.5306792917,22.4163789,23.61459793,24.54125915,0,1,1,0,0.01,22.45167251,1,0.0225,22.45167251,0,1.2,22.45167251
54.34,22.45692325,0.5200671206,22.38113244,23.35792409,20.31111698,0,1,1,0,0.01,22.45692325,1,0.0225,22.45692325,0,1.2,22.45692325
54.35,22.46224001,0.5285548063,22.3815312,23.67461362,21.57588976,0,1,1,0,0.01,22.46224001,1,0.0225,22.46224001,0,1.2,22.46224001
54.36,22.46749182,0.5281401699,22.55529781,23.57852683,24.78627076,0,1,1,0,0.01,22.46749182,1,0.0225,22.46749182,0,1.2,22.46749182
54.37,22.47266334,0.5127327012,22.39164489,23.56838001,22.38785802,0,1,1,0,0.01,22.47266334,1,0.0225,22.47266334,0,1.2,22.47266334
54.38,22.47774023,0.5088210555,22.34230852,23.3954703,23.06407198,0,1,1,0,0.01,22.47774023,1,0.0225,22.47774023,0,1.2,22.47774023
54.39,22.48291248,0.5328227228,22.46378965,23.34348276,22.00998117,0,1,1,0,0.01,22.48291248,1,0.0225,22.48291248,0,1.2,22.48291248
54.4,22.48832311,0.5661540872,22.59089628,23.31415451,21.11687733,0,1,1,0,0.01,22.48832311,1,0.0225,22.48832311,0,1.2,22.48832311
54.41,22.49398269,0.5863871468,22.3393057,23.57693215,22.68595399,0,1,1,0,0.01,22.49398269,1,0.0225,22.49398269,0,1.2,22.49398269
54.42,22.49983882,0.5775188035,22.62022642,23.42971831,24.18896813,0,1,1,0,0.01,22.49983882,1,0.0225,22.49983882,0,1.2,22.49983882
54.43,22.50551418,0.5616081405,22.4628188,23.58244264,21.87819581,0,1,1,0,0.01,22.50551418,1,0.0225,22.50551418,0,1.2,22.50551418
54.44,22.51105134,0.5434264715,22.58824481,23.51433416,24.33730179,0,1,1,0,0.01,22.51105134,1,0.0225,22.51105134,0,1.2,22.51105134
54.45,22.51647518,0.5473862603,22.45332104,23.53376872,22.76178167,0,1,1,0,0.01,22.51647518,1,0.0225,22.51647518,0,1.2,22.51647518
54.46,22.52181712,0.5305373992,22.5806486,23.5606525,20.03484027,0,1,1,0,0.01,22.52181712,1,0.0225,22.52181712,0,1.2,22.52181712
54.47,22.52701755,0.5127254886,22.601268,23.63282033,21.70813274,0,1,1,0,0.01,22.52701755,1,0.0225,22.52701755,0,1.2,22.52701755
54.48,22.53205423,0.500570593,22.52407808,23.56578439,21.74426355,0,1,1,0,0.01,22.53205423,1,0.0225,22.53205423,0,1.2,22.53205423
54.49,22.5370353,0.5129471315,22.40507503,23.8225821,23.56853677,0,1,1,0,0.01,22.5370353,1,0.0225,22.5370353,0,1.2,22.5370353
54.5,22.54248733,0.5698942525,22.37819229,23.52775545,21.65523714,0,1,1,0,0.01,22.54248733,1,0.0225,22.54248733,0,1.2,22.54248733
54.51,22.54814977,0.5496659073,22.51753522,23.50524036,23.12130466,0,1,1,0,0.01,22.54814977,1,0.0225,22.54814977,0,1.2,22.54814977
54.52,22.55357569,0.5483832808,22.6270447,23.52064994,20.91335035,0,1,1,0,0.01,22.55357569,1,0.0225,22.55357569,0,1.2,22.55357569
54.53,22.55919533,0.579514786,22.5206735,23.64155247,22.99307129,0,1,1,0,0.01,22.55919533,1,0.0225,22.55919533,0,1.2,22.55919533
54.54,22.56505206,0.5843754175,22.61155493,23.56349554,24.81541205,0,1,1,0,0.01,22.56505206,1,0.0225,22.56505206,0,1.2,22.56505206
54.55,22.57084374,0.560706661,22.50690469,23.47348358,22.73526556,0,1,1,0,0.01,22.57084374,1,0.0225,22.57084374,0,1.2,22.57084374
54.56,22.57657917,0.5816106006,22.41452064,23.41551005,24.08336325,0,1,1,0,0.01,22.57657917,1,0.0225,22.57657917,0,1.2,22.57657917
54.57,22.58216954,0.5783131584,22.53690241,23.56066542,21.53142524,0,1,1,0,0.01,22.58216954,1,0.0225,22.58216954,0,1.2,22.58216954
54.58,22.58791527,0.5594496135,22.47038341,23.28917533,22.9479201,0,1,1,0,0.01,22.58791527,1,0.0225,22.58791527,0,1.2,22.58791527
54.59,22.59354345,0.5670347514,22.52130073,23.64205737,21.40599397,0,1,1,0,0.01,22.59354345,1,0.0225,22.59354345,0,1.2,22.59354345
54.6,22.5992163,0.5742819211,22.6680049,23.82353361,20.77524865,0,1,1,0,0.01,22.5992163,1,0.0225,22.5992163,0,1.2,22.5992163
54.61,22.60526898,0.6038373533,22.71405433,23.63513288,20.14257136,0,1,1,0,0.01,22.60526898,1,0.0225,22.60526898,0,1.2,22.60526898
54.62,22.61116181,0.5929961306,22.5771665,23.79966849,22.56313073,0,1,1,0,0.01,22.61116181,1,0.0225,22.61116181,0,1.2,22.61116181
54.63,22.61695937,0.5687044584,22.7248295,23.27604843,22.32689271,0,1,1,0,0.01,22.61695937,1,0.0225,22.61695937,0,1.2,22.61695937
54.64,22.62262657,0.5596904109,22.50655938,23.50175604,21.0933018,0,1,1,0,0.01,22.62262657,1,0.0225,22.62262657,0,1.2,22.62262657
54.65,22.62815961,0.5446098955,22.78457442,23.3991855,22.63462207,0,1,1,0,0.01,22.62815961,1,0.0225,22.62815961,0,1.2,22.62815961
54.66,22.63348223,0.5256391308,22.47827522,23.72645491,23.0667226,0,1,1,0,0.01,22.63348223,1,0.0225,22.63348223,0,1.2,22.63348223
54.67,22.63880059,0.5467276609,22.49559695,23.70672293,22.76401115,0,1,1,0,0.01,22.63880059,1,0.0225,22.63880059,0,1.2,22.63880059
54.68,22.64439555,0.5544813997,22.62136628,23.55849258,22.292945,0,1,1,0,0.01,22.64439555,1,0.0225,22.64439555,0,1.2,22.64439555
54.69,22.64983366,0.5255252842,22.68799335,23.58073715,20.6182857,0,1,1,0,0.01,22.64983366,1,0.0225,22.64983366,0,1.2,22.64983366
54.7,22.65504573,0.5163811419,22.82265385,23.62961217,20.83629203,0,1,1,0,0.01,22.65504573,1,0.0225,22.65504573,0,1.2,22.65504573
54.71,22.66014365,0.5081399265,22.7778183,23.93517888,21.82704764,0,1,1,0,0.01,22.66014365,1,0.0225,22.66014365,0,1.2,22.66014365
54.72,22.66522854,0.5211414445,22.59905591,23.50175307,22.76171345,0,1,1,0,0.01,22.66522854,1,0.0225,22.66522854,0,1.2,22.66522854
54.73,22.67047699,0.5153483099,22.69679006,23.85242786,22.52012626,0,1,1,0,0.01,22.67047699,1,0.0225,22.67047699,0,1.2,22.67047699
54.74,22.6755729,0.505301884,22.74598884,23.62436127,19.47123521,0,1,1,0,0.01,22.6755729,1,0.0225,22.6755729,0,1.2,22.6755729
54.75,22.68060892,0.5080085766,22.81519568,23.84678669,22.83074593,0,1,1,0,0.01,22.68060892,1,0.0225,22.68060892,0,1.2,22.68060892
54.76,22.68565585,0.5095553267,22.64334887,23.68277236,21.10783001,0,1,1,0,0.01,22.68565585,1,0.0225,22.68565585,0,1.2,22.68565585
54.77,22.690742,0.5070964619,22.62051182,23.5127811,21.37997906,0,1,1,0,0.01,22.690742,1,0.0225,22.690742,0,1.2,22.690742
54.78,22.69556992,0.467676188,22.81400029,23.74298588,23.42701179,0,1,1,0,0.01,22.69556992,1,0.0225,22.69556992,0,1.2,22.69556992
54.79,22.70040243,0.5149858549,22.8881059,23.62993927,23.92773997,0,1,1,0,0.01,22.70040243,1,0.0225,22.70040243,0,1.2,22.70040243
54.8,22.70547301,0.4887439875,22.71370535,23.84719964,22.86439948,0,1,1,0,0.01,22.70547301,1,0.0225,22.70547301,0,1.2,22.70547301
54.81,22.71047019,0.5033235797,22.69401514,23.9007908,23.76561638,0,1,1,0,0.01,22.71047019,1,0.0225,22.71047019,0,1.2,22.71047019
54.82,22.71557159,0.519044615,22.77489295,23.93240725,21.08991178,0,1,1,0,0.01,22.71557159,1,0.0225,22.71557159,0,1.2,22.71557159
54.83,22.72078033,0.5083733609,22.87694923,23.73330122,21.78948891,0,1,1,0,0.01,22.72078033,1,0.0225,22.72078033,0,1.2,22.72078033
54.84,22.72585683,0.5141194086,22.84078059,23.47734746,22.55315686,0,1,1,0,0.01,22.72585683,1,0.0225,22.72585683,0,1.2,22.72585683
54.85,22.7311272,0.5449520811,22.83218388,23.66542558,23.41253435,0,1,1,0,0.01,22.7311272,1,0.0225,22.7311272,0,1.2,22.7311272
54.86,22.73660293,0.5518909892,22.52366426,23.74541913,22.31576756,0,1,1,0,0.01,22.73660293,1,0.0225,22.73660293,0,1.2,22.73660293
54.87,22.74206131,0.5504479995,22.75341785,24.05537568,22.2386517,0,1,1,0,0.01,22.74206131,1,0.0225,22.74206131,0,1.2,22.74206131
54.88,22.74742893,0.5436472407,22.73566217,23.6284969,23.16519614,0,1,1,0,0.01,22.74742893,1,0.0225,22.74742893,0,1.2,22.74742893
54.89,22.75293423,0.5604154777,22.92256706,23.64072338,22.34568876,0,1,1,0,0.01,22.75293423,1,0.0225,22.75293423,0,1.2,22.75293423
54.9,22.75836841,0.5261948784,22.69432167,23.83230966,21.68964051,0,1,1,0,0.01,22.75836841,1,0.0225,22.75836841,0,1.2,22.75836841
54.91,22.76390119,0.5538485132,22.70375612,24.00065098,19.97338921,0,1,1,0,0.01,22.76390119,1,0.0225,22.76390119,0,1.2,22.76390119
54.92,22.76941299,0.5423267675,22.68749413,23.90100093,22.77875967,0,1,1,0,0.01,22.76941299,1,0.0225,22.76941299,0,1.2,22.76941299
54.93,22.77470459,0.5390854331,22.83067387,23.6936631,22.98274285,0,1,1,0,0.01,22.77470459,1,0.0225,22.77470459,0,1.2,22.77470459
54.94,22.78000139,0.5355117718,22.84421445,24.06008117,20.94196665,0,1,1,0,0.01,22.78000139,1,0.0225,22.78000139,0,1.2,22.78000139
54.95,22.785292,0.5345123752,22.9281002,23.71179293,22.48703931,0,1,1,0,0.01,22.785292,1,0.0225,22.785292,0,1.2,22.785292
54.96,22.79079391,0.5374154713,22.85781184,23.87210205,22.82828004,0,1,1,0,0.01,22.79079391,1,0.0225,22.79079391,0,1.2,22.79079391
54.97,22.79622604,0.5401137489,22.93173657,23.69681011,23.23324892,0,1,1,0,0.01,22.79622604,1,0.0225,22.79622604,0,1.2,22.79622604
54.98,22.80172804,0.5595682436,22.6732174,23.98392209,22.48694196,0,1,1,0,0.01,22.80172804,1,0.0225,22.80172804,0,1.2,22.80172804
54.99,22.80735463,0.5737270243,22.72985445,23.82954356,21.16131212,0,1,1,0,0.01,22.80735463,1,0.0225,22.80735463,0,1.2,22.80735463
55,22.81305303,0.5687969542,23.02258257,23.82924514,23.40767087,0,1,1,0,0.01,22.81305303,1,0.0225,22.81305303,0,1.2,22.81305303
55.01,22.81891038,0.5899559701,22.73341391,23.94002111,21.06884991,0,1,1,0,0.01,22.81891038,1,0.0225,22.81891038,0,1.2,22.81891038
55.02,22.82475056,0.5645004454,22.91755498,23.44422923,21.42573169,0,1,1,0,0.01,22.82475056,1,0.0225,22.82475056,0,1.2,22.82475056
55.03,22.83000834,0.4856689581,22.95710847,23.93131593,22.53653033,0,1,1,0,0.01,22.83000834,1,0.0225,22.83000834,0,1.2,22.83000834
55.04,22.83483916,0.4674901637,22.73882247,23.83077531,21.5966769,0,1,1,0,0.01,22.83483916,1,0.0225,22.83483916,0,1.2,22.83483916
55.05,22.8395767,0.4712099744,22.79707329,23.75832764,25.24852121,0,1,1,0,0.01,22.8395767,1,0.0225,22.8395767,0,1.2,22.8395767
55.06,22.84434852,0.4760112842,22.76659205,23.77635901,24.67959012,0,1,1,0,0.01,22.84434852,1,0.0225,22.84434852,0,1.2,22.84434852
55.07,22.84922252,0.4912097478,22.71813634,24.00257786,22.3040282,0,1,1,0,0.01,22.84922252,1,0.0225,22.84922252,0,1.2,22.84922252
55.08,22.85417635,0.4972763586,22.9499677,24.04079915,23.78492311,0,1,1,0,0.01,22.85417635,1,0.0225,22.85417635,0,1.2,22.85417635
55.09,22.85933664,0.5383342479,22.88001964,24.00271204,24.96459205,0,1,1,0,0.01,22.85933664,1,0.0225,22.85933664,0,1.2,22.85933664
55.1,22.8649327,0.54487456,22.85296337,23.65011682,23.32446167,0,1,1,0,0.01,22.8649327,1,0.0225,22.8649327,0,1.2,22.8649327
55.11,22.87020708,0.5336570794,22.89293476,23.86723572,22.16124046,0,1,1,0,0.01,22.87020708,1,0.0225,22.87020708,0,1.2,22.87020708
55.12,22.87555359,0.5409550678,22.82019778,23.50531651,22.36529204,0,1,1,0,0.01,22.87555359,1,0.0225,22.87555359,0,1.2,22.87555359
55.13,22.88094545,0.5393077692,22.77414709,23.85662558,23.99765467,0,1,1,0,0.01,22.88094545,1,0.0225,22.88094545,0,1.2,22.88094545
55.14,22.88614361,0.5214665056,22.78163891,23.86793383,22.9684138,0,1,1,0,0.01,22.88614361,1,0.0225,22.88614361,0,1.2,22.88614361
55.15,22.89131367,0.4987943747,22.87676275,23.78780381,23.59576429,0,1,1,0,0.01,22.89131367,1,0.0225,22.89131367,0,1.2,22.89131367
55.16,22.89637489,0.5019434196,22.84103524,24.03314027,22.50341515,0,1,1,0,0.01,22.89637489,1,0.0225,22.89637489,0,1.2,22.89637489
55.17,22.90137396,0.5023461873,22.95137097,23.86290909,24.35581219,0,1,1,0,0.01,22.90137396,1,0.0225,22.90137396,0,1.2,22.90137396
55.18,22.9062837,0.4742397464,22.95500754,23.91115126,21.87915714,0,1,1,0,0.01,22.9062837,1,0.0225,22.9062837,0,1.2,22.9062837
55.19,22.91119943,0.4956225005,22.88871643,24.26081634,22.21876678,0,1,1,0,0.01,22.91119943,1,0.0225,22.91119943,0,1.2,22.91119943
55.2,22.91622898,0.4948379446,22.77498423,23.92704589,24.310802,0,1,1,0,0.01,22.91622898,1,0.0225,22.91622898,0,1.2,22.91622898
55.21,22.92110916,0.5041375218,23.0373345,24.25228062,22.29208089,0,1,1,0,0.01,22.92110916,1,0.0225,22.92110916,0,1.2,22.92110916
55.22,22.92618607,0.5223655147,22.86871665,23.61843385,24.50845244,0,1,1,0,0.01,22.92618607,1,0.0225,22.92618607,0,1.2,22.92618607
55.23,22.93141519,0.5321841408,23.00516172,24.08841287,24.43772381,0,1,1,0,0.01,22.93141519,1,0.0225,22.93141519,0,1.2,22.93141519
55.24,22.93679942,0.5313111571,22.95721123,23.68226562,24.3405886,0,1,1,0,0.01,22.93679942,1,0.0225,22.93679942,0,1.2,22.93679942
55.25,22.94227913,0.5712246883,22.74945024,24.09151576,22.59112629,0,1,1,0,0.01,22.94227913,1,0.0225,22.94227913,0,1.2,22.94227913
55.26,22.94797871,0.5593395611,23.01441756,23.82623087,22.27660378,0,1,1,0,0.01,22.94797871,1,0.0225,22.94797871,0,1.2,22.94797871
55.27,22.95356339,0.554842368,22.86996497,24.14955317,21.99799341,0,1,1,0,0.01,22.95356339,1,0.0225,22.95356339,0,1.2,22.95356339
55.28,22.95894044,0.5108905853,22.88362456,24.06025976,19.82729519,0,1,1,0,0.01,22.95894044,1,0.0225,22.95894044,0,1.2,22.95894044
55.29,22.96388311,0.5001052725,22.76970529,24.10696297,21.94265486,0,1,1,0,0.01,22.96388311,1,0.0225,22.96388311,0,1.2,22.96388311
55.3,22.96906118,0.5314360904,22.97933514,23.55862091,21.71992486,0,1,1,0,0.01,22.96906118,1,0.0225,22.96906118,0,1.2,22.96906118
55.31,22.97432266,0.5404960243,22.91951734,24.11550961,21.89391569,0,1,1,0,0.01,22.97432266,1,0.0225,22.97432266,0,1.2,22.97432266
55.32,22.97959369,0.5348376581,22.98666642,23.98739803,23.07462928,0,1,1,0,0.01,22.97959369,1,0.0225,22.97959369,0,1.2,22.97959369
55.33,22.98497081,0.5333908918,22.88491147,24.2140632,23.0521826,0,1,1,0,0.01,22.98497081,1,0.0225,22.98497081,0,1.2,22.98497081
55.34,22.99030476,0.5332097738,23.11521009,24.01147407,21.962432,0,1,1,0,0.01,22.99030476,1,0.0225,22.99030476,0,1.2,22.99030476
55.35,22.99570978,0.5251792558,23.23812467,23.96471399,21.71884077,0,1,1,0,0.01,22.99570978,1,0.0225,22.99570978,0,1.2,22.99570978
55.36,23.00090806,0.5132182321,23.12204012,23.81427732,24.36019614,0,1,1,0,0.01,23.00090806,1,0.0225,23.00090806,0,1.2,23.00090806
55.37,23.00569056,0.4516757763,23.0775729,24.03188552,21.86689594,0,1,1,0,0.01,23.00569056,1,0.0225,23.00569056,0,1.2,23.00569056
55.38,23.01026644,0.4551384944,23.05196634,24.0205749,22.36855621,0,1,1,0,0.01,23.01026644,1,0.0225,23.01026644,0,1.2,23.01026644
55.39,23.01472531,0.4378284792,23.02388588,23.82670514,22.49941223,0,1,1,0,0.01,23.01472531,1,0.0225,23.01472531,0,1.2,23.01472531
55.4,23.01903187,0.4423745447,22.8681428,24.05066156,23.0418585,0,1,1,0,0.01,23.01903187,1,0.0225,23.01903187,0,1.2,23.01903187
55.41,23.02322439,0.3815687959,23.18692733,24.19574059,22.5779877,0,1,1,0,0.01,23.02322439,1,0.0225,23.02322439,0,1.2,23.02322439
55.42,23.02721969,0.405811083,23.054759,24.06734956,23.48202134,0,1,1,0,0.01,23.02721969,1,0.0225,23.02721969,0,1.2,23.02721969
55.43,23.03125975,0.4019009934,23.00069977,24.23035804,21.92465315,0,1,1,0,0.01,23.03125975,1,0.0225,23.03125975,0,1.2,23.03125975
55.44,23.03518907,0.3931427536,23.02590388,23.81991987,23.78339843,0,1,1,0,0.01,23.03518907,1,0.0225,23.03518907,0,1.2,23.03518907
55.45,23.03907274,0.3695404606,23.02728094,24.4695151,24.17511309,0,1,1,0,0.01,23.03907274,1,0.0225,23.03907274,0,1.2,23.03907274
55.46,23.04285403,0.3722765899,23.01453751,24.08852726,22.8867016,0,1,1,0,0.01,23.04285403,1,0.0225,23.04285403,0,1.2,23.04285403
55.47,23.04658907,0.3921854002,23.05185969,24.0555181,21.35154325,0,1,1,0,0.01,23.04658907,1,0.0225,23.04658907,0,1.2,23.04658907
55.48,23.05053981,0.3812126534,23.06545862,23.89855433,23.12993274,0,1,1,0,0.01,23.05053981,1,0.0225,23.05053981,0,1.2,23.05053981
55.49,23.05449361,0.410504702,23.01518671,24.19595377,21.90554626,0,1,1,0,0.01,23.05449361,1,0.0225,23.05449361,0,1.2,23.05449361
55.5,23.05865622,0.4227647618,23.02151829,23.86384947,23.41134013,0,1,1,0,0.01,23.05865622,1,0.0225,23.05865622,0,1.2,23.05865622
55.51,23.06267797,0.3864632511,23.12363839,23.89872767,23.78775222,0,1,1,0,0.01,23.06267797,1,0.0225,23.06267797,0,1.2,23.06267797
55.52,23.06661563,0.3988246027,23.24070753,24.01606915,21.05527796,0,1,1,0,0.01,23.06661563,1,0.0225,23.06661563,0,1.2,23.06661563
55.53,23.07058148,0.3901489461,22.96731218,23.65711922,23.18273221,0,1,1,0,0.01,23.07058148,1,0.0225,23.07058148,0,1.2,23.07058148
55.54,23.07464127,0.4353423029,23.10320536,24.2497026,22.19165533,0,1,1,0,0.01,23.07464127,1,0.0225,23.07464127,0,1.2,23.07464127
55.55,23.07882415,0.4177391284,23.00883927,24.14222905,21.88933003,0,1,1,0,0.01,23.07882415,1,0.0225,23.07882415,0,1.2,23.07882415
55.56,23.08314354,0.4437662529,23.21111115,24.17687806,22.50837516,0,1,1,0,0.01,23.08314354,1,0.0225,23.08314354,0,1.2,23.08314354
55.57,23.0875631,0.4215846801,23.01144248,24.18608489,22.90354282,0,1,1,0,0.01,23.0875631,1,0.0225,23.0875631,0,1.2,23.0875631
55.58,23.0916552,0.3987249411,23.02453169,23.95862561,24.03860792,0,1,1,0,0.01,23.0916552,1,0.0225,23.0916552,0,1.2,23.0916552
55.59,23.09560083,0.3771462311,23.06403317,24.01761672,25.09873164,0,1,1,0,0.01,23.09560083,1,0.0225,23.09560083,0,1.2,23.09560083
55.6,23.09932226,0.3706596886,23.22469271,23.9844801,24.57379442,0,1,1,0,0.01,23.09932226,1,0.0225,23.09932226,0,1.2,23.09932226
55.61,23.1029961,0.3653621298,23.07500802,24.32754857,23.20142294,0,1,1,0,0.01,23.1029961,1,0.0225,23.1029961,0,1.2,23.1029961
55.62,23.10644348,0.3411515546,23.22662357,24.2351677,25.5508471,0,1,1,0,0.01,23.10644348,1,0.0225,23.10644348,0,1.2,23.10644348
55.63,23.10993845,0.3319353138,23.11609848,23.96631342,22.22230364,0,1,1,0,0.01,23.10993845,1,0.0225,23.10993845,0,1.2,23.10993845
55.64,23.1135247,0.3882933742,23.04228618,24.29997479,22.97202966,0,1,1,0,0.01,23.1135247,1,0.0225,23.1135247,0,1.2,23.1135247
55.65,23.11744753,0.3978967472,23.17671455,24.23029441,24.55608332,0,1,1,0,0.01,23.11744753,1,0.0225,23.11744753,0,1.2,23.11744753
55.66,23.12130453,0.3661341951,23.31637012,24.07808843,22.89389307,0,1,1,0,0.01,23.12130453,1,0.0225,23.12130453,0,1.2,23.12130453
55.67,23.12499474,0.3538345258,23.22388028,24.28243024,23.10771391,0,1,1,0,0.01,23.12499474,1,0.0225,23.12499474,0,1.2,23.12499474
55.68,23.12847151,0.3538770794,22.87746376,24.29657708,21.83534434,0,1,1,0,0.01,23.12847151,1,0.0225,23.12847151,0,1.2,23.12847151
55.69,23.13216958,0.3741964174,23.29174113,24.24223115,23.15366644,0,1,1,0,0.01,23.13216958,1,0.0225,23.13216958,0,1.2,23.13216958
55.7,23.13590322,0.3768434051,23.2567079,24.09700238,23.88753787,0,1,1,0,0.01,23.13590322,1,0.0225,23.13590322,0,1.2,23.13590322
55.71,23.13971716,0.3920898084,23.20035124,24.19601814,21.33020737,0,1,1,0,0.01,23.13971716,1,0.0225,23.13971716,0,1.2,23.13971716
55.72,23.14368248,0.3869975027,23.2969397,24.21701491,23.1298533,0,1,1,0,0.01,23.14368248,1,0.0225,23.14368248,0,1.2,23.14368248
55.73,23.14751844,0.3732548369,23.18087794,24.38201672,22.02537261,0,1,1,0,0.01,23.14751844,1,0.0225,23.14751844,0,1.2,23.14751844
55.74,23.15132945,0.3947581512,23.14441588,24.27794169,25.67978247,0,1,1,0,0.01,23.15132945,1,0.0225,23.15132945,0,1.2,23.15132945
55.75,23.15534964,0.4247881461,23.08081103,24.04107683,22.21773283,0,1,1,0,0.01,23.15534964,1,0.0225,23.15534964,0,1.2,23.15534964
55.76,23.15957672,0.4058126168,23.31306216,24.38914987,21.9633218,0,1,1,0,0.01,23.15957672,1,0.0225,23.15957672,0,1.2,23.15957672
55.77,23.16375269,0.4146626316,23.18640868,24.13277559,25.62577108,0,1,1,0,0.01,23.16375269,1,0.0225,23.16375269,0,1.2,23.16375269
55.78,23.1681278,0.4386758602,23.27125191,24.20949228,20.67381077,0,1,1,0,0.01,23.1681278,1,0.0225,23.1681278,0,1.2,23.1681278
55.79,23.17241528,0.4345659612,23.43397353,24.26039863,23.38273196,0,1,1,0,0.01,23.17241528,1,0.0225,23.17241528,0,1.2,23.17241528
55.8,23.17652192,0.3922342331,23.14737425,24.08216465,23.27269807,0,1,1,0,0.01,23.17652192,1,0.0225,23.17652192,0,1.2,23.17652192
55.81,23.18046496,0.4074527243,23.13372192,23.97281813,22.03022527,0,1,1,0,0.01,23.18046496,1,0.0225,23.18046496,0,1.2,23.18046496
55.82,23.18439822,0.3749744741,23.22382113,24.01453869,22.2975049,0,1,1,0,0.01,23.18439822,1,0.0225,23.18439822,0,1.2,23.18439822
55.83,23.18825554,0.3840022775,23.18161537,24.09539932,24.83373954,0,1,1,0,0.01,23.18825554,1,0.0225,23.18825554,0,1.2,23.18825554
55.84,23.1920138,0.379431381,23.22106423,24.19827094,24.3463072,0,1,1,0,0.01,23.1920138,1,0.0225,23.1920138,0,1.2,23.1920138
55.85,23.19581819,0.4026660648,23.25269552,24.41729943,22.64456852,0,1,1,0,0.01,23.19581819,1,0.0225,23.19581819,0,1.2,23.19581819
55.86,23.19994427,0.4390984668,23.05614743,24.34724625,21.48870477,0,1,1,0,0.01,23.19994427,1,0.0225,23.19994427,0,1.2,23.19994427
55.87,23.20429343,0.4311013716,23.21947659,24.18271368,24.07482398,0,1,1,0,0.01,23.20429343,1,0.0225,23.20429343,0,1.2,23.20429343
55.88,23.20867671,0.4486985982,23.25172254,24.32945988,23.25571583,0,1,1,0,0.01,23.20867671,1,0.0225,23.20867671,0,1.2,23.20867671
55.89,23.21323164,0.4556765733,23.18663338,24.16909083,24.90420652,0,1,1,0,0.01,23.21323164,1,0.0225,23.21323164,0,1.2,23.21323164
55.9,23.21767055,0.4334091638,23.11282457,24.14901832,22.09920245,0,1,1,0,0.01,23.21767055,1,0.0225,23.21767055,0,1.2,23.21767055
55.91,23.2218673,0.4063413571,23.34429711,24.24197642,20.00907036,0,1,1,0,0.01,23.2218673,1,0.0225,23.2218673,0,1.2,23.2218673
55.92,23.22619207,0.4302305496,23.15051058,24.54258734,23.29229355,0,1,1,0,0.01,23.22619207,1,0.0225,23.22619207,0,1.2,23.22619207
55.93,23.23052116,0.4288121132,23.18812082,24.2704407,23.6514138,0,1,1,0,0.01,23.23052116,1,0.0225,23.23052116,0,1.2,23.23052116
55.94,23.23503146,0.4576717979,23.41952706,24.13339255,23.84725863,0,1,1,0,0.01,23.23503146,1,0.0225,23.23503146,0,1.2,23.23503146
55.95,23.23966732,0.4606611692,23.36966083,24.21339815,22.42307461,0,1,1,0,0.01,23.23966732,1,0.0225,23.23966732,0,1.2,23.23966732
55.96,23.24442355,0.5138731815,23.13078732,24.4100603,26.10981668,0,1,1,0,0.01,23.24442355,1,0.0225,23.24442355,0,1.2,23.24442355
55.97,23.24961511,0.531286064,23.31491635,24.26509545,22.18806183,0,1,1,0,0.01,23.24961511,1,0.0225,23.24961511,0,1.2,23.24961511
55.98,23.25480561,0.5198501878,23.19263818,24.39585349,24.68008484,0,1,1,0,0.01,23.25480561,1,0.0225,23.25480561,0,1.2,23.25480561
55.99,23.25996191,0.5223029385,23.16221744,24.53870358,19.77116297,0,1,1,0,0.01,23.25996191,1,0.0225,23.25996191,0,1.2,23.25996191
56,23.26518116,0.523788862,23.21704123,24.51395492,23.59728749,0,1,1,0,0.01,23.26518116,1,0.0225,23.26518116,0,1.2,23.26518116
56.01,23.27027615,0.5049389307,23.23331862,24.56255495,23.12366229,0,1,1,0,0.01,23.27027615,1,0.0225,23.27027615,0,1.2,23.27027615
56.02,23.27531438,0.5084835081,23.30646679,24.42752981,21.85964299,0,1,1,0,0.01,23.27531438,1,0.0225,23.27531438,0,1.2,23.27531438
56.03,23.28035321,0.4964772732,23.26140327,24.50856544,24.87092284,0,1,1,0,0.01,23.28035321,1,0.0225,23.28035321,0,1.2,23.28035321
56.04,23.28537723,0.500477962,23.43648674,23.9954822,23.05811132,0,1,1,0,0.01,23.28537723,1,0.0225,23.28537723,0,1.2,23.28537723
56.05,23.2902579,0.4718708861,23.41071571,24.43587518,22.71912675,0,1,1,0,0.01,23.2902579,1,0.0225,23.2902579,0,1.2,23.2902579
56.06,23.29515979,0.5109413748,23.29227708,24.18621718,22.09034758,0,1,1,0,0.01,23.29515979,1,0.0225,23.29515979,0,1.2,23.29515979
56.07,23.30051925,0.5500294362,23.39416674,24.3414874,23.65230473,0,1,1,0,0.01,23.30051925,1,0.0225,23.30051925,0,1.2,23.30051925
56.08,23.30621712,0.5912433452,23.313156,24.10914567,24.31475605,0,1,1,0,0.01,23.30621712,1,0.0225,23.30621712,0,1.2,23.30621712
56.09,23.31202614,0.5818661435,23.24790877,24.36263938,23.05567015,0,1,1,0,0.01,23.31202614,1,0.0225,23.31202614,0,1.2,23.31202614
56.1,23.31800071,0.588358275,23.39950843,24.31518794,21.9503515,0,1,1,0,0.01,23.31800071,1,0.0225,23.31800071,0,1.2,23.31800071
56.11,23.32385328,0.588830702,23.25574402,24.23869291,21.80530777,0,1,1,0,0.01,23.32385328,1,0.0225,23.32385328,0,1.2,23.32385328
56.12,23.32967206,0.5920197838,23.24473819,24.35938146,24.27518707,0,1,1,0,0.01,23.32967206,1,0.0225,23.32967206,0,1.2,23.32967206
56.13,23.33568158,0.6268448125,23.52393104,24.12555492,24.5187631,0,1,1,0,0.01,23.33568158,1,0.0225,23.33568158,0,1.2,23.33568158
56.14,23.34203479,0.6576017033,23.37807747,24.44898169,23.60509156,0,1,1,0,0.01,23.34203479,1,0.0225,23.34203479,0,1.2,23.34203479
56.15,23.3486779,0.6648424267,23.26385803,24.01896941,21.37725249,0,1,1,0,0.01,23.3486779,1,0.0225,23.3486779,0,1.2,23.3486779
56.16,23.35515171,0.6348068023,23.4582096,24.24679718,24.02778183,0,1,1,0,0.01,23.35515171,1,0.0225,23.35515171,0,1.2,23.35515171
56.17,23.36150513,0.6439133516,23.39887625,24.23122397,23.18337331,0,1,1,0,0.01,23.36150513,1,0.0225,23.36150513,0,1.2,23.36150513
56.18,23.3680909,0.6534791338,23.46143217,24.60382419,22.69130683,0,1,1,0,0.01,23.3680909,1,0.0225,23.3680909,0,1.2,23.3680909
56.19,23.37468605,0.6522122509,23.32041931,24.53297588,22.41376856,0,1,1,0,0.01,23.37468605,1,0.0225,23.37468605,0,1.2,23.37468605
56.2,23.38136564,0.6716566198,23.2367495,24.14479245,23.13259324,0,1,1,0,0.01,23.38136564,1,0.0225,23.38136564,0,1.2,23.38136564
56.21,23.38803887,0.6598338378,23.4426207,24.21185002,24.13781735,0,1,1,0,0.01,23.38803887,1,0.0225,23.38803887,0,1.2,23.38803887
56.22,23.39437306,0.6507491291,23.43328672,24.26596111,23.13381956,0,1,1,0,0.01,23.39437306,1,0.0225,23.39437306,0,1.2,23.39437306
56.23,23.40088254,0.6629429508,23.26788534,24.1609905,25.16520169,0,1,1,0,0.01,23.40088254,1,0.0225,23.40088254,0,1.2,23.40088254
56.24,23.40763299,0.6905770503,23.34036004,24.1902565,24.78955701,0,1,1,0,0.01,23.40763299,1,0.0225,23.40763299,0,1.2,23.40763299
56.25,23.41450567,0.684538809,23.42902139,24.57714959,21.02242168,0,1,1,0,0.01,23.41450567,1,0.0225,23.41450567,0,1.2,23.41450567
56.26,23.42147052,0.7109480296,23.58837605,24.44193795,21.82892868,0,1,1,0,0.01,23.42147052,1,0.0225,23.42147052,0,1.2,23.42147052
56.27,23.42869046,0.7379122343,23.48208543,24.77548728,23.04691422,0,1,1,0,0.01,23.42869046,1,0.0225,23.42869046,0,1.2,23.42869046
56.28,23.43615558,0.7438430025,23.54910512,24.49827495,23.16239737,0,1,1,0,0.01,23.43615558,1,0.0225,23.43615558,0,1.2,23.43615558
56.29,23.44356609,0.7326729179,23.50310835,24.32276869,24.25338335,0,1,1,0,0.01,23.44356609,1,0.0225,23.44356609,0,1.2,23.44356609
56.3,23.45092661,0.728893244,23.24569068,24.47128573,22.98709412,0,1,1,0,0.01,23.45092661,1,0.0225,23.45092661,0,1.2,23.45092661
56.31,23.4583103,0.7416132836,23.48162406,24.36190729,22.50125329,0,1,1,0,0.01,23.4583103,1,0.0225,23.4583103,0,1.2,23.4583103
56.32,23.46593553,0.7847502608,23.37223379,24.73372797,23.48638714,0,1,1,0,0.01,23.46593553,1,0.0225,23.46593553,0,1.2,23.46593553
56.33,23.47371043,0.7677926868,23.40942282,24.52117753,24.43509121,0,1,1,0,0.01,23.47371043,1,0.0225,23.47371043,0,1.2,23.47371043
56.34,23.4812037,0.7354559045,23.48044264,24.49291551,24.01670057,0,1,1,0,0.01,23.4812037,1,0.0225,23.4812037,0,1.2,23.4812037
56.35,23.48851455,0.7080983954,23.45014296,24.29778039,22.31883544,0,1,1,0,0.01,23.48851455,1,0.0225,23.48851455,0,1.2,23.48851455
56.36,23.4954666,0.6830037948,23.57036315,24.5316342,23.5232348,0,1,1,0,0.01,23.4954666,1,0.0225,23.4954666,0,1.2,23.4954666
56.37,23.50239864,0.7037913805,23.39786937,24.3633855,22.26825941,0,1,1,0,0.01,23.50239864,1,0.0225,23.50239864,0,1.2,23.50239864
56.38,23.50949604,0.7330509759,23.5329695,24.33856167,23.91027012,0,1,1,0,0.01,23.50949604,1,0.0225,23.50949604,0,1.2,23.50949604
56.39,23.51688545,0.7711942341,23.53545181,24.24736712,23.99081492,0,1,1,0,0.01,23.51688545,1,0.0225,23.51688545,0,1.2,23.51688545
56.4,23.52480879,0.8202778084,23.52742036,24.59075185,23.8096386,0,1,1,0,0.01,23.52480879,1,0.0225,23.52480879,0,1.2,23.52480879
56.41,23.53291396,0.8154775834,23.40451199,24.28256773,21.56621474,0,1,1,0,0.01,23.53291396,1,0.0225,23.53291396,0,1.2,23.53291396
56.42,23.54112514,0.8407443383,23.73361019,24.73245717,22.31035441,0,1,1,0,0.01,23.54112514,1,0.0225,23.54112514,0,1.2,23.54112514
56.43,23.54950734,0.8204426601,23.62706245,24.33434655,22.99093316,0,1,1,0,0.01,23.54950734,1,0.0225,23.54950734,0,1.2,23.54950734
56.44,23.55771392,0.817733551,23.72485803,24.7875062,23.77866495,0,1,1,0,0.01,23.55771392,1,0.0225,23.55771392,0,1.2,23.55771392
56.45,23.56599426,0.8350646692,23.45505851,24.55101264,24.8617982,0,1,1,0,0.01,23.56599426,1,0.0225,23.56599426,0,1.2,23.56599426
56.46,23.57456532,0.8556997263,23.4683511,24.53154292,21.95550964,0,1,1,0,0.01,23.57456532,1,0.0225,23.57456532,0,1.2,23.57456532
56.47,23.58293123,0.826817806,23.44626611,24.31786809,25.12659572,0,1,1,0,0.01,23.58293123,1,0.0225,23.58293123,0,1.2,23.58293123
56.48,23.59122817,0.8219376416,23.76801612,24.61833094,23.44516685,0,1,1,0,0.01,23.59122817,1,0.0225,23.59122817,0,1.2,23.59122817
56.49,23.59940554,0.8265172019,23.39786166,24.57838949,21.4704164,0,1,1,0,0.01,23.59940554,1,0.0225,23.59940554,0,1.2,23.59940554
56.5,23.60767316,0.8312260034,23.61922819,24.50440092,23.18297935,0,1,1,0,0.01,23.60767316,1,0.0225,23.60767316,0,1.2,23.60767316
56.51,23.61599839,0.842955674,23.57039924,24.4955302,23.20284225,0,1,1,0,0.01,23.61599839,1,0.0225,23.61599839,0,1.2,23.61599839
56.52,23.62421646,0.8114712176,23.63969843,24.79473988,23.10224947,0,1,1,0,0.01,23.62421646,1,0.0225,23.62421646,0,1.2,23.62421646
56.53,23.6324514,0.8231774967,23.45906557,24.39073671,21.84386472,0,1,1,0,0.01,23.6324514,1,0.0225,23.6324514,0,1.2,23.6324514
56.54,23.64091988,0.8725837058,23.39659373,24.48421023,23.10578049,0,1,1,0,0.01,23.64091988,1,0.0225,23.64091988,0,1.2,23.64091988
56.55,23.64946611,0.8386844616,23.61431081,24.83216388,23.30818332,0,1,1,0,0.01,23.64946611,1,0.0225,23.64946611,0,1.2,23.64946611
56.56,23.65783536,0.8242332733,23.46522259,24.68731801,22.61506675,0,1,1,0,0.01,23.65783536,1,0.0225,23.65783536,0,1.2,23.65783536
56.57,23.66603377,0.8042656667,23.64470718,24.64067291,24.14476905,0,1,1,0,0.01,23.66603377,1,0.0225,23.66603377,0,1.2,23.66603377
56.58,23.67401758,0.8025534353,23.71548888,24.55294664,23.99784806,0,1,1,0,0.01,23.67401758,1,0.0225,23.67401758,0,1.2,23.67401758
56.59,23.68212675,0.8006256803,23.76083559,24.85814314,24.19452293,0,1,1,0,0.01,23.68212675,1,0.0225,23.68212675,0,1.2,23.68212675
56.6,23.69016823,0.8127811301,23.67163579,24.84638236,23.7806866,0,1,1,0,0.01,23.69016823,1,0.0225,23.69016823,0,1.2,23.69016823
56.61,23.69843841,0.845605662,23.75379744,24.67564443,22.95148741,0,1,1,0,0.01,23.69843841,1,0.0225,23.69843841,0,1.2,23.69843841
56.62,23.70688449,0.83449719,23.66833462,24.89187239,24.08864249,0,1,1,0,0.01,23.70688449,1,0.0225,23.70688449,0,1.2,23.70688449
56.63,23.71500229,0.8121225686,23.84383225,25.18193152,22.95335964,0,1,1,0,0.01,23.71500229,1,0.0225,23.71500229,0,1.2,23.71500229
56.64,23.72315289,0.8185617003,23.81251718,24.64991112,22.00122906,0,1,1,0,0.01,23.72315289,1,0.0225,23.72315289,0,1.2,23.72315289
56.65,23.73151899,0.8292405749,23.87204734,24.81509205,22.9341048,0,1,1,0,0.01,23.73151899,1,0.0225,23.73151899,0,1.2,23.73151899
56.66,23.73984373,0.8317856903,23.85114565,24.67156232,26.00501812,0,1,1,0,0.01,23.73984373,1,0.0225,23.73984373,0,1.2,23.73984373
56.67,23.74814499,0.8283020916,23.80923337,24.85405893,23.67459576,0,1,1,0,0.01,23.74814499,1,0.0225,23.74814499,0,1.2,23.74814499
56.68,23.75654879,0.8515375772,23.71973754,24.69533451,23.96172242,0,1,1,0,0.01,23.75654879,1,0.0225,23.75654879,0,1.2,23.75654879
56.69,23.765092,0.8451559996,23.62091305,24.88781703,22.88428655,0,1,1,0,0.01,23.765092,1,0.0225,23.765092,0,1.2,23.765092
56.7,23.77355606,0.8355395225,23.83824586,24.69103255,22.79410853,0,1,1,0,0.01,23.77355606,1,0.0225,23.77355606,0,1.2,23.77355606
56.71,23.78174284,0.8183791974,23.71273362,24.54270503,22.94126836,0,1,1,0,0.01,23.78174284,1,0.0225,23.78174284,0,1.2,23.78174284
56.72,23.79020622,0.8502246875,23.81964266,24.85222582,24.75401959,0,1,1,0,0.01,23.79020622,1,0.0225,23.79020622,0,1.2,23.79020622
56.73,23.798662,0.8197581745,23.61683178,24.7337161,24.49459304,0,1,1,0,0.01,23.798662,1,0.0225,23.798662,0,1.2,23.798662
56.74,23.8066859,0.7824005793,23.76731634,24.99123263,21.7095247,0,1,1,0,0.01,23.8066859,1,0.0225,23.8066859,0,1.2,23.8066859
56.75,23.814455,0.7672843357,23.89073461,24.95695676,24.46831161,0,1,1,0,0.01,23.814455,1,0.0225,23.814455,0,1.2,23.814455
56.76,23.8222035,0.7927031056,23.99503251,24.77368881,24.01601533,0,1,1,0,0.01,23.8222035,1,0.0225,23.8222035,0,1.2,23.8222035
56.77,23.82979541,0.7624500218,23.72403958,25.09165873,22.92626271,0,1,1,0,0.01,23.82979541,1,0.0225,23.82979541,0,1.2,23.82979541
56.78,23.83745035,0.7958390264,23.8510733,24.76565308,24.37919341,0,1,1,0,0.01,23.83745035,1,0.0225,23.83745035,0,1.2,23.83745035
56.79,23.84544376,0.8155440847,23.873976,24.83828139,23.27724263,0,1,1,0,0.01,23.84544376,1,0.0225,23.84544376,0,1.2,23.84544376
56.8,23.85365677,0.8110940085,23.98564501,25.09732803,24.56794362,0,1,1,0,0.01,23.85365677,1,0.0225,23.85365677,0,1.2,23.85365677
56.81,23.86174524,0.7971654841,23.8312606,24.89458988,25.02676528,0,1,1,0,0.01,23.86174524,1,0.0225,23.86174524,0,1.2,23.86174524
56.82,23.86973714,0.7843843875,23.80943353,24.81828277,23.26944742,0,1,1,0,0.01,23.86973714,1,0.0225,23.86973714,0,1.2,23.86973714
56.83,23.87760845,0.803834551,23.81693083,25.00826366,24.06062206,0,1,1,0,0.01,23.87760845,1,0.0225,23.87760845,0,1.2,23.87760845
56.84,23.88560284,0.7624101099,23.85813814,24.86438402,22.2337072,0,1,1,0,0.01,23.88560284,1,0.0225,23.88560284,0,1.2,23.88560284
56.85,23.89317234,0.7515931525,23.94485731,24.89441135,22.86872829,0,1,1,0,0.01,23.89317234,1,0.0225,23.89317234,0,1.2,23.89317234
56.86,23.90066949,0.7591276177,24.01753853,25.04426438,23.66607108,0,1,1,0,0.01,23.90066949,1,0.0225,23.90066949,0,1.2,23.90066949
56.87,23.90812143,0.7490112165,24.14481245,24.92269302,24.1488438,0,1,1,0,0.01,23.90812143,1,0.0225,23.90812143,0,1.2,23.90812143
56.88,23.91560431,0.757424101,23.94387444,24.84373625,22.46131517,0,1,1,0,0.01,23.91560431,1,0.0225,23.91560431,0,1.2,23.91560431
56.89,23.92314076,0.7301327788,23.9340617,24.76509157,24.35988951,0,1,1,0,0.01,23.92314076,1,0.0225,23.92314076,0,1.2,23.92314076
56.9,23.93057325,0.75445652,24.00786726,24.87435095,24.14747634,0,1,1,0,0.01,23.93057325,1,0.0225,23.93057325,0,1.2,23.93057325
56.91,23.93823054,0.7479561357,23.8383669,24.95014764,24.75875298,0,1,1,0,0.01,23.93823054,1,0.0225,23.93823054,0,1.2,23.93823054
56.92,23.94579094,0.74788246,23.92464418,24.97938993,24.84439482,0,1,1,0,0.01,23.94579094,1,0.0225,23.94579094,0,1.2,23.94579094
56.93,23.95319744,0.7100230715,24.06357332,24.8928985,22.80352908,0,1,1,0,0.01,23.95319744,1,0.0225,23.95319744,0,1.2,23.95319744
56.94,23.96013025,0.6851674621,23.91219947,24.94989115,24.30093785,0,1,1,0,0.01,23.96013025,1,0.0225,23.96013025,0,1.2,23.96013025
56.95,23.96699261,0.7044828787,24.00611219,25.01013861,23.28966579,0,1,1,0,0.01,23.96699261,1,0.0225,23.96699261,0,1.2,23.96699261
56.96,23.97397576,0.7072312313,23.93969074,25.00846837,25.31414916,0,1,1,0,0.01,23.97397576,1,0.0225,23.97397576,0,1.2,23.97397576
56.97,23.9809878,0.6931850423,23.72871414,25.04486609,26.05751039,0,1,1,0,0.01,23.9809878,1,0.0225,23.9809878,0,1.2,23.9809878
56.98,23.98794922,0.692361447,23.98486088,25.13232556,23.80618752,0,1,1,0,0.01,23.98794922,1,0.0225,23.98794922,0,1.2,23.98794922
56.99,23.99497628,0.7119268454,23.98256196,25.23601362,22.90960841,0,1,1,0,0.01,23.99497628,1,0.0225,23.99497628,0,1.2,23.99497628
57,24.00202768,0.6949161781,23.87504634,25.0187997,24.47671744,0,1,1,0,0.01,24.00202768,1,0.0225,24.00202768,0,1.2,24.00202768
57.01,24.00921804,0.7406948146,24.05242828,24.92241405,24.4974528,0,1,1,0,0.01,24.00921804,1,0.0225,24.00921804,0,1.2,24.00921804
57.02,24.01681841,0.7656818268,23.9875558,25.08341102,25.83795198,0,1,1,0,0.01,24.01681841,1,0.0225,24.01681841,0,1.2,24.01681841
57.03,24.02433311,0.751645795,24.05124223,24.94518503,23.7542422,0,1,1,0,0.01,24.02433311,1,0.0225,24.02433311,0,1.2,24.02433311
57.04,24.03173537,0.7094788056,24.0085552,24.97533636,23.41228602,0,1,1,0,0.01,24.03173537,1,0.0225,24.03173537,0,1.2,24.03173537
57.05,24.03882406,0.7131987529,24.02904851,24.97755069,24.44594441,0,1,1,0,0.01,24.03882406,1,0.0225,24.03882406,0,1.2,24.03882406
57.06,24.04608202,0.7148572934,24.03536885,25.36029302,24.91258805,0,1,1,0,0.01,24.04608202,1,0.0225,24.04608202,0,1.2,24.04608202
57.07,24.05328295,0.7342920878,24.09562818,25.00762563,25.10601868,0,1,1,0,0.01,24.05328295,1,0.0225,24.05328295,0,1.2,24.05328295
57.08,24.06079999,0.758700737,24.02587576,25.05244408,23.56845724,0,1,1,0,0.01,24.06079999,1,0.0225,24.06079999,0,1.2,24.06079999
57.09,24.06835567,0.7547357934,24.04535448,24.78153678,25.31888514,0,1,1,0,0.01,24.06835567,1,0.0225,24.06835567,0,1.2,24.06835567
57.1,24.07588346,0.7433497534,24.16728257,24.88532472,25.46147897,0,1,1,0,0.01,24.07588346,1,0.0225,24.07588346,0,1.2,24.07588346
57.11,24.08344442,0.7564653859,23.99361504,24.98712639,25.78259679,0,1,1,0,0.01,24.08344442,1,0.0225,24.08344442,0,1.2,24.08344442
57.12,24.09097315,0.7563874628,24.27886502,24.86094952,24.7362271,0,1,1,0,0.01,24.09097315,1,0.0225,24.09097315,0,1.2,24.09097315
57.13,24.09857621,0.7690031884,24.11305158,25.29033126,23.40003844,0,1,1,0,0.01,24.09857621,1,0.0225,24.09857621,0,1.2,24.09857621
57.14,24.10615399,0.7383840634,24.16377086,25.10871528,25.56833556,0,1,1,0,0.01,24.10615399,1,0.0225,24.10615399,0,1.2,24.10615399
57.15,24.11344499,0.7324917153,24.09973537,25.12076755,24.3877432,0,1,1,0,0.01,24.11344499,1,0.0225,24.11344499,0,1.2,24.11344499
57.16,24.12068483,0.7212868961,24.0822749,25.15749263,23.9742227,0,1,1,0,0.01,24.12068483,1,0.0225,24.12068483,0,1.2,24.12068483
57.17,24.1279662,0.7387224179,24.1139403,25.07255244,24.22610477,0,1,1,0,0.01,24.1279662,1,0.0225,24.1279662,0,1.2,24.1279662
57.18,24.1353894,0.7527895914,24.08197737,25.43210818,23.89944823,0,1,1,0,0.01,24.1353894,1,0.0225,24.1353894,0,1.2,24.1353894
57.19,24.14287798,0.7513705491,24.15341,25.2598264,22.45365284,0,1,1,0,0.01,24.14287798,1,0.0225,24.14287798,0,1.2,24.14287798
57.2,24.15042152,0.737952858,24.24672619,25.22685014,23.44335011,0,1,1,0,0.01,24.15042152,1,0.0225,24.15042152,0,1.2,24.15042152
57.21,24.15773756,0.7134184409,24.1876543,25.25614309,24.88972353,0,1,1,0,0.01,24.15773756,1,0.0225,24.15773756,0,1.2,24.15773756
57.22,24.16457559,0.6605760015,24.13605321,25.09966948,26.32100577,0,1,1,0,0.01,24.16457559,1,0.0225,24.16457559,0,1.2,24.16457559
57.23,24.1711778,0.6507981398,24.24861559,25.08456364,24.76279729,0,1,1,0,0.01,24.1711778,1,0.0225,24.1711778,0,1.2,24.1711778
57.24,24.17778882,0.6585151718,24.21180665,24.99383393,23.43250064,0,1,1,0,0.01,24.17778882,1,0.0225,24.17778882,0,1.2,24.17778882
57.25,24.18422489,0.623498948,24.07858168,25.28828917,24.4595356,0,1,1,0,0.01,24.18422489,1,0.0225,24.18422489,0,1.2,24.18422489
57.26,24.19050359,0.6528723552,24.13830683,25.13483784,23.03317393,0,1,1,0,0.01,24.19050359,1,0.0225,24.19050359,0,1.2,24.19050359
57.27,24.19708384,0.669801989,24.13442687,25.05093797,24.78709282,0,1,1,0,0.01,24.19708384,1,0.0225,24.19708384,0,1.2,24.19708384
57.28,24.20391749,0.6779704664,24.13227552,25.12725534,23.9367201,0,1,1,0,0.01,24.20391749,1,0.0225,24.20391749,0,1.2,24.20391749
57.29,24.21058482,0.6579017368,24.263298,25.40469731,26.70004118,0,1,1,0,0.01,24.21058482,1,0.0225,24.21058482,0,1.2,24.21058482
57.3,24.21722553,0.6728719131,24.16852596,25.23690049,25.75443568,0,1,1,0,0.01,24.21722553,1,0.0225,24.21722553,0,1.2,24.21722553
57.31,24.22378753,0.6466438487,24.26908169,25.29193825,23.57103872,0,1,1,0,0.01,24.22378753,1,0.0225,24.22378753,0,1.2,24.22378753
57.32,24.23013233,0.6416767002,24.2391448,25.31522288,24.94369181,0,1,1,0,0.01,24.23013233,1,0.0225,24.23013233,0,1.2,24.23013233
57.33,24.23673657,0.6648728863,24.20315597,25.42457679,22.49135603,0,1,1,0,0.01,24.23673657,1,0.0225,24.23673657,0,1.2,24.23673657
57.34,24.24345987,0.6802427021,24.03442641,25.26986319,23.46880656,0,1,1,0,0.01,24.24345987,1,0.0225,24.24345987,0,1.2,24.24345987
57.35,24.25047214,0.705590552,24.12603871,25.24177595,24.70159569,0,1,1,0,0.01,24.25047214,1,0.0225,24.25047214,0,1.2,24.25047214
57.36,24.25764375,0.7075201598,24.37160225,25.31617022,24.57005479,0,1,1,0,0.01,24.25764375,1,0.0225,24.25764375,0,1.2,24.25764375
57.37,24.26481263,0.7044877004,24.29882101,25.21785885,22.11886966,0,1,1,0,0.01,24.26481263,1,0.0225,24.26481263,0,1.2,24.26481263
57.38,24.27189841,0.7040651632,24.19871031,25.13954359,23.79939824,0,1,1,0,0.01,24.27189841,1,0.0225,24.27189841,0,1.2,24.27189841
57.39,24.27882856,0.6682679277,24.18099559,25.31528661,22.24385767,0,1,1,0,0.01,24.27882856,1,0.0225,24.27882856,0,1.2,24.27882856
57.4,24.28546625,0.6721291283,24.30951307,25.24857373,25.13261287,0,1,1,0,0.01,24.28546625,1,0.0225,24.28546625,0,1.2,24.28546625
57.41,24.29200452,0.6547275609,24.30731846,25.09943898,24.19736637,0,1,1,0,0.01,24.29200452,1,0.0225,24.29200452,0,1.2,24.29200452
57.42,24.29851333,0.6603962144,24.23709846,25.15005379,22.10374817,0,1,1,0,0.01,24.29851333,1,0.0225,24.29851333,0,1.2,24.29851333
57.43,24.30520583,0.6770864808,24.34021025,25.52307245,24.85026992,0,1,1,0,0.01,24.30520583,1,0.0225,24.30520583,0,1.2,24.30520583
57.44,24.31207496,0.6963482671,24.3225683,25.34336188,22.24496529,0,1,1,0,0.01,24.31207496,1,0.0225,24.31207496,0,1.2,24.31207496
57.45,24.31920038,0.7255944085,24.33636223,25.6639402,25.35150733,0,1,1,0,0.01,24.31920038,1,0.0225,24.31920038,0,1.2,24.31920038
57.46,24.32649408,0.7425095163,24.40702369,25.04458637,25.29050279,0,1,1,0,0.01,24.32649408,1,0.0225,24.32649408,0,1.2,24.32649408
57.47,24.3337426,0.7065585874,24.44028129,25.15345817,25.15880979,0,1,1,0,0.01,24.3337426,1,0.0225,24.3337426,0,1.2,24.3337426
57.48,24.34109143,0.7509923354,24.09991267,25.30318205,23.96854876,0,1,1,0,0.01,24.34109143,1,0.0225,24.34109143,0,1.2,24.34109143
57.49,24.34843217,0.717442229,24.40138034,25.4280065,23.29810538,0,1,1,0,0.01,24.34843217,1,0.0225,24.34843217,0,1.2,24.34843217
57.5,24.35533191,0.6714487821,24.39013395,25.38354517,24.68294928,0,1,1,0,0.01,24.35533191,1,0.0225,24.35533191,0,1.2,24.35533191
57.51,24.36216362,0.6936292632,24.25681288,25.50633932,24.22796763,0,1,1,0,0.01,24.36216362,1,0.0225,24.36216362,0,1.2,24.36216362
57.52,24.36906435,0.7090230456,24.46666281,25.61873022,25.70255676,0,1,1,0,0.01,24.36906435,1,0.0225,24.36906435,0,1.2,24.36906435
57.53,24.37618091,0.7196096567,24.21648657,25.24785326,25.01304551,0,1,1,0,0.01,24.37618091,1,0.0225,24.37618091,0,1.2,24.37618091
57.54,24.38343354,0.7307123828,24.22919298,25.39242666,24.75292041,0,1,1,0,0.01,24.38343354,1,0.0225,24.38343354,0,1.2,24.38343354
57.55,24.39085367,0.7495678756,24.43096569,25.38963008,21.85706165,0,1,1,0,0.01,24.39085367,1,0.0225,24.39085367,0,1.2,24.39085367
57.56,24.39839456,0.7521462428,24.34771945,25.11278082,24.35554005,0,1,1,0,0.01,24.39839456,1,0.0225,24.39839456,0,1.2,24.39839456
57.57,24.4057894,0.7306847503,24.51282322,25.05202335,23.3998834,0,1,1,0,0.01,24.4057894,1,0.0225,24.4057894,0,1.2,24.4057894
57.58,24.41327157,0.7539663298,24.19743076,25.39980888,26.60716066,0,1,1,0,0.01,24.41327157,1,0.0225,24.41327157,0,1.2,24.41327157
57.59,24.42075169,0.73206908,24.26010051,25.43622128,22.35492459,0,1,1,0,0.01,24.42075169,1,0.0225,24.42075169,0,1.2,24.42075169
57.6,24.4280057,0.7283860775,24.30169391,25.62995119,25.22207079,0,1,1,0,0.01,24.4280057,1,0.0225,24.4280057,0,1.2,24.4280057
57.61,24.43524753,0.70348445,24.46028524,25.36237489,24.43578757,0,1,1,0,0.01,24.43524753,1,0.0225,24.43524753,0,1.2,24.43524753
57.62,24.44220848,0.6721392834,24.43528758,25.44946754,24.52656393,0,1,1,0,0.01,24.44220848,1,0.0225,24.44220848,0,1.2,24.44220848
57.63,24.4488883,0.6641101166,24.41845815,25.16622228,26.00845088,0,1,1,0,0.01,24.4488883,1,0.0225,24.4488883,0,1.2,24.4488883
57.64,24.45540723,0.6441672896,24.36655327,25.27846122,24.3388617,0,1,1,0,0.01,24.45540723,1,0.0225,24.45540723,0,1.2,24.45540723
57.65,24.46190233,0.6670304525,24.42206914,25.36592692,23.339681,0,1,1,0,0.01,24.46190233,1,0.0225,24.46190233,0,1.2,24.46190233
57.66,24.46840609,0.6509415552,24.23767951,25.51433728,24.69093767,0,1,1,0,0.01,24.46840609,1,0.0225,24.46840609,0,1.2,24.46840609
57.67,24.47497454,0.6662294932,24.42125871,25.48962293,23.87895643,0,1,1,0,0.01,24.47497454,1,0.0225,24.47497454,0,1.2,24.47497454
57.68,24.48150449,0.623971747,24.50689749,25.54610514,24.29058857,0,1,1,0,0.01,24.48150449,1,0.0225,24.48150449,0,1.2,24.48150449
57.69,24.48767118,0.6195056427,24.47945284,25.50534955,22.11139381,0,1,1,0,0.01,24.48767118,1,0.0225,24.48767118,0,1.2,24.48767118
57.7,24.49399803,0.6448176205,24.55912251,25.53803958,23.62257287,0,1,1,0,0.01,24.49399803,1,0.0225,24.49399803,0,1.2,24.49399803
57.71,24.50049583,0.6506692953,24.5338488,25.71782996,25.32378565,0,1,1,0,0.01,24.50049583,1,0.0225,24.50049583,0,1.2,24.50049583
57.72,24.50694653,0.6463790785,24.34462197,25.58740401,25.90227886,0,1,1,0,0.01,24.50694653,1,0.0225,24.50694653,0,1.2,24.50694653
57.73,24.51329042,0.6183067918,24.50926137,25.57077432,26.53842215,0,1,1,0,0.01,24.51329042,1,0.0225,24.51329042,0,1.2,24.51329042
57.74,24.51952499,0.6274508444,24.53990199,25.485412,24.28730956,0,1,1,0,0.01,24.51952499,1,0.0225,24.51952499,0,1.2,24.51952499
57.75,24.52591057,0.6368330127,24.44904511,25.77059815,24.26135769,0,1,1,0,0.01,24.52591057,1,0.0225,24.52591057,0,1.2,24.52591057
57.76,24.532301,0.6458497294,24.51131974,25.02775951,23.4701145,0,1,1,0,0.01,24.532301,1,0.0225,24.532301,0,1.2,24.532301
57.77,24.53872596,0.6631138387,24.41883255,25.70489464,23.81617362,0,1,1,0,0.01,24.53872596,1,0.0225,24.53872596,0,1.2,24.53872596
57.78,24.5454124,0.6633902743,24.25388805,25.57418129,24.76252337,0,1,1,0,0.01,24.5454124,1,0.0225,24.5454124,0,1.2,24.5454124
57.79,24.55201021,0.6783004236,24.59465601,25.70361508,25.64219976,0,1,1,0,0.01,24.55201021,1,0.0225,24.55201021,0,1.2,24.55201021
57.8,24.5585943,0.632950984,24.45818876,25.68818617,25.16505993,0,1,1,0,0.01,24.5585943,1,0.0225,24.5585943,0,1.2,24.5585943
57.81,24.56485477,0.5930813648,24.51084888,25.26479507,23.99772494,0,1,1,0,0.01,24.56485477,1,0.0225,24.56485477,0,1.2,24.56485477
57.82,24.57069327,0.5755288234,24.59053632,25.45515268,24.02351441,0,1,1,0,0.01,24.57069327,1,0.0225,24.57069327,0,1.2,24.57069327
57.83,24.57663482,0.6023293828,24.61606344,25.86685298,25.83932145,0,1,1,0,0.01,24.57663482,1,0.0225,24.57663482,0,1.2,24.57663482
57.84,24.58269582,0.5947627964,24.57892994,25.69626746,24.93420211,0,1,1,0,0.01,24.58269582,1,0.0225,24.58269582,0,1.2,24.58269582
57.85,24.58878536,0.6294953589,24.43126681,25.7799253,24.07504127,0,1,1,0,0.01,24.58878536,1,0.0225,24.58878536,0,1.2,24.58878536
57.86,24.59517638,0.6447866324,24.56527195,25.35732014,23.20704991,0,1,1,0,0.01,24.59517638,1,0.0225,24.59517638,0,1.2,24.59517638
57.87,24.60156273,0.6094266676,24.61411045,25.85672844,25.0172124,0,1,1,0,0.01,24.60156273,1,0.0225,24.60156273,0,1.2,24.60156273
57.88,24.60775202,0.6196307806,24.49984207,25.67748735,24.05965969,0,1,1,0,0.01,24.60775202,1,0.0225,24.60775202,0,1.2,24.60775202
57.89,24.61396928,0.6272728651,24.6247861,25.54587258,24.77303968,0,1,1,0,0.01,24.61396928,1,0.0225,24.61396928,0,1.2,24.61396928
57.9,24.62008588,0.5996780454,24.71087786,25.68391533,26.2384229,0,1,1,0,0.01,24.62008588,1,0.0225,24.62008588,0,1.2,24.62008588
57.91,24.62607531,0.5816978461,24.51853708,25.53657614,25.69802872,0,1,1,0,0.01,24.62607531,1,0.0225,24.62607531,0,1.2,24.62607531
57.92,24.63175683,0.5500314981,24.66743292,25.62575027,24.8090896,0,1,1,0,0.01,24.63175683,1,0.0225,24.63175683,0,1.2,24.63175683
57.93,24.63717953,0.5400796129,24.49578487,25.47637575,22.52414112,0,1,1,0,0.01,24.63717953,1,0.0225,24.63717953,0,1.2,24.63717953
57.94,24.64270944,0.5600276423,24.59408278,25.99104411,25.26926113,0,1,1,0,0.01,24.64270944,1,0.0225,24.64270944,0,1.2,24.64270944
57.95,24.64853328,0.5996497294,24.54495287,25.89423244,25.14602003,0,1,1,0,0.01,24.64853328,1,0.0225,24.64853328,0,1.2,24.64853328
57.96,24.65430612,0.5396703506,24.73622456,25.96566203,24.15738662,0,1,1,0,0.01,24.65430612,1,0.0225,24.65430612,0,1.2,24.65430612
57.97,24.65956697,0.5482048566,24.87061375,25.79931856,24.54516076,0,1,1,0,0.01,24.65956697,1,0.0225,24.65956697,0,1.2,24.65956697
57.98,24.66484187,0.5310407951,24.68936162,25.95261334,23.3357377,0,1,1,0,0.01,24.66484187,1,0.0225,24.66484187,0,1.2,24.66484187
57.99,24.67007341,0.5301909827,24.66397293,25.58189879,24.88256572,0,1,1,0,0.01,24.67007341,1,0.0225,24.67007341,0,1.2,24.67007341
58,24.67532115,0.5296187722,24.6388182,25.52890509,25.72179449,0,1,1,0,0.01,24.67532115,1,0.0225,24.67532115,0,1.2,24.67532115
58.01,24.68077422,0.5394277186,24.80363473,26.07713656,25.49451119,0,1,1,0,0.01,24.68077422,1,0.0225,24.68077422,0,1.2,24.68077422
58.02,24.68598042,0.5067300089,24.62603349,25.98341008,23.14036964,0,1,1,0,0.01,24.68598042,1,0.0225,24.68598042,0,1.2,24.68598042
58.03,24.69094913,0.4893732046,24.69058452,25.67466154,24.383807,0,1,1,0,0.01,24.69094913,1,0.0225,24.69094913,0,1.2,24.69094913
58.04,24.69576119,0.4961275351,24.92824508,25.49693113,24.26143736,0,1,1,0,0.01,24.69576119,1,0.0225,24.69576119,0,1.2,24.69576119
58.05,24.7005602,0.4850425576,24.78286516,25.78302825,24.93802941,0,1,1,0,0.01,24.7005602,1,0.0225,24.7005602,0,1.2,24.7005602
58.06,24.70527817,0.4718104612,24.93047389,25.58369437,25.12076669,0,1,1,0,0.01,24.70527817,1,0.0225,24.70527817,0,1.2,24.70527817
58.07,24.70975274,0.4421976098,24.86061944,25.66618369,25.47925024,0,1,1,0,0.01,24.70975274,1,0.0225,24.70975274,0,1.2,24.70975274
58.08,24.71427459,0.4454844969,24.72016116,25.63981656,24.66820211,0,1,1,0,0.01,24.71427459,1,0.0225,24.71427459,0,1.2,24.71427459
58.09,24.71882613,0.4482234456,24.73320196,25.59042875,23.66849113,0,1,1,0,0.01,24.71882613,1,0.0225,24.71882613,0,1.2,24.71882613
58.1,24.72354155,0.4756587497,24.51440223,26.16559574,25.53242692,0,1,1,0,0.01,24.72354155,1,0.0225,24.72354155,0,1.2,24.72354155
58.11,24.72825182,0.4658045563,24.64213831,25.93621844,25.2570314,0,1,1,0,0.01,24.72825182,1,0.0225,24.72825182,0,1.2,24.72825182
58.12,24.73293086,0.4511132857,24.68735179,25.88263026,25.59316276,0,1,1,0,0.01,24.73293086,1,0.0225,24.73293086,0,1.2,24.73293086
58.13,24.73739916,0.4308079718,24.63733443,25.6502596,24.85691488,0,1,1,0,0.01,24.73739916,1,0.0225,24.73739916,0,1.2,24.73739916
58.14,24.74165504,0.4310869007,24.76972802,25.51736654,25.3742738,0,1,1,0,0.01,24.74165504,1,0.0225,24.74165504,0,1.2,24.74165504
58.15,24.74592161,0.440879698,24.73263199,25.71554571,25.67681221,0,1,1,0,0.01,24.74592161,1,0.0225,24.74592161,0,1.2,24.74592161
58.16,24.7503437,0.4424745863,24.78320851,25.778537,24.67575159,0,1,1,0,0.01,24.7503437,1,0.0225,24.7503437,0,1.2,24.7503437
58.17,24.75449892,0.3813539324,24.61753021,25.84159499,25.40922659,0,1,1,0,0.01,24.75449892,1,0.0225,24.75449892,0,1.2,24.75449892
58.18,24.75812611,0.3598282083,24.7007767,25.8478874,25.03317605,0,1,1,0,0.01,24.75812611,1,0.0225,24.75812611,0,1.2,24.75812611
58.19,24.76177862,0.3706570658,24.73484458,25.83674967,25.74837563,0,1,1,0,0.01,24.76177862,1,0.0225,24.76177862,0,1.2,24.76177862
58.2,24.765239,0.3261197121,24.77864545,25.66543791,24.64690688,0,1,1,0,0.01,24.765239,1,0.0225,24.765239,0,1.2,24.765239
58.21,24.76840627,0.309131725,24.71974548,25.76571763,25.02848963,0,1,1,0,0.01,24.76840627,1,0.0225,24.76840627,0,1.2,24.76840627
58.22,24.77141662,0.3109056429,24.86622534,25.87474783,24.08312289,0,1,1,0,0.01,24.77141662,1,0.0225,24.77141662,0,1.2,24.77141662
58.23,24.77449922,0.2950012046,24.66249359,25.89177863,23.99415199,0,1,1,0,0.01,24.77449922,1,0.0225,24.77449922,0,1.2,24.77449922
58.24,24.77759577,0.332875835,24.71303605,25.78838024,24.03470255,0,1,1,0,0.01,24.77759577,1,0.0225,24.77759577,0,1.2,24.77759577
58.25,24.78087823,0.3240055553,24.58910212,25.73659845,26.0226174,0,1,1,0,0.01,24.78087823,1,0.0225,24.78087823,0,1.2,24.78087823
58.26,24.78418114,0.3178429785,24.70866856,25.88684333,24.27399374,0,1,1,0,0.01,24.78418114,1,0.0225,24.78418114,0,1.2,24.78418114
58.27,24.78746124,0.3205203645,24.98478078,25.49368985,24.30531541,0,1,1,0,0.01,24.78746124,1,0.0225,24.78746124,0,1.2,24.78746124
58.28,24.79055812,0.3239343507,24.73716792,26.00544927,26.48839465,0,1,1,0,0.01,24.79055812,1,0.0225,24.79055812,0,1.2,24.79055812
58.29,24.79387276,0.3186449601,24.85969278,25.96008445,25.65405395,0,1,1,0,0.01,24.79387276,1,0.0225,24.79387276,0,1.2,24.79387276
58.3,24.79709357,0.3235323749,24.66490524,25.82435367,24.7698352,0,1,1,0,0.01,24.79709357,1,0.0225,24.79709357,0,1.2,24.79709357
58.31,24.80037443,0.3082944342,24.64481821,26.11447453,22.90293834,0,1,1,0,0.01,24.80037443,1,0.0225,24.80037443,0,1.2,24.80037443
58.32,24.80359577,0.3260750049,24.74352522,25.56320329,26.19876942,0,1,1,0,0.01,24.80359577,1,0.0225,24.80359577,0,1.2,24.80359577
58.33,24.80648938,0.2751339447,24.8692664,25.86395787,23.90847503,0,1,1,0,0.01,24.80648938,1,0.0225,24.80648938,0,1.2,24.80648938
58.34,24.80941122,0.3059368292,24.98108569,25.68377083,24.81215418,0,1,1,0,0.01,24.80941122,1,0.0225,24.80941122,0,1.2,24.80941122
58.35,24.81237898,0.3024720111,24.85031209,25.74286899,24.17677515,0,1,1,0,0.01,24.81237898,1,0.0225,24.81237898,0,1.2,24.81237898
58.36,24.81548716,0.2985510681,24.96545027,25.97465295,25.79067913,0,1,1,0,0.01,24.81548716,1,0.0225,24.81548716,0,1.2,24.81548716
58.37,24.81828431,0.2703786712,24.74596734,25.79408062,23.03273477,0,1,1,0,0.01,24.81828431,1,0.0225,24.81828431,0,1.2,24.81828431
58.38,24.82092175,0.2624574283,24.68637446,25.8769186,24.18300578,0,1,1,0,0.01,24.82092175,1,0.0225,24.82092175,0,1.2,24.82092175
58.39,24.82350465,0.2571831729,24.82680527,25.75108824,26.55920844,0,1,1,0,0.01,24.82350465,1,0.0225,24.82350465,0,1.2,24.82350465
58.4,24.82617849,0.2766691129,24.9108514,25.87314974,23.83637323,0,1,1,0,0.01,24.82617849,1,0.0225,24.82617849,0,1.2,24.82617849
58.41,24.82894458,0.266614334,24.75016767,25.73059515,27.08771885,0,1,1,0,0.01,24.82894458,1,0.0225,24.82894458,0,1.2,24.82894458
58.42,24.83149634,0.255156074,24.71439762,25.68876583,24.56441016,0,1,1,0,0.01,24.83149634,1,0.0225,24.83149634,0,1.2,24.83149634
58.43,24.8341393,0.2729906864,24.82254997,25.9304081,24.35738389,0,1,1,0,0.01,24.8341393,1,0.0225,24.8341393,0,1.2,24.8341393
58.44,24.83678654,0.2581718906,24.97196502,25.6470463,24.7773961,0,1,1,0,0.01,24.83678654,1,0.0225,24.83678654,0,1.2,24.83678654
58.45,24.83934872,0.260162816,24.88510831,25.9072245,23.96334124,0,1,1,0,0.01,24.83934872,1,0.0225,24.83934872,0,1.2,24.83934872
58.46,24.84180617,0.2244795078,25.01906092,25.9491072,24.32850231,0,1,1,0,0.01,24.84180617,1,0.0225,24.84180617,0,1.2,24.84180617
58.47,24.844162,0.236440568,24.8556229,25.88002544,24.17489983,0,1,1,0,0.01,24.844162,1,0.0225,24.844162,0,1.2,24.844162
58.48,24.84664762,0.2627212155,24.68848941,25.97243108,24.49036931,0,1,1,0,0.01,24.84664762,1,0.0225,24.84664762,0,1.2,24.84664762
58.49,24.84911143,0.2382255426,24.85827169,25.90823115,25.32526472,0,1,1,0,0.01,24.84911143,1,0.0225,24.84911143,0,1.2,24.84911143
58.5,24.85147714,0.241885896,24.75832545,25.75688464,23.75675204,0,1,1,0,0.01,24.85147714,1,0.0225,24.85147714,0,1.2,24.85147714
58.51,24.85381731,0.2220326444,24.8874328,25.55848527,24.71812238,0,1,1,0,0.01,24.85381731,1,0.0225,24.85381731,0,1.2,24.85381731
58.52,24.85608572,0.2338220106,24.88749272,26.02341491,26.70614041,0,1,1,0,0.01,24.85608572,1,0.0225,24.85608572,0,1.2,24.85608572
58.53,24.85827615,0.2159938732,24.90923239,26.09630903,24.18266077,0,1,1,0,0.01,24.85827615,1,0.0225,24.85827615,0,1.2,24.85827615
58.54,24.86037299,0.190220675,24.87269635,25.33352666,23.91992154,0,1,1,0,0.01,24.86037299,1,0.0225,24.86037299,0,1.2,24.86037299
58.55,24.86217096,0.188903958,24.97217404,26.21316728,25.79872044,0,1,1,0,0.01,24.86217096,1,0.0225,24.86217096,0,1.2,24.86217096
58.56,24.86389817,0.1854949794,24.55177631,25.9468074,24.54939651,0,1,1,0,0.01,24.86389817,1,0.0225,24.86389817,0,1.2,24.86389817
58.57,24.86565584,0.1783076412,24.85332276,25.95054107,23.23361417,0,1,1,0,0.01,24.86565584,1,0.0225,24.86565584,0,1.2,24.86565584
58.58,24.86736558,0.1471676859,24.77258761,25.99070333,25.05126379,0,1,1,0,0.01,24.86736558,1,0.0225,24.86736558,0,1.2,24.86736558
58.59,24.86872915,0.1534424159,24.8257025,25.91066081,23.76866693,0,1,1,0,0.01,24.86872915,1,0.0225,24.86872915,0,1.2,24.86872915
58.6,24.87051051,0.1973724175,24.81329065,25.96050822,24.70704316,0,1,1,0,0.01,24.87051051,1,0.0225,24.87051051,0,1.2,24.87051051
58.61,24.87263764,0.2245302691,24.92314062,26.18289921,23.55871467,0,1,1,0,0.01,24.87263764,1,0.0225,24.87263764,0,1.2,24.87263764
58.62,24.87493888,0.2218157485,24.85903572,26.1880799,26.59012442,0,1,1,0,0.01,24.87493888,1,0.0225,24.87493888,0,1.2,24.87493888
58.63,24.87723793,0.2225334072,24.87660236,25.90821848,23.91880363,0,1,1,0,0.01,24.87723793,1,0.0225,24.87723793,0,1.2,24.87723793
58.64,24.87937732,0.1971444664,24.97023215,25.93910207,25.02782233,0,1,1,0,0.01,24.87937732,1,0.0225,24.87937732,0,1.2,24.87937732
58.65,24.88108932,0.158859774,24.90435805,25.85743973,24.31708704,0,1,1,0,0.01,24.88108932,1,0.0225,24.88108932,0,1.2,24.88108932
58.66,24.88267022,0.1517510247,24.82555933,25.91280618,25.16724822,0,1,1,0,0.01,24.88267022,1,0.0225,24.88267022,0,1.2,24.88267022
58.67,24.88431577,0.1515420907,24.8865511,25.91186348,23.43767534,0,1,1,0,0.01,24.88431577,1,0.0225,24.88431577,0,1.2,24.88431577
58.68,24.88599187,0.168704895,24.67332414,25.64456418,24.66696584,0,1,1,0,0.01,24.88599187,1,0.0225,24.88599187,0,1.2,24.88599187
58.69,24.88749265,0.1540920544,25.21090385,25.94813541,25.33879584,0,1,1,0,0.01,24.88749265,1,0.0225,24.88749265,0,1.2,24.88749265
58.7,24.88899953,0.131950492,24.81659306,26.0823484,25.68562671,0,1,1,0,0.01,24.88899953,1,0.0225,24.88899953,0,1.2,24.88899953
58.71,24.89057435,0.1691529436,24.82569383,25.85338162,25.42418202,0,1,1,0,0.01,24.89057435,1,0.0225,24.89057435,0,1.2,24.89057435
58.72,24.89224146,0.1738289809,24.73199654,25.88086043,24.34702564,0,1,1,0,0.01,24.89224146,1,0.0225,24.89224146,0,1.2,24.89224146
58.73,24.89412849,0.1966835682,24.91069895,25.7376098,24.40436124,0,1,1,0,0.01,24.89412849,1,0.0225,24.89412849,0,1.2,24.89412849
58.74,24.89611958,0.1911703372,24.77875079,26.04589955,23.91335412,0,1,1,0,0.01,24.89611958,1,0.0225,24.89611958,0,1.2,24.89611958
58.75,24.89816273,0.2158443482,24.93231111,25.82771165,22.9291111,0,1,1,0,0.01,24.89816273,1,0.0225,24.89816273,0,1.2,24.89816273
58.76,24.90030647,0.2121522412,24.82143383,25.85661425,26.5537587,0,1,1,0,0.01,24.90030647,1,0.0225,24.90030647,0,1.2,24.90030647
58.77,24.90239208,0.1992952394,24.93200121,25.97750007,26.90225424,0,1,1,0,0.01,24.90239208,1,0.0225,24.90239208,0,1.2,24.90239208
58.78,24.90424513,0.1664932455,24.92937438,25.91616968,24.97701017,0,1,1,0,0.01,24.90424513,1,0.0225,24.90424513,0,1.2,24.90424513
58.79,24.90600248,0.1821133722,24.95636533,25.96977976,24.14077589,0,1,1,0,0.01,24.90600248,1,0.0225,24.90600248,0,1.2,24.90600248
58.8,24.90783735,0.1805907088,24.94592822,25.89872611,24.8538815,0,1,1,0,0.01,24.90783735,1,0.0225,24.90783735,0,1.2,24.90783735
58.81,24.90967353,0.1736685483,25.02080822,26.0540048,26.27052741,0,1,1,0,0.01,24.90967353,1,0.0225,24.90967353,0,1.2,24.90967353
58.82,24.911361,0.1492040923,24.89159377,25.55472739,24.48707563,0,1,1,0,0.01,24.911361,1,0.0225,24.911361,0,1.2,24.911361
58.83,24.9129522,0.163793868,24.87850524,26.25403222,25.40924121,0,1,1,0,0.01,24.9129522,1,0.0225,24.9129522,0,1.2,24.9129522
58.84,24.91470274,0.2042697467,25.1100293,25.88490648,24.77605962,0,1,1,0,0.01,24.91470274,1,0.0225,24.91470274,0,1.2,24.91470274
58.85,24.91660523,0.2068348894,24.71769542,26.00918093,23.9309794,0,1,1,0,0.01,24.91660523,1,0.0225,24.91660523,0,1.2,24.91660523
58.86,24.91855069,0.1736064032,24.87655568,25.68689038,23.77367423,0,1,1,0,0.01,24.91855069,1,0.0225,24.91855069,0,1.2,24.91855069
58.87,24.92029136,0.1690967345,24.84273921,25.80164511,24.09805827,0,1,1,0,0.01,24.92029136,1,0.0225,24.92029136,0,1.2,24.92029136
58.88,24.92199355,0.1603057775,24.91105947,26.00068476,23.13924903,0,1,1,0,0.01,24.92199355,1,0.0225,24.92199355,0,1.2,24.92199355
58.89,24.92354183,0.1483481353,24.97077279,25.79041159,24.18826552,0,1,1,0,0.01,24.92354183,1,0.0225,24.92354183,0,1.2,24.92354183
58.9,24.92498233,0.1433366776,24.7375797,25.7920786,24.5352041,0,1,1,0,0.01,24.92498233,1,0.0225,24.92498233,0,1.2,24.92498233
58.91,24.92649043,0.1588878065,24.96503035,26.14867687,26.00652367,0,1,1,0,0.01,24.92649043,1,0.0225,24.92649043,0,1.2,24.92649043
58.92,24.9279317,0.1464364752,24.88661243,25.83552024,25.00817833,0,1,1,0,0.01,24.9279317,1,0.0225,24.9279317,0,1.2,24.9279317
58.93,24.92975859,0.2151761727,25.02493058,25.71005229,24.86076249,0,1,1,0,0.01,24.92975859,1,0.0225,24.92975859,0,1.2,24.92975859
58.94,24.93187816,0.1993499302,25.02653419,25.78563833,25.41274267,0,1,1,0,0.01,24.93187816,1,0.0225,24.93187816,0,1.2,24.93187816
58.95,24.93392669,0.2015461325,24.77850197,25.91423378,25.14804785,0,1,1,0,0.01,24.93392669,1,0.0225,24.93392669,0,1.2,24.93392669
58.96,24.9358935,0.1794007865,25.07323222,25.889351,23.6628593,0,1,1,0,0.01,24.9358935,1,0.0225,24.9358935,0,1.2,24.9358935
58.97,24.93774426,0.1872057694,24.94765475,26.00577067,25.15515005,0,1,1,0,0.01,24.93774426,1,0.0225,24.93774426,0,1.2,24.93774426
58.98,24.93937658,0.1223718063,24.91046515,25.77956579,27.52647437,0,1,1,0,0.01,24.93937658,1,0.0225,24.93937658,0,1.2,24.93937658
58.99,24.94063191,0.116642501,24.85579371,26.00771565,23.47485706,0,1,1,0,0.01,24.94063191,1,0.0225,24.94063191,0,1.2,24.94063191
59,24.94170805,0.1055480803,24.99482033,25.67145015,23.33234369,0,1,1,0,0.01,24.94170805,1,0.0225,24.94170805,0,1.2,24.94170805
59.01,24.94286907,0.1400188333,24.98015356,25.88920289,24.52312347,0,1,1,0,0.01,24.94286907,1,0.0225,24.94286907,0,1.2,24.94286907
59.02,24.94439787,0.1519124216,24.84312259,25.72562549,25.35352338,0,1,1,0,0.01,24.94439787,1,0.0225,24.94439787,0,1.2,24.94439787
59.03,24.94602986,0.1519436028,24.97202236,25.83823733,23.6032423,0,1,1,0,0.01,24.94602986,1,0.0225,24.94602986,0,1.2,24.94602986
59.04,24.9475748,0.1360560073,25.08390065,26.03051919,24.78111939,0,1,1,0,0.01,24.9475748,1,0.0225,24.9475748,0,1.2,24.9475748
59.05,24.94884674,0.1126218251,24.94501543,26.07343436,23.99057854,0,1,1,0,0.01,24.94884674,1,0.0225,24.94884674,0,1.2,24.94884674
59.06,24.94993544,0.1185965344,25.02401492,25.92036463,23.81796385,0,1,1,0,0.01,24.94993544,1,0.0225,24.94993544,0,1.2,24.94993544
59.07,24.95118213,0.1363277594,25.08395624,26.20520555,23.51397307,0,1,1,0,0.01,24.95118213,1,0.0225,24.95118213,0,1.2,24.95118213
59.08,24.95263184,0.1680991754,24.9901147,26.02904651,24.13249822,0,1,1,0,0.01,24.95263184,1,0.0225,24.95263184,0,1.2,24.95263184
59.09,24.95434976,0.1788168733,24.89791261,25.8698534,26.04248093,0,1,1,0,0.01,24.95434976,1,0.0225,24.95434976,0,1.2,24.95434976
59.1,24.95604723,0.143933379,24.86652467,25.92565382,25.14264216,0,1,1,0,0.01,24.95604723,1,0.0225,24.95604723,0,1.2,24.95604723
59.11,24.957627,0.1722872822,24.97696138,25.9307326,25.80555856,0,1,1,0,0.01,24.957627,1,0.0225,24.957627,0,1.2,24.957627
59.12,24.9593704,0.1776276409,24.679536,25.98242476,25.26502286,0,1,1,0,0.01,24.9593704,1,0.0225,24.9593704,0,1.2,24.9593704
59.13,24.96122429,0.1877884752,25.00807725,25.88651873,25.00414747,0,1,1,0,0.01,24.96122429,1,0.0225,24.96122429,0,1.2,24.96122429
59.14,24.96312696,0.1933396371,24.79462192,25.72710595,26.96672375,0,1,1,0,0.01,24.96312696,1,0.0225,24.96312696,0,1.2,24.96312696
59.15,24.96526462,0.2149606954,24.83298775,25.85444617,23.09459646,0,1,1,0,0.01,24.96526462,1,0.0225,24.96526462,0,1.2,24.96526462
59.16,24.96726998,0.2033510621,25.05177364,26.05351144,25.05462398,0,1,1,0,0.01,24.96726998,1,0.0225,24.96726998,0,1.2,24.96726998
59.17,24.96934442,0.2145499243,24.93038079,25.90408952,25.36944968,0,1,1,0,0.01,24.96934442,1,0.0225,24.96934442,0,1.2,24.96934442
59.18,24.97153073,0.2180245028,24.88409781,25.56188034,27.35083999,0,1,1,0,0.01,24.97153073,1,0.0225,24.97153073,0,1.2,24.97153073
59.19,24.97390824,0.2486595819,25.01434211,26.07343744,25.33196942,0,1,1,0,0.01,24.97390824,1,0.0225,24.97390824,0,1.2,24.97390824
59.2,24.9763655,0.2553375955,25.11238594,25.91347142,25.98890707,0,1,1,0,0.01,24.9763655,1,0.0225,24.9763655,0,1.2,24.9763655
59.21,24.97882155,0.2362911857,25.0653807,25.93448445,25.43375531,0,1,1,0,0.01,24.97882155,1,0.0225,24.97882155,0,1.2,24.97882155
59.22,24.98136986,0.2656241845,24.89054811,25.86026167,25.39728196,0,1,1,0,0.01,24.98136986,1,0.0225,24.98136986,0,1.2,24.98136986
59.23,24.98414442,0.2944210338,25.07467406,26.10405245,25.06033975,0,1,1,0,0.01,24.98414442,1,0.0225,24.98414442,0,1.2,24.98414442
59.24,24.98678501,0.2516574863,25.03567575,26.0555626,26.57727451,0,1,1,0,0.01,24.98678501,1,0.0225,24.98678501,0,1.2,24.98678501
59.25,24.9891384,0.2277726207,25.11298405,25.97644737,27.52122924,0,1,1,0,0.01,24.9891384,1,0.0225,24.9891384,0,1.2,24.9891384
59.26,24.99126918,0.2143626844,24.85586947,26.25012884,24.6297768,0,1,1,0,0.01,24.99126918,1,0.0225,24.99126918,0,1.2,24.99126918
59.27,24.99352528,0.2315843344,25.03772952,25.92142545,26.08293865,0,1,1,0,0.01,24.99352528,1,0.0225,24.99352528,0,1.2,24.99352528
59.28,24.99566944,0.205963254,24.97636357,25.86935666,24.77536899,0,1,1,0,0.01,24.99566944,1,0.0225,24.99566944,0,1.2,24.99566944
59.29,24.99791528,0.2338483335,25.08966908,26.26588301,24.44936604,0,1,1,0,0.01,24.99791528,1,0.0225,24.99791528,0,1.2,24.99791528
59.3,25.00024483,0.22043169,25.09742446,26.28235316,23.96096778,0,1,1,0,0.01,25.00024483,1,0.0225,25.00024483,0,1.2,25.00024483
59.31,25.00259375,0.2456119904,25.20110521,26.12169798,24.51192087,0,1,1,0,0.01,25.00259375,1,0.0225,25.00259375,0,1.2,25.00259375
59.32,25.00485935,0.2408440622,25.00110045,25.79287233,24.64958362,0,1,1,0,0.01,25.00485935,1,0.0225,25.00485935,0,1.2,25.00485935
59.33,25.00724543,0.2288947479,25.11374457,26.01581774,24.89236974,0,1,1,0,0.01,25.00724543,1,0.0225,25.00724543,0,1.2,25.00724543
59.34,25.00964529,0.2486289904,25.07507178,25.80318882,24.71073298,0,1,1,0,0.01,25.00964529,1,0.0225,25.00964529,0,1.2,25.00964529
59.35,25.0120753,0.2497359475,24.97648276,25.97691602,25.33609857,0,1,1,0,0.01,25.0120753,1,0.0225,25.0120753,0,1.2,25.0120753
59.36,25.01472246,0.2692879828,25.04531607,26.11723171,25.51944329,0,1,1,0,0.01,25.01472246,1,0.0225,25.01472246,0,1.2,25.01472246
59.37,25.01766078,0.2960884947,24.88453714,26.19741122,24.4845771,0,1,1,0,0.01,25.01766078,1,0.0225,25.01766078,0,1.2,25.01766078
59.38,25.02062643,0.3038999381,24.91514837,25.87792118,27.39894839,0,1,1,0,0.01,25.02062643,1,0.0225,25.02062643,0,1.2,25.02062643
59.39,25.02366384,0.3284344384,24.9995144,26.05878139,26.4129408,0,1,1,0,0.01,25.02366384,1,0.0225,25.02366384,0,1.2,25.02366384
59.4,25.02703772,0.355233122,25.12003222,25.88883368,26.07811494,0,1,1,0,0.01,25.02703772,1,0.0225,25.02703772,0,1.2,25.02703772
59.41,25.03054389,0.3477931231,25.07003165,26.07666058,24.81329494,0,1,1,0,0.01,25.03054389,1,0.0225,25.03054389,0,1.2,25.03054389
59.42,25.03391708,0.341491347,24.99479085,26.00496449,24.65785431,0,1,1,0,0.01,25.03391708,1,0.0225,25.03391708,0,1.2,25.03391708
59.43,25.03715161,0.3205509559,25.03218919,26.28911591,26.56894125,0,1,1,0,0.01,25.03715161,1,0.0225,25.03715161,0,1.2,25.03715161
59.44,25.04048199,0.3489727403,25.05761561,26.08965654,25.24310683,0,1,1,0,0.01,25.04048199,1,0.0225,25.04048199,0,1.2,25.04048199
59.45,25.04401123,0.3338737326,25.03646317,25.91557174,26.27089277,0,1,1,0,0.01,25.04401123,1,0.0225,25.04401123,0,1.2,25.04401123
59.46,25.04720864,0.3054664911,25.02935558,26.09376918,24.5156532,0,1,1,0,0.01,25.04720864,1,0.0225,25.04720864,0,1.2,25.04720864
59.47,25.04996036,0.2561300328,25.23626675,26.0396409,24.26084932,0,1,1,0,0.01,25.04996036,1,0.0225,25.04996036,0,1.2,25.04996036
59.48,25.05278686,0.2969833811,25.05383486,25.92504121,23.94783298,0,1,1,0,0.01,25.05278686,1,0.0225,25.05278686,0,1.2,25.05278686
59.49,25.05575228,0.2826509325,24.89322625,26.25589745,27.03337513,0,1,1,0,0.01,25.05575228,1,0.0225,25.05575228,0,1.2,25.05575228
59.5,25.05855035,0.2678522514,25.30053389,25.93225222,26.79783686,0,1,1,0,0.01,25.05855035,1,0.0225,25.05855035,0,1.2,25.05855035
59.51,25.06149411,0.2884989355,25.07702479,26.10752117,26.31506234,0,1,1,0,0.01,25.06149411,1,0.0225,25.06149411,0,1.2,25.06149411
59.52,25.06450475,0.3023998437,24.8677835,26.24446622,25.66734576,0,1,1,0,0.01,25.06450475,1,0.0225,25.06450475,0,1.2,25.06450475
59.53,25.06749919,0.2984497382,25.3026719,25.74970521,27.23918673,0,1,1,0,0.01,25.06749919,1,0.0225,25.06749919,0,1.2,25.06749919
59.54,25.07048544,0.2748174998,25.27527019,26.11993812,25.95041778,0,1,1,0,0.01,25.07048544,1,0.0225,25.07048544,0,1.2,25.07048544
59.55,25.07332778,0.2847278099,24.98913484,26.08481377,25.05839398,0,1,1,0,0.01,25.07332778,1,0.0225,25.07332778,0,1.2,25.07332778
59.56,25.07608687,0.2648399994,25.04937812,26.3799164,25.76433015,0,1,1,0,0.01,25.07608687,1,0.0225,25.07608687,0,1.2,25.07608687
59.57,25.07861272,0.2538837853,24.99717785,26.29402917,23.08171982,0,1,1,0,0.01,25.07861272,1,0.0225,25.07861272,0,1.2,25.07861272
59.58,25.0811266,0.2549933633,25.10890822,26.37279217,26.52871633,0,1,1,0,0.01,25.0811266,1,0.0225,25.0811266,0,1.2,25.0811266
59.59,25.0834398,0.2270514215,24.92098992,26.12738518,25.1934623,0,1,1,0,0.01,25.0834398,1,0.0225,25.0834398,0,1.2,25.0834398
59.6,25.08575348,0.240325271,25.06345402,26.11652823,25.74181883,0,1,1,0,0.01,25.08575348,1,0.0225,25.08575348,0,1.2,25.08575348
59.61,25.08810695,0.2200678171,25.11407278,26.33481606,24.99750585,0,1,1,0,0.01,25.08810695,1,0.0225,25.08810695,0,1.2,25.08810695
59.62,25.09048221,0.2451374945,25.03261464,26.28863107,25.3112339,0,1,1,0,0.01,25.09048221,1,0.0225,25.09048221,0,1.2,25.09048221
59.63,25.0929623,0.2464824167,25.15045815,25.97015351,25.28655375,0,1,1,0,0.01,25.0929623,1,0.0225,25.0929623,0,1.2,25.0929623
59.64,25.09530215,0.2334375861,24.92633223,26.17925901,27.25010818,0,1,1,0,0.01,25.09530215,1,0.0225,25.09530215,0,1.2,25.09530215
59.65,25.09751461,0.2207265102,25.07984473,26.21581895,25.01637073,0,1,1,0,0.01,25.09751461,1,0.0225,25.09751461,0,1.2,25.09751461
59.66,25.09979919,0.2320424084,25.08851443,26.17149431,25.51926386,0,1,1,0,0.01,25.09979919,1,0.0225,25.09979919,0,1.2,25.09979919
59.67,25.10241942,0.290102416,24.9110048,26.17003735,25.06244706,0,1,1,0,0.01,25.10241942,1,0.0225,25.10241942,0,1.2,25.10241942
59.68,25.10514507,0.2477729404,25.12407828,26.0564916,26.0949632,0,1,1,0,0.01,25.10514507,1,0.0225,25.10514507,0,1.2,25.10514507
59.69,25.10745227,0.2031962366,25.23225738,26.15404853,25.28386814,0,1,1,0,0.01,25.10745227,1,0.0225,25.10745227,0,1.2,25.10745227
59.7,25.10976613,0.2383572425,25.1113716,26.16523542,24.64508608,0,1,1,0,0.01,25.10976613,1,0.0225,25.10976613,0,1.2,25.10976613
59.71,25.11226957,0.2662730711,25.04890315,26.1810019,25.62594068,0,1,1,0,0.01,25.11226957,1,0.0225,25.11226957,0,1.2,25.11226957
59.72,25.11492469,0.2714789196,24.89186559,26.14173438,25.46355149,0,1,1,0,0.01,25.11492469,1,0.0225,25.11492469,0,1.2,25.11492469
59.73,25.11766213,0.2810477143,25.0992308,26.26253628,25.90340184,0,1,1,0,0.01,25.11766213,1,0.0225,25.11766213,0,1.2,25.11766213
59.74,25.12048392,0.2790283036,25.17561792,26.14896376,26.5958136,0,1,1,0,0.01,25.12048392,1,0.0225,25.12048392,0,1.2,25.12048392
59.75,25.12314673,0.2613014669,25.13151286,26.31026438,24.52669416,0,1,1,0,0.01,25.12314673,1,0.0225,25.12314673,0,1.2,25.12314673
59.76,25.12578405,0.2827141896,25.30020792,26.10353445,23.8649209,0,1,1,0,0.01,25.12578405,1,0.0225,25.12578405,0,1.2,25.12578405
59.77,25.12845286,0.2723647274,25.06974147,26.24238971,25.23797436,0,1,1,0,0.01,25.12845286,1,0.0225,25.12845286,0,1.2,25.12845286
59.78,25.13119531,0.2844920279,25.3789285,26.16434493,25.13808755,0,1,1,0,0.01,25.13119531,1,0.0225,25.13119531,0,1.2,25.13119531
59.79,25.13404558,0.2822070546,25.12261251,26.04599789,25.24412463,0,1,1,0,0.01,25.13404558,1,0.0225,25.13404558,0,1.2,25.13404558
59.8,25.13677518,0.2616731546,25.05084889,26.22266807,26.19905705,0,1,1,0,0.01,25.13677518,1,0.0225,25.13677518,0,1.2,25.13677518
59.81,25.13911013,0.2165669568,25.12143276,25.98886986,26.80194525,0,1,1,0,0.01,25.13911013,1,0.0225,25.13911013,0,1.2,25.13911013
59.82,25.14111414,0.1902353953,25.03087968,26.00877842,24.84186972,0,1,1,0,0.01,25.14111414,1,0.0225,25.14111414,0,1.2,25.14111414
59.83,25.14326776,0.225428436,25.29335769,26.16265549,24.68205535,0,1,1,0,0.01,25.14326776,1,0.0225,25.14326776,0,1.2,25.14326776
59.84,25.14541506,0.2091025669,24.98625032,26.19925735,22.37577576,0,1,1,0,0.01,25.14541506,1,0.0225,25.14541506,0,1.2,25.14541506
59.85,25.14729358,0.1772270417,25.17630544,26.27067141,23.30539547,0,1,1,0,0.01,25.14729358,1,0.0225,25.14729358,0,1.2,25.14729358
59.86,25.14917376,0.2092684656,25.24180772,25.819714,24.28677533,0,1,1,0,0.01,25.14917376,1,0.0225,25.14917376,0,1.2,25.14917376
59.87,25.15141922,0.2181386168,25.35292213,26.17009032,24.24898165,0,1,1,0,0.01,25.15141922,1,0.0225,25.15141922,0,1.2,25.15141922
59.88,25.15363555,0.2386011181,25.2509258,26.3630884,25.73108641,0,1,1,0,0.01,25.15363555,1,0.0225,25.15363555,0,1.2,25.15363555
59.89,25.15621036,0.2726547356,25.19913377,26.33402983,25.67545707,0,1,1,0,0.01,25.15621036,1,0.0225,25.15621036,0,1.2,25.15621036
59.9,25.15903198,0.2921821466,25.20285977,25.95318377,24.96894211,0,1,1,0,0.01,25.15903198,1,0.0225,25.15903198,0,1.2,25.15903198
59.91,25.16189836,0.275255101,25.33081644,25.81015373,24.21619113,0,1,1,0,0.01,25.16189836,1,0.0225,25.16189836,0,1.2,25.16189836
59.92,25.16471658,0.2927104398,25.47046574,26.25924021,23.7643263,0,1,1,0,0.01,25.16471658,1,0.0225,25.16471658,0,1.2,25.16471658
59.93,25.16761579,0.2682215101,25.16105885,26.3908391,22.99844828,0,1,1,0,0.01,25.16761579,1,0.0225,25.16761579,0,1.2,25.16761579
59.94,25.17045436,0.3012358798,25.29108214,26.31421355,25.73910155,0,1,1,0,0.01,25.17045436,1,0.0225,25.17045436,0,1.2,25.17045436
59.95,25.17371378,0.3208158597,25.11658913,25.87270054,27.78943641,0,1,1,0,0.01,25.17371378,1,0.0225,25.17371378,0,1.2,25.17371378
59.96,25.1770569,0.3467769802,25.13157943,26.32306988,25.56833434,0,1,1,0,0.01,25.1770569,1,0.0225,25.1770569,0,1.2,25.1770569
59.97,25.18039738,0.3386012513,25.35419573,26.43791586,24.67495029,0,1,1,0,0.01,25.18039738,1,0.0225,25.18039738,0,1.2,25.18039738
59.98,25.18382326,0.3599634364,25.22696708,25.95519405,25.18905645,0,1,1,0,0.01,25.18382326,1,0.0225,25.18382326,0,1.2,25.18382326
59.99,25.1874833,0.3738181161,25.25808978,26.15031384,25.66197023,0,1,1,0,0.01,25.1874833,1,0.0225,25.1874833,0,1.2,25.1874833
